Request TimeStamp,Request Target,Request Data,Response TimeStamp,Response Source,Response Data,Communication Error
0.00000s,FuncGroup-0x700,10 03 (2 Bytes),0.00855s,Suzuki_SLP1,50 03 00 32 01 F4 (6 Bytes)
0.10072s,FuncGroup-0x700,85 02 00 (3 Bytes),0.10856s,Suzuki_SLP1,C5 02 (2 Bytes)
0.20221s,FuncGroup-0x700,28 03 01 (3 Bytes),0.20856s,Suzuki_SLP1,68 03 (2 Bytes)
0.26476s,Suzuki SLP1,10 02 (2 Bytes),2.08743s,Suzuki SLP1,50 02 00 32 01 F4 (6 Bytes)
2.11119s,Suzuki SLP1,27 01 (2 Bytes),2.11494s,Suzuki SLP1,67 01 C0 BD 9B 96 77 89 A9 0F B3 3E 2D 14 49 43 94 B5 (18 Bytes)
2.13787s,Suzuki SLP1,27 02 3F 42 64 69 88 76 56 F0 4C C1 D2 EB B6 BC 6B 4A (18 Bytes),2.13837s,Suzuki SLP1,67 02 (2 Bytes)
2.14424s,Suzuki SLP1,2E F1 98 00 11 22 33 44 55 66 77 88 99 (13 Bytes),2.14651s,Suzuki SLP1,6E F1 98 (3 Bytes)
2.14932s,Suzuki SLP1,2E F1 99 20 26 08 16 (7 Bytes),2.15096s,Suzuki SLP1,6E F1 99 (3 Bytes)
2.16472s,Suzuki SLP1,31 01 FF 00 00 (5 Bytes),43.98252s,Suzuki SLP1,71 01 FF 00 (4 Bytes)
3.91906s,FuncGroup-0x700,3E 80 (2 Bytes),,,
7.91967s,FuncGroup-0x700,3E 80 (2 Bytes),,,
11.92008s,FuncGroup-0x700,3E 80 (2 Bytes),,,
15.92068s,FuncGroup-0x700,3E 80 (2 Bytes),,,
19.92201s,FuncGroup-0x700,3E 80 (2 Bytes),,,
23.92269s,FuncGroup-0x700,3E 80 (2 Bytes),,,
27.92328s,FuncGroup-0x700,3E 80 (2 Bytes),,,
31.92390s,FuncGroup-0x700,3E 80 (2 Bytes),,,
35.92472s,FuncGroup-0x700,3E 80 (2 Bytes),,,
39.92532s,FuncGroup-0x700,3E 80 (2 Bytes),,,
43.92590s,FuncGroup-0x700,3E 80 (2 Bytes),,,
44.11330s,Suzuki SLP1,34 00 45 00 00 1A A0 00 00 60 5F 80 (12 Bytes),44.11359s,Suzuki SLP1,74 20 0F FF (4 Bytes)
44.28430s,Suzuki SLP1,36 01 4A 65 E9 EC 90 DD 03 34 02 00 00 00 20 A0 1A 00 F2 F0 0A 00 00 10 03 34 00 00 00 00 … (4095 Bytes),44.29042s,Suzuki SLP1,76 01 (2 Bytes)
44.45710s,Suzuki SLP1,36 02 00 00 00 00 00 00 00 00 00 00 00 00 00 00 00 00 00 00 00 00 00 00 00 00 00 00 00 00 … (4095 Bytes),44.46282s,Suzuki SLP1,76 02 (2 Bytes)
44.62348s,Suzuki SLP1,36 03 00 00 00 00 00 00 00 00 00 00 00 00 00 00 00 00 00 00 00 00 00 00 00 00 00 00 00 00 … (4095 Bytes),44.62989s,Suzuki SLP1,76 03 (2 Bytes)
44.79456s,Suzuki SLP1,36 04 00 00 00 00 00 00 00 00 00 00 00 00 00 00 00 00 00 00 00 00 00 00 00 00 00 00 00 00 … (4095 Bytes),44.80026s,Suzuki SLP1,76 04 (2 Bytes)
44.95768s,Suzuki SLP1,36 05 00 00 00 00 00 00 00 00 00 00 00 00 00 00 00 00 00 00 00 00 00 00 00 00 00 00 00 00 … (4095 Bytes),44.96338s,Suzuki SLP1,76 05 (2 Bytes)
45.11838s,Suzuki SLP1,36 06 F3 4F 8F 30 68 44 68 01 94 54 44 2C 44 84 61 4F F0 01 0A B3 E7 FC 69 14 3C 1C BF B4 … (4095 Bytes),45.12408s,Suzuki SLP1,76 06 (2 Bytes)
45.28172s,Suzuki SLP1,36 07 BD 43 C6 E9 02 45 01 9C 84 F3 11 88 BF F3 4F 8F 00 25 28 46 05 B0 F0 BD 10 B5 0D 28 … (4095 Bytes),45.28743s,Suzuki SLP1,76 07 (2 Bytes)
45.44249s,Suzuki SLP1,36 08 FE 95 F8 3D 00 00 28 07 D0 2F 6B 03 E0 C8 38 0D 34 9C 41 0D 34 87 EC 10 8A DF F8 68 … (4095 Bytes),45.44859s,Suzuki SLP1,76 08 (2 Bytes)
45.60313s,Suzuki SLP1,36 09 00 F0 69 81 30 68 A8 42 18 BF 40 F6 05 10 40 F0 62 81 A8 68 01 28 0C BF 4F F0 01 0B … (4095 Bytes),45.60924s,Suzuki SLP1,76 09 (2 Bytes)
45.76792s,Suzuki SLP1,36 0A 69 C9 69 A8 68 6A 68 C1 F8 88 00 60 68 11 46 FD F7 91 FA 05 9C 84 F3 11 88 BF F3 4F … (4095 Bytes),45.77402s,Suzuki SLP1,76 0A (2 Bytes)
45.93064s,Suzuki SLP1,36 0B FB F7 DF FD E0 B2 06 B0 70 BD B0 63 0B 34 70 B5 86 B0 04 46 0D 46 FC F7 30 F8 06 1E … (4095 Bytes),45.93632s,Suzuki SLP1,76 0B (2 Bytes)
46.09110s,Suzuki SLP1,36 0C 34 77 78 03 34 77 78 03 34 77 78 03 34 77 78 03 34 77 78 03 34 77 78 03 34 77 78 03 … (4095 Bytes),46.09680s,Suzuki SLP1,76 0C (2 Bytes)
46.25402s,Suzuki SLP1,36 0D BC 00 08 60 70 47 00 BF F0 C0 10 40 01 49 FF 20 08 60 70 47 F4 C0 10 40 10 B5 0A 4B … (4095 Bytes),46.25977s,Suzuki SLP1,76 0D (2 Bytes)
46.41426s,Suzuki SLP1,36 0E F0 15 FD C0 F3 80 30 0F 90 0F A8 59 F0 38 F9 11 B0 30 BD 30 B5 85 B0 15 F0 61 FB 00 … (4095 Bytes),46.41998s,Suzuki SLP1,76 0E (2 Bytes)
46.57602s,Suzuki SLP1,36 0F 06 E0 00 27 40 F2 6D 22 09 21 38 46 04 F0 2F F8 38 46 25 B0 F0 BD 00 00 00 00 F0 B5 … (4095 Bytes),46.58266s,Suzuki SLP1,76 0F (2 Bytes)
46.73524s,Suzuki SLP1,36 10 46 16 46 04 1E 00 F0 AC 80 00 29 00 F0 A9 80 00 2A 00 F0 A6 80 4F F4 7E 72 68 46 00 … (4095 Bytes),46.74095s,Suzuki SLP1,76 10 (2 Bytes)
46.89523s,Suzuki SLP1,36 11 70 32 01 E1 84 4E B5 42 01 D9 74 32 FC E0 1D 89 24 18 0A 2D 01 D2 78 32 F6 E0 4F F6 … (4095 Bytes),46.90093s,Suzuki SLP1,76 11 (2 Bytes)
47.05734s,Suzuki SLP1,36 12 F9 05 F0 00 FC 04 43 E4 B2 00 2C 46 D1 68 6B B0 62 28 6B F0 62 68 6C 30 63 28 6C 70 … (4095 Bytes),47.06307s,Suzuki SLP1,76 12 (2 Bytes)
47.21695s,Suzuki SLP1,36 13 80 3B 8C E9 0B 34 B0 EE 49 1A F0 EE 48 0A F7 46 B0 EE 49 3A F0 EE 68 2A DD ED 03 1A … (4095 Bytes),47.22269s,Suzuki SLP1,76 13 (2 Bytes)
47.37995s,Suzuki SLP1,36 14 31 5B F0 D7 F8 28 68 68 B9 E0 70 07 21 02 E0 E1 70 06 21 00 20 FF F7 A7 F8 04 E0 40 … (4095 Bytes),47.38567s,Suzuki SLP1,76 14 (2 Bytes)
47.53931s,Suzuki SLP1,36 15 44 00 02 F0 8C FC 84 ED 7B 0A 3A F0 A5 F8 B0 69 02 F0 91 FC 84 ED 7E 0A 3A F0 9E F8 … (4095 Bytes),47.54504s,Suzuki SLP1,76 15 (2 Bytes)
47.69895s,Suzuki SLP1,36 16 D2 01 30 28 70 04 E0 4F F4 B1 62 04 21 01 F0 96 FC 34 BD 70 B5 41 B3 3A B3 30 B3 90 … (4095 Bytes),47.70465s,Suzuki SLP1,76 16 (2 Bytes)
47.86103s,Suzuki SLP1,36 17 95 ED 02 0A 00 F0 1D FC F8 80 29 7C 79 72 69 7C 09 9A 21 72 4A B1 30 46 40 F0 B1 F8 … (4095 Bytes),47.86673s,Suzuki SLP1,76 17 (2 Bytes)
48.02131s,Suzuki SLP1,36 18 B2 01 F0 1F 03 53 EA 42 13 F7 46 BC EE C0 1A 11 EE 10 1A F7 46 59 0B 5A 09 D2 B2 52 … (4095 Bytes),48.02706s,Suzuki SLP1,76 18 (2 Bytes)
48.02354s,FuncGroup-0x700,3E 80 (2 Bytes),,,
48.18477s,Suzuki SLP1,36 19 6F 0A 06 E0 DF ED 6E 0A 57 F0 46 FF 88 BF B0 EE 60 0A DF ED 6C 0A 70 EE 20 0A 60 EE … (4095 Bytes),48.19098s,Suzuki SLP1,76 19 (2 Bytes)
48.34449s,Suzuki SLP1,36 1A 46 30 F0 70 40 50 EA 03 70 F7 46 80 5B 00 EE 10 0A F7 46 00 F4 40 73 C0 B2 03 43 63 … (4095 Bytes),48.35096s,Suzuki SLP1,76 1A (2 Bytes)
48.50520s,Suzuki SLP1,36 1B 31 01 F7 46 32 32 31 F0 70 41 51 EA 02 71 F7 46 70 B5 9E B0 04 46 08 22 1C A8 00 F0 … (4095 Bytes),48.51131s,Suzuki SLP1,76 1B (2 Bytes)
48.66960s,Suzuki SLP1,36 1C 20 70 47 10 B5 86 B0 04 46 08 22 04 A8 00 21 52 F0 D2 FD 04 A8 00 F0 06 F8 FB F7 40 … (4095 Bytes),48.67530s,Suzuki SLP1,76 1C (2 Bytes)
48.82977s,Suzuki SLP1,36 1D 02 E0 02 28 FB D1 04 21 08 46 70 47 01 1E 28 D0 00 79 01 28 10 D1 4A 79 01 2A 0D D1 … (4095 Bytes),48.83548s,Suzuki SLP1,76 1D (2 Bytes)
48.98975s,Suzuki SLP1,36 1E FC F7 E7 4D F8 08 ED 01 48 08 F0 47 F9 F1 E7 7C FD 0C 34 4D F8 08 ED 01 48 37 F0 2F … (4095 Bytes),48.99547s,Suzuki SLP1,76 1E (2 Bytes)
49.15238s,Suzuki SLP1,36 1F 04 43 19 A8 2E F0 BF FB 04 43 1A A8 38 F0 15 F9 04 43 1B A8 2F F0 1D F8 04 43 1C A8 … (4095 Bytes),49.15809s,Suzuki SLP1,76 1F (2 Bytes)
49.31235s,Suzuki SLP1,36 20 B0 F0 BD 00 00 FF C9 9A 3B 00 CA 9A 3B 10 B5 04 46 88 1C 11 46 FF 22 01 23 06 F0 87 … (4095 Bytes),49.31807s,Suzuki SLP1,76 20 (2 Bytes)
49.47463s,Suzuki SLP1,36 21 32 80 42 73 73 78 83 73 5C B1 08 4C 23 68 1B 68 10 0A 53 F8 30 30 D0 B2 13 EB C0 00 … (4095 Bytes),49.48024s,Suzuki SLP1,76 21 (2 Bytes)
49.63448s,Suzuki SLP1,36 22 01 51 F8 22 10 08 BA 13 EB 82 01 01 32 D2 B2 88 60 03 BC BA 42 F1 D3 4F F0 80 52 B2 … (4095 Bytes),49.64022s,Suzuki SLP1,76 22 (2 Bytes)
49.79381s,Suzuki SLP1,36 23 C8 FC 00 28 51 D1 DF ED 2C 0A 60 1E 0F 28 50 D8 01 A1 D1 E8 00 F0 08 1A 1E 2E 32 3E … (4095 Bytes),49.79950s,Suzuki SLP1,76 23 (2 Bytes)
49.95659s,Suzuki SLP1,36 24 FF 02 DA 40 F2 52 22 0A E2 F3 EE 04 2A 1C F0 90 FF 02 D9 40 F2 56 22 02 E2 D4 ED 02 … (4095 Bytes),49.96228s,Suzuki SLP1,76 24 (2 Bytes)
50.11613s,Suzuki SLP1,36 25 A9 FE 00 F0 7B F9 00 F0 45 FE 00 F0 97 F9 C0 46 C0 46 03 49 01 20 08 70 70 BD 00 00 … (4095 Bytes),50.12204s,Suzuki SLP1,76 25 (2 Bytes)
50.27960s,Suzuki SLP1,36 26 00 40 78 32 B1 09 49 08 5C 14 28 14 BF 01 20 00 20 05 E0 06 49 08 5C 14 28 14 BF 01 … (4095 Bytes),50.28533s,Suzuki SLP1,76 26 (2 Bytes)
50.44003s,Suzuki SLP1,36 27 10 00 B8 80 07 20 04 21 2A 46 05 F0 72 F9 F4 BD 00 00 70 6F 0D 34 F0 B5 89 B0 06 46 … (4095 Bytes),50.44573s,Suzuki SLP1,76 27 (2 Bytes)
50.60073s,Suzuki SLP1,36 28 78 22 28 08 D2 7C 4A 0C 21 01 FB 00 20 80 88 28 B9 00 F0 2C FC 02 E0 03 F0 91 FD 00 … (4095 Bytes),50.60648s,Suzuki SLP1,76 28 (2 Bytes)
50.76355s,Suzuki SLP1,36 29 14 F1 0F 00 60 61 E5 72 03 20 A0 83 04 20 A0 73 34 BD 10 B5 09 4C 20 78 FF 28 03 D1 … (4095 Bytes),50.76970s,Suzuki SLP1,76 29 (2 Bytes)
50.92449s,Suzuki SLP1,36 2A B9 15 70 05 78 02 2D 06 D1 01 24 16 E0 15 78 01 2D F7 D1 1C 46 11 E0 09 4D AE 78 3E … (4095 Bytes),50.93101s,Suzuki SLP1,76 2A (2 Bytes)
51.08891s,Suzuki SLP1,36 2B 46 E1 13 21 06 98 01 24 01 70 41 E1 14 F1 58 06 31 78 00 F0 50 F9 22 B1 FD F7 9D FC … (4095 Bytes),51.09459s,Suzuki SLP1,76 2B (2 Bytes)
51.25210s,Suzuki SLP1,36 2C 21 14 EB C0 00 21 B1 FC F7 A7 FC 06 F0 29 FF 20 46 40 79 2C 18 0E 4D 04 2C 2C BF 01 … (4095 Bytes),51.25785s,Suzuki SLP1,76 2C (2 Bytes)
51.41270s,Suzuki SLP1,36 2D 08 B9 07 2A 1B D0 21 46 01 98 FF F7 71 FE 01 90 F8 B2 41 28 01 9A 02 D3 FF F7 6C FF … (4095 Bytes),51.41842s,Suzuki SLP1,76 2D (2 Bytes)
51.57564s,Suzuki SLP1,36 2E 86 0D 34 04 86 0D 34 02 86 0D 34 EC 85 0D 34 FB 85 0D 34 1B 47 0B 34 DC 88 0D 34 DC … (4095 Bytes),51.58248s,Suzuki SLP1,76 2E (2 Bytes)
51.73570s,Suzuki SLP1,36 2F 08 ED FE F7 6A FE FE F7 74 FE 5D F8 08 FB 06 49 4F F4 82 72 88 58 C0 B2 02 28 01 D3 … (4095 Bytes),51.74206s,Suzuki SLP1,76 2F (2 Bytes)
51.89560s,Suzuki SLP1,36 30 11 1C 48 FD F7 30 FE 01 E0 08 37 7E 55 32 46 21 46 28 46 FF F7 61 FE 28 46 FF F7 C0 … (4095 Bytes),51.90202s,Suzuki SLP1,76 30 (2 Bytes)
52.05817s,Suzuki SLP1,36 31 00 21 01 F0 35 FF 09 E0 0A 00 18 BF 01 22 11 23 00 2A F3 D0 03 4A 10 5C 00 24 08 70 … (4095 Bytes),52.06390s,Suzuki SLP1,76 31 (2 Bytes)
52.06040s,FuncGroup-0x700,3E 80 (2 Bytes),,,
52.21880s,Suzuki SLP1,36 32 2A 00 F0 81 81 A3 4E 31 78 01 AD 29 70 71 78 69 70 28 78 04 28 00 F2 77 81 01 A1 D1 … (4095 Bytes),52.22452s,Suzuki SLP1,76 32 (2 Bytes)
52.38155s,Suzuki SLP1,36 33 00 98 B0 F1 5A 3F 14 D1 01 A8 FF F7 82 FF 10 B9 01 20 20 60 0D E0 02 20 20 60 2B 46 … (4095 Bytes),52.38728s,Suzuki SLP1,76 33 (2 Bytes)
52.54172s,Suzuki SLP1,36 34 D0 FF 21 01 22 3A F0 FB FD 04 E0 40 F6 8F 31 00 20 00 F0 77 FA EA F7 0E B8 10 B5 0C … (4095 Bytes),52.54751s,Suzuki SLP1,76 34 (2 Bytes)
52.70193s,Suzuki SLP1,36 35 10 EA 05 01 08 D0 20 46 00 F0 0C F8 30 68 A8 43 30 60 03 4E 30 68 08 B1 01 3C EE D2 … (4095 Bytes),52.70815s,Suzuki SLP1,76 35 (2 Bytes)
52.86492s,Suzuki SLP1,36 36 EE 6E 9A F0 EE 6E 9A 07 98 01 30 0A 99 07 90 88 42 FF F4 D5 AE 05 98 42 1C 01 9B 18 … (4095 Bytes),52.87113s,Suzuki SLP1,76 36 (2 Bytes)
53.02571s,Suzuki SLP1,36 37 AE 40 B1 43 AB 40 19 43 11 54 01 34 50 2C D7 D9 01 24 00 F0 0C F8 00 B1 14 B1 02 48 … (4095 Bytes),53.03544s,Suzuki SLP1,76 37 (2 Bytes)
53.19005s,Suzuki SLP1,36 38 20 FE F7 9B FF 20 46 10 BD 10 B5 01 24 0E 49 10 B1 0C 70 00 24 15 E0 0D 4B 08 70 1A … (4095 Bytes),53.19576s,Suzuki SLP1,76 38 (2 Bytes)
53.35250s,Suzuki SLP1,36 39 00 90 0C CD 30 68 FF F7 2B FC 36 E0 01 F0 1C FD 01 94 00 95 30 48 0C C8 30 68 FF F7 … (4095 Bytes),53.35823s,Suzuki SLP1,76 39 (2 Bytes)
53.51222s,Suzuki SLP1,36 3A 3A C0 ED 00 4A 43 EE 40 0A C1 ED 00 0A 10 46 70 47 00 00 00 00 1C 42 00 00 A0 42 CD … (4095 Bytes),53.51799s,Suzuki SLP1,76 3A (2 Bytes)
53.67416s,Suzuki SLP1,36 3B 02 F0 84 FB 21 EE 01 0A 00 EE A0 0A B0 EE 6A 2A 17 F0 0B FD 01 DD B1 EE C0 2A 0C 98 … (4095 Bytes),53.67989s,Suzuki SLP1,76 3B (2 Bytes)
53.83444s,Suzuki SLP1,36 3C D1 5A 20 21 E0 00 68 1F 28 01 D9 5F 20 1C E0 60 68 07 28 01 D9 64 20 17 E0 A0 68 07 … (4095 Bytes),53.84017s,Suzuki SLP1,76 3C (2 Bytes)
53.99409s,Suzuki SLP1,36 3D 18 52 0C 34 22 52 0C 34 23 52 0C 34 1A 52 0C 34 1E 52 0C 34 27 52 0C 34 25 52 0C 34 … (4095 Bytes),53.99983s,Suzuki SLP1,76 3D (2 Bytes)
54.15718s,Suzuki SLP1,36 3E F0 A4 FB 12 93 0E 99 10 90 28 46 00 F0 22 FB 80 4A 14 90 10 78 00 28 00 F0 8D 80 7A … (4095 Bytes),54.16298s,Suzuki SLP1,76 3E (2 Bytes)
54.31614s,Suzuki SLP1,36 3F 03 90 90 69 04 90 98 69 05 90 28 69 06 90 B0 69 07 90 03 A8 00 F0 54 F8 FB F7 31 FA … (4095 Bytes),54.32208s,Suzuki SLP1,76 3F (2 Bytes)
54.47850s,Suzuki SLP1,36 40 F0 15 F8 96 ED 02 0A FB F7 12 FA 01 D9 01 22 2A 77 D6 ED 03 2A B0 EE E2 1A B4 EE 68 … (4095 Bytes),54.48424s,Suzuki SLP1,76 40 (2 Bytes)
54.63850s,Suzuki SLP1,36 41 00 F0 9C 80 00 2D 00 F0 99 80 20 78 00 F0 F1 00 20 70 17 F1 24 06 31 7A 11 F0 02 0F … (4095 Bytes),54.64423s,Suzuki SLP1,76 41 (2 Bytes)
54.79693s,Suzuki SLP1,36 42 20 0D E0 00 26 35 46 F7 F7 39 FA FF F7 DA FF F7 F7 3C FA F8 D3 7C 20 03 2E 01 D1 00 … (4095 Bytes),54.80268s,Suzuki SLP1,76 42 (2 Bytes)
54.95794s,Suzuki SLP1,36 43 01 DC 90 8B 1E E0 D0 ED 42 2A 11 1D B4 EE 62 0A F1 EE 10 FA 0C D2 92 8B C8 8A 82 42 … (4095 Bytes),54.96369s,Suzuki SLP1,76 43 (2 Bytes)
55.11690s,Suzuki SLP1,36 44 34 88 5B 0C 34 30 5C 0C 34 00 00 7A 44 6F 12 83 3A E0 60 0C 34 88 5E 0C 34 A8 5C 0C … (4095 Bytes),55.12268s,Suzuki SLP1,76 44 (2 Bytes)
55.27928s,Suzuki SLP1,36 45 F3 F7 1A F9 1D D2 93 ED 22 2A 1A F0 CB FA 13 E0 40 2A 03 D1 C0 5D 80 07 80 0F 18 E0 … (4095 Bytes),55.28502s,Suzuki SLP1,76 45 (2 Bytes)
55.43836s,Suzuki SLP1,36 46 2A 2B EE 23 BA 0B EE 21 2A D2 ED 0C 4A B0 EE E4 1A 32 EE 01 BA B4 EE 41 BA F1 EE 10 … (4095 Bytes),55.44410s,Suzuki SLP1,76 46 (2 Bytes)
55.59896s,Suzuki SLP1,36 47 21 6B 52 89 E8 1B 01 23 B0 FB F2 F0 03 22 03 F0 BF FD 00 22 04 21 20 6B 03 F0 AA FD … (4095 Bytes),55.60474s,Suzuki SLP1,76 47 (2 Bytes)
55.76221s,Suzuki SLP1,36 48 BD F0 B5 83 B0 06 46 00 24 FF F7 B8 FB 07 46 30 8A 17 E0 01 78 2A 46 68 46 00 F0 86 … (4095 Bytes),55.76835s,Suzuki SLP1,76 48 (2 Bytes)
55.92336s,Suzuki SLP1,36 49 60 68 00 78 FF F7 7A FF 20 46 FF F7 A3 FE 28 B1 05 48 20 60 20 46 FF F7 80 FE 03 E0 … (4095 Bytes),55.92952s,Suzuki SLP1,76 49 (2 Bytes)
56.08801s,Suzuki SLP1,36 4A 8D 0D 34 10 B5 42 68 04 46 D1 69 10 7A FD F7 7B FB 64 68 03 4B 02 46 E1 69 20 7A FD … (4095 Bytes),56.09394s,Suzuki SLP1,76 4A (2 Bytes)
56.08950s,FuncGroup-0x700,3E 80 (2 Bytes),,,
56.25145s,Suzuki SLP1,36 4B 0D 34 10 B5 04 46 FC F7 BC FD 01 28 05 D1 04 48 20 60 20 46 FF F7 D2 FE 02 E0 20 46 … (4095 Bytes),56.25716s,Suzuki SLP1,76 4B (2 Bytes)
56.41332s,Suzuki SLP1,36 4C 34 21 C0 07 34 30 B5 2D ED 02 8B 8D B0 9F ED 43 8A 90 ED 01 0A 30 EE 08 0A 00 F0 C6 … (4095 Bytes),56.41901s,Suzuki SLP1,76 4C (2 Bytes)
56.57824s,Suzuki SLP1,36 4D DC 61 0C 34 BF F3 5F 8F DF F8 10 10 91 F8 80 24 00 2A 16 D0 00 28 16 D0 02 E0 00 BF … (4095 Bytes),56.58392s,Suzuki SLP1,76 4D (2 Bytes)
56.73710s,Suzuki SLP1,36 4E F3 5F 8F DF F8 0C 10 0A 7A 00 68 41 F8 22 00 02 E0 00 BF C0 24 00 34 BF F3 5F 8F 08 … (4095 Bytes),56.74322s,Suzuki SLP1,76 4E (2 Bytes)
56.89627s,Suzuki SLP1,36 4F 37 4A 00 1B 37 CA 04 B5 2D ED 04 8B DF ED 29 9A F0 EE 60 8A B0 EE 40 9A B0 EE 69 8A … (4095 Bytes),56.90212s,Suzuki SLP1,76 4F (2 Bytes)
57.05854s,Suzuki SLP1,36 50 B1 01 68 51 B9 90 F8 2F 10 39 B1 05 4A D1 7B 21 B9 03 21 C1 61 80 8D 00 21 CA E7 70 … (4095 Bytes),57.06419s,Suzuki SLP1,76 50 (2 Bytes)
57.21908s,Suzuki SLP1,36 51 02 49 88 79 50 F0 01 00 88 71 70 47 D0 82 0D 34 34 B5 12 4C 20 68 C1 69 11 4D 41 B1 … (4095 Bytes),57.22485s,Suzuki SLP1,76 51 (2 Bytes)
57.38217s,Suzuki SLP1,36 52 00 C0 5B 11 EB C0 01 C8 88 8A 88 01 30 C8 80 C8 88 90 42 02 D3 20 46 09 68 88 47 01 … (4095 Bytes),57.38825s,Suzuki SLP1,76 52 (2 Bytes)
57.54214s,Suzuki SLP1,36 53 28 6C 69 6C 20 64 61 64 A8 6C E9 6C A0 64 E1 64 A8 68 E9 68 A0 60 E1 60 A8 69 1C 22 … (4095 Bytes),57.54825s,Suzuki SLP1,76 53 (2 Bytes)
57.70284s,Suzuki SLP1,36 54 FA F7 46 74 46 FF F7 EE FF 01 DD B1 EE E5 8A E6 F7 81 F9 A7 46 C1 ED 00 4A 82 ED 00 … (4095 Bytes),57.70940s,Suzuki SLP1,76 54 (2 Bytes)
57.86641s,Suzuki SLP1,36 55 AD F8 0C 10 01 A9 10 E0 09 B1 0D 68 25 B9 09 21 80 20 FF F7 95 FF 0B E0 52 78 9B 68 … (4095 Bytes),57.87266s,Suzuki SLP1,76 55 (2 Bytes)
58.02807s,Suzuki SLP1,36 56 23 19 46 DC F7 6C FF 27 E0 04 28 0A D9 0E 22 14 48 05 23 00 21 DC F7 63 FF 0E 20 05 … (4095 Bytes),58.03534s,Suzuki SLP1,76 56 (2 Bytes)
58.19062s,Suzuki SLP1,36 57 9B E7 F4 8B 0C 34 10 B5 04 46 B3 F7 63 FF 90 22 21 46 00 48 91 E7 84 8C 0C 34 10 B5 … (4095 Bytes),58.19635s,Suzuki SLP1,76 57 (2 Bytes)
58.35365s,Suzuki SLP1,36 58 A9 14 20 CE F7 0E FA 04 46 FF F7 FF FD 03 D1 01 A9 1C 20 05 F0 7C F8 CC F7 10 BE 00 … (4095 Bytes),58.35941s,Suzuki SLP1,76 58 (2 Bytes)
58.51462s,Suzuki SLP1,36 59 0D F1 07 01 51 20 CD F7 0E FA 04 46 FE F7 FF FD 04 D1 0D F1 07 01 65 20 04 F0 7B F8 … (4095 Bytes),58.52037s,Suzuki SLP1,76 59 (2 Bytes)
58.67801s,Suzuki SLP1,36 5A 48 1A E6 50 86 00 20 00 48 78 E6 50 86 00 20 34 B5 05 46 00 24 B0 F7 62 FF 40 F2 14 … (4095 Bytes),58.68378s,Suzuki SLP1,76 5A (2 Bytes)
58.83808s,Suzuki SLP1,36 5B 02 F0 90 F8 06 D1 00 90 69 46 CD 20 CB F7 26 FA 00 99 29 60 FF F7 DC F8 04 D1 01 96 … (4095 Bytes),58.84383s,Suzuki SLP1,76 5B (2 Bytes)
58.99938s,Suzuki SLP1,36 5C 7A 00 B9 85 24 03 49 C8 79 FE F7 42 B8 84 86 00 20 02 87 00 20 D4 85 00 20 10 B5 04 … (4095 Bytes),59.00514s,Suzuki SLP1,76 5C (2 Bytes)
59.16386s,Suzuki SLP1,36 5D AE F7 80 F8 02 A9 0B 20 AE F7 5E F8 02 9A 02 F0 0F 00 00 21 AE F7 3E F8 02 98 C0 07 … (4095 Bytes),59.17010s,Suzuki SLP1,76 5D (2 Bytes)
59.32461s,Suzuki SLP1,36 5E F0 81 FE 02 A9 88 78 4A 78 52 EA 00 20 0A 78 52 EA 00 20 FF F7 25 FC 03 98 30 F0 7F … (4095 Bytes),59.33105s,Suzuki SLP1,76 5E (2 Bytes)
59.48881s,Suzuki SLP1,36 5F E1 DC 94 ED 08 4A F4 EE 44 5A F1 EE 10 FA D3 DA 10 70 D4 ED 0B 1A 00 F0 1A F8 C3 DA … (4095 Bytes),59.49456s,Suzuki SLP1,76 5F (2 Bytes)
59.65105s,Suzuki SLP1,36 60 D9 91 ED 00 1A 01 EE 90 0A 70 EE 41 0A F8 EE 61 1A C0 EE A1 0A 31 EE 20 0A 81 ED 00 … (4095 Bytes),59.65682s,Suzuki SLP1,76 60 (2 Bytes)
59.81086s,Suzuki SLP1,36 61 C5 5A DF ED 1B 0A 25 EE 23 5A B2 EE 04 0A 65 EE 20 0A 0F F0 B8 FA 03 99 9F ED 16 8A … (4095 Bytes),59.81660s,Suzuki SLP1,76 61 (2 Bytes)
59.97316s,Suzuki SLP1,36 62 98 1C 30 01 F0 75 F9 0C 9A 38 46 1C 32 14 F5 11 71 0D 46 01 F0 42 FA 28 46 02 AD 0D … (4095 Bytes),59.97886s,Suzuki SLP1,76 62 (2 Bytes)
60.13289s,Suzuki SLP1,36 63 01 28 07 D3 02 28 03 D9 0E 28 03 D3 10 28 01 D8 01 20 00 E0 00 20 70 47 70 B5 2D ED … (4095 Bytes),60.13876s,Suzuki SLP1,76 63 (2 Bytes)
60.13829s,FuncGroup-0x700,3E 80 (2 Bytes),,,
60.29254s,Suzuki SLP1,36 64 34 78 85 0D 34 70 B5 00 24 0E 46 05 46 00 F0 2C F8 08 B3 31 46 28 46 FF F7 07 FF 10 … (4095 Bytes),60.29830s,Suzuki SLP1,76 64 (2 Bytes)
60.45456s,Suzuki SLP1,36 65 9F 51 F6 18 77 60 37 81 66 01 77 50 76 18 77 60 11 EB 44 16 37 81 72 4F E6 00 00 21 … (4095 Bytes),60.46029s,Suzuki SLP1,76 65 (2 Bytes)
60.61462s,Suzuki SLP1,36 66 D6 0B 34 01 49 CE F7 D9 BD 00 00 30 9A 0C 34 00 B5 87 B0 68 46 06 21 0B F0 DB FA 68 … (4095 Bytes),60.62034s,Suzuki SLP1,76 66 (2 Bytes)
60.77813s,Suzuki SLP1,36 67 40 FA 08 F0 F4 FF 08 F0 E9 F9 01 E0 B0 EE 69 0A 86 ED 00 0A 00 20 06 B0 EC F7 E4 BF … (4095 Bytes),60.78392s,Suzuki SLP1,76 67 (2 Bytes)
60.93712s,Suzuki SLP1,36 68 FA 04 43 69 46 03 31 02 20 BE F7 3B FA 04 43 07 D1 6A 46 01 AB D2 78 59 88 18 88 00 … (4095 Bytes),60.94324s,Suzuki SLP1,76 68 (2 Bytes)
61.09637s,Suzuki SLP1,36 69 88 71 C8 71 C8 85 08 86 08 72 48 86 14 90 15 90 48 72 88 87 C8 87 48 31 08 80 17 90 … (4095 Bytes),61.10238s,Suzuki SLP1,76 69 (2 Bytes)
61.25886s,Suzuki SLP1,36 6A 72 06 48 00 21 04 F0 4C FE 05 4B 00 20 18 70 04 4B CA F7 31 BC 00 00 00 A1 0C 34 08 … (4095 Bytes),61.26470s,Suzuki SLP1,76 6A (2 Bytes)
61.41934s,Suzuki SLP1,36 6B 00 21 C7 F7 8C FF B3 F7 68 B8 38 A2 0C 34 0A 49 08 68 01 28 04 D1 09 49 08 68 01 28 … (4095 Bytes),61.42511s,Suzuki SLP1,76 6B (2 Bytes)
61.58188s,Suzuki SLP1,36 6C 30 0A 28 EE D3 70 47 00 00 0C 7E 0B 34 E8 A2 0C 34 8C A3 0C 34 05 4A 02 20 10 60 05 … (4095 Bytes),61.58812s,Suzuki SLP1,76 6C (2 Bytes)
61.74241s,Suzuki SLP1,36 6D 34 BD C1 69 29 B1 01 6A 19 B1 41 6A 09 B1 80 6A 08 B9 02 48 00 E0 00 20 70 47 00 00 … (4095 Bytes),61.74860s,Suzuki SLP1,76 6D (2 Bytes)
61.90317s,Suzuki SLP1,36 6E 78 60 F3 41 02 CA 70 0F 21 28 46 9D F8 07 20 FF F7 48 FB 04 46 FF F7 C2 BD 10 B5 82 … (4095 Bytes),61.90959s,Suzuki SLP1,76 6E (2 Bytes)
62.06831s,Suzuki SLP1,36 6F 46 F2 88 50 C3 F2 0D 40 00 EB 07 09 46 F2 88 50 C3 F2 0D 40 00 28 14 BF 38 44 48 46 … (4095 Bytes),62.07415s,Suzuki SLP1,76 6F (2 Bytes)
62.22902s,Suzuki SLP1,36 70 E0 01 20 00 F0 F9 BF 70 47 51 EC 10 0B 4A 00 00 B1 01 32 40 F2 00 00 CF F6 E0 70 82 … (4095 Bytes),62.23552s,Suzuki SLP1,76 70 (2 Bytes)
62.38966s,Suzuki SLP1,36 71 00 02 C3 F6 F0 72 00 21 2D ED 04 8B 42 EC 19 1B 40 F2 00 02 C4 F2 D0 12 B0 EE 40 5B … (4095 Bytes),62.39548s,Suzuki SLP1,76 71 (2 Bytes)
62.55279s,Suzuki SLP1,36 72 18 64 6B 01 30 02 28 9C 50 F8 D3 10 BD 00 00 40 4B 00 34 F0 B5 83 B0 14 4E 07 46 30 … (4095 Bytes),62.55850s,Suzuki SLP1,76 72 (2 Bytes)
62.71331s,Suzuki SLP1,36 73 53 F8 20 00 10 F4 80 6F 18 BF 10 BD 00 BE FD E7 10 B5 1E 48 01 78 C1 BB 1E 4C 01 21 … (4095 Bytes),62.71909s,Suzuki SLP1,76 73 (2 Bytes)
62.87646s,Suzuki SLP1,36 74 10 DF F8 40 20 4F F6 EB 40 21 65 62 65 A0 65 30 20 E0 63 40 F2 EE 20 20 64 4B F2 FF … (4095 Bytes),62.88287s,Suzuki SLP1,76 74 (2 Bytes)
63.03639s,Suzuki SLP1,36 75 01 46 04 20 00 F0 1E FA 01 24 16 E0 28 6A 00 28 FA D0 32 46 03 99 04 F0 4A FC 01 E0 … (4095 Bytes),63.04234s,Suzuki SLP1,76 75 (2 Bytes)
63.19610s,Suzuki SLP1,36 76 22 10 9F 08 70 4F 70 52 6B 0E 9E 0A 61 00 22 CA 70 41 9B 08 9A 07 99 1B 68 B2 58 12 … (4095 Bytes),63.20236s,Suzuki SLP1,76 76 (2 Bytes)
63.35880s,Suzuki SLP1,36 77 00 F0 7A 81 11 2E 46 D3 00 F0 11 81 13 2E 00 F0 B7 81 80 2E 03 D0 81 2E 7F F4 11 AE … (4095 Bytes),63.36450s,Suzuki SLP1,76 77 (2 Bytes)
63.51908s,Suzuki SLP1,36 78 B0 F0 BD 00 00 E4 D1 0B 34 9C D8 0B 34 7F D4 0B 34 86 D4 0B 34 5E D4 0B 34 75 D4 0B … (4095 Bytes),63.52478s,Suzuki SLP1,76 78 (2 Bytes)
63.68183s,Suzuki SLP1,36 79 18 22 14 31 38 60 38 1D F6 F7 6B F9 15 F1 3C 07 38 78 01 28 01 D0 02 28 27 D1 01 28 … (4095 Bytes),63.68799s,Suzuki SLP1,76 79 (2 Bytes)
63.84265s,Suzuki SLP1,36 7A 29 04 D0 4F F6 FF 72 0B B1 5A 1E 92 B2 A9 68 01 40 42 EA 01 00 DF F8 44 20 A8 60 94 … (4095 Bytes),63.84884s,Suzuki SLP1,76 7A (2 Bytes)
64.00368s,Suzuki SLP1,36 7B 01 43 D1 50 8D F7 CC F9 02 98 50 F8 25 00 10 F5 00 70 40 F8 24 70 F6 F7 BD BF 90 D9 … (4095 Bytes),64.01015s,Suzuki SLP1,76 7B (2 Bytes)
64.16901s,Suzuki SLP1,36 7C 68 10 EA 02 04 00 D0 4A 40 49 08 40 08 B0 F5 80 3F F6 D2 1A 60 10 BD 00 00 80 10 88 … (4095 Bytes),64.17470s,Suzuki SLP1,76 7C (2 Bytes)
64.17001s,FuncGroup-0x700,3E 80 (2 Bytes),,,
64.32933s,Suzuki SLP1,36 7D 01 D1 FF F7 9E FE 01 34 02 2C F2 D3 34 BD 34 B5 05 46 00 24 00 F0 41 F8 39 B1 41 78 … (4095 Bytes),64.33568s,Suzuki SLP1,76 7D (2 Bytes)
64.49050s,Suzuki SLP1,36 7E D0 DF F8 9C 00 A5 EB 0A 05 03 EB 0A 06 80 F8 00 A0 DF F8 90 00 02 21 FE F7 AD FC 07 … (4095 Bytes),64.49624s,Suzuki SLP1,76 7E (2 Bytes)
64.65289s,Suzuki SLP1,36 7F 56 F4 8E 46 16 53 0A 88 52 1C 0A 80 02 E0 04 4A 01 21 11 70 6D 1E 6D B2 00 2D E2 DA … (4095 Bytes),64.65863s,Suzuki SLP1,76 7F (2 Bytes)
64.81278s,Suzuki SLP1,36 80 F1 34 04 59 4E 59 4F 1A 00 02 D1 89 8E 61 80 30 E0 35 88 CD 86 53 F4 80 61 51 F0 05 … (4095 Bytes),64.81847s,Suzuki SLP1,76 80 (2 Bytes)
64.97788s,Suzuki SLP1,36 81 77 DC 0B 34 7D DC 0B 34 04 B5 02 28 01 D3 00 BE FD E7 DF F8 20 10 C0 EB 00 20 C0 EB … (4095 Bytes),64.98359s,Suzuki SLP1,76 81 (2 Bytes)
65.14243s,Suzuki SLP1,36 82 01 00 00 82 01 00 00 83 01 00 00 84 01 00 00 85 01 00 00 27 00 00 00 01 00 00 00 86 … (4095 Bytes),65.14893s,Suzuki SLP1,76 82 (2 Bytes)
65.30742s,Suzuki SLP1,36 83 04 34 02 04 00 00 49 C4 04 34 DD C6 04 34 14 04 00 00 D7 9F 04 34 51 A0 04 34 01 05 … (4095 Bytes),65.31344s,Suzuki SLP1,76 83 (2 Bytes)
65.47335s,Suzuki SLP1,36 84 3F 00 00 80 3F 00 00 80 3F 00 00 80 3F 00 00 80 3F 00 00 80 3F 00 00 80 3F 00 00 80 … (4095 Bytes),65.47909s,Suzuki SLP1,76 84 (2 Bytes)
65.64056s,Suzuki SLP1,36 85 00 00 00 00 64 00 00 00 AC 16 0C 34 98 50 0B 34 00 00 00 00 00 00 00 00 00 00 00 00 … (4095 Bytes),65.64631s,Suzuki SLP1,76 85 (2 Bytes)
65.80465s,Suzuki SLP1,36 86 00 00 00 D0 07 00 00 00 00 00 00 00 00 00 00 00 00 00 00 4F 00 00 00 23 12 12 FF 03 … (4095 Bytes),65.81108s,Suzuki SLP1,76 86 (2 Bytes)
65.96983s,Suzuki SLP1,36 87 D7 3F 34 BA AF BF 4A 26 3B BF B5 C6 D4 3F EA 78 E0 3F 9B 71 1A 3F E5 B3 2C 3E 57 76 … (4095 Bytes),65.97561s,Suzuki SLP1,76 87 (2 Bytes)
66.13456s,Suzuki SLP1,36 88 34 09 00 00 00 C5 BF 09 34 01 00 00 00 64 7E 0B 34 39 B1 09 34 E9 B1 09 34 5C 7E 0B … (4095 Bytes),66.14029s,Suzuki SLP1,76 88 (2 Bytes)
66.30191s,Suzuki SLP1,36 89 29 00 00 00 00 00 00 00 00 00 00 00 F4 01 00 00 01 00 00 00 00 1B B7 00 00 00 00 00 … (4095 Bytes),66.30810s,Suzuki SLP1,76 89 (2 Bytes)
66.47358s,Suzuki SLP1,36 8A 00 00 00 4C 9E 0B 34 64 00 01 00 02 00 01 00 03 00 09 00 46 00 01 00 38 00 01 00 36 … (4095 Bytes),66.47933s,Suzuki SLP1,76 8A (2 Bytes)
66.64161s,Suzuki SLP1,36 8B 00 00 00 00 00 00 00 00 10 40 02 00 00 00 01 00 00 00 00 00 00 00 00 00 00 00 00 00 … (4095 Bytes),66.64731s,Suzuki SLP1,76 8B (2 Bytes)
66.81038s,Suzuki SLP1,36 8C 00 00 00 00 00 00 00 00 60 4A 92 E4 00 00 00 00 00 28 00 00 00 00 00 00 00 00 00 00 … (4095 Bytes),66.81620s,Suzuki SLP1,76 8C (2 Bytes)
66.98051s,Suzuki SLP1,36 8D 00 00 00 00 00 00 00 1F 18 00 00 00 00 00 00 00 00 00 00 00 00 00 00 3F 18 00 00 00 … (4095 Bytes),66.98629s,Suzuki SLP1,76 8D (2 Bytes)
67.15350s,Suzuki SLP1,36 8E 00 00 00 00 00 00 00 00 00 00 00 00 00 00 00 00 00 00 00 00 00 00 00 00 00 00 00 00 … (4095 Bytes),67.15925s,Suzuki SLP1,76 8E (2 Bytes)
67.32321s,Suzuki SLP1,36 8F 00 00 00 00 00 00 00 00 00 00 00 00 00 00 00 00 00 00 00 00 00 00 00 00 00 00 00 00 … (4095 Bytes),67.32939s,Suzuki SLP1,76 8F (2 Bytes)
67.49632s,Suzuki SLP1,36 90 00 00 00 00 00 00 00 00 00 00 00 00 00 00 00 00 00 00 00 00 00 00 00 00 00 00 00 00 … (4095 Bytes),67.50221s,Suzuki SLP1,76 90 (2 Bytes)
67.66791s,Suzuki SLP1,36 91 00 00 00 00 00 00 00 00 00 00 00 00 00 00 00 00 00 00 00 00 00 00 00 00 00 00 00 00 … (4095 Bytes),67.67376s,Suzuki SLP1,76 91 (2 Bytes)
67.83722s,Suzuki SLP1,36 92 00 00 00 00 00 00 00 00 00 00 00 00 00 00 00 00 00 00 00 00 00 00 00 00 00 00 00 00 … (4095 Bytes),67.84319s,Suzuki SLP1,76 92 (2 Bytes)
68.00664s,Suzuki SLP1,36 93 00 00 00 00 00 00 00 00 00 00 00 00 00 00 00 00 00 00 00 00 00 00 00 00 00 00 00 00 … (4095 Bytes),68.01291s,Suzuki SLP1,76 93 (2 Bytes)
68.17884s,Suzuki SLP1,36 94 00 00 00 00 00 00 00 00 00 00 00 00 00 00 00 00 00 00 00 00 00 00 00 00 00 00 00 00 … (4095 Bytes),68.18459s,Suzuki SLP1,76 94 (2 Bytes)
68.18107s,FuncGroup-0x700,3E 80 (2 Bytes),,,
68.34724s,Suzuki SLP1,36 95 00 00 00 00 00 00 00 00 00 00 00 00 00 00 00 00 00 00 00 00 00 00 00 00 00 00 00 00 … (4095 Bytes),68.35385s,Suzuki SLP1,76 95 (2 Bytes)
68.51715s,Suzuki SLP1,36 96 00 00 00 00 00 00 00 00 00 00 00 00 00 00 00 00 00 00 00 00 00 00 00 00 00 00 00 00 … (4095 Bytes),68.52283s,Suzuki SLP1,76 96 (2 Bytes)
68.68960s,Suzuki SLP1,36 97 00 00 00 00 00 00 00 00 00 00 00 00 00 00 00 00 00 00 00 00 00 00 00 00 00 00 00 00 … (4095 Bytes),68.69539s,Suzuki SLP1,76 97 (2 Bytes)
68.86176s,Suzuki SLP1,36 98 00 00 00 00 00 00 00 00 00 00 00 00 00 00 00 00 00 00 00 00 00 00 00 00 00 00 00 00 … (4095 Bytes),68.86830s,Suzuki SLP1,76 98 (2 Bytes)
69.03306s,Suzuki SLP1,36 99 00 00 00 00 00 00 00 00 00 00 00 00 00 00 00 00 00 00 00 00 00 00 00 00 00 00 00 00 … (4095 Bytes),69.03882s,Suzuki SLP1,76 99 (2 Bytes)
69.20099s,Suzuki SLP1,36 9A 00 00 00 00 00 00 00 00 00 00 00 00 00 00 00 00 00 00 00 00 00 00 00 00 00 00 00 00 … (4095 Bytes),69.20675s,Suzuki SLP1,76 9A (2 Bytes)
69.36897s,Suzuki SLP1,36 9B FF 07 1F 03 08 00 00 00 00 00 D7 04 FF 07 1E 03 08 00 00 00 00 00 D6 04 FF 07 1D 03 … (4095 Bytes),69.37471s,Suzuki SLP1,76 9B (2 Bytes)
69.53153s,Suzuki SLP1,36 9C 0A 00 00 09 00 02 0B 29 00 29 00 02 0C 29 00 29 00 02 0D 91 01 91 01 02 0E 51 00 51 … (4095 Bytes),69.53733s,Suzuki SLP1,76 9C (2 Bytes)
69.69480s,Suzuki SLP1,36 9D 35 FF 01 07 00 7A 07 07 01 03 00 5B 03 FF 01 06 00 5A 04 04 01 05 00 59 05 FF 01 01 … (4095 Bytes),69.70058s,Suzuki SLP1,76 9D (2 Bytes)
69.86201s,Suzuki SLP1,36 9E 00 FF FF FF 00 38 01 30 01 62 00 60 00 FF FF FF 00 40 01 38 01 64 00 62 00 FF FF FF … (4095 Bytes),69.86788s,Suzuki SLP1,76 9E (2 Bytes)
70.02602s,Suzuki SLP1,36 9F FF FF 17 00 C8 00 FF FF 18 00 C9 00 FF FF 10 00 CA 00 FF FF 11 00 CB 00 FF FF 19 00 … (4095 Bytes),70.03553s,Suzuki SLP1,76 9F (2 Bytes)
70.19272s,Suzuki SLP1,36 A0 34 00 00 00 00 00 00 00 00 F4 BC 0C 34 A2 C2 0C 34 CF BC 0C 34 44 C4 0C 34 18 BD 0C … (4095 Bytes),70.19848s,Suzuki SLP1,76 A0 (2 Bytes)
70.36161s,Suzuki SLP1,36 A1 85 BF 0A 34 CF C0 0A 34 FF 7F 00 00 00 00 00 00 FF 7F 7B 00 00 00 7B 00 00 10 00 01 … (4095 Bytes),70.36731s,Suzuki SLP1,76 A1 (2 Bytes)
70.52915s,Suzuki SLP1,36 A2 00 00 00 25 00 00 00 12 00 00 00 36 00 00 00 24 00 00 00 25 00 00 00 25 00 00 00 16 … (4095 Bytes),70.53573s,Suzuki SLP1,76 A2 (2 Bytes)
70.69524s,Suzuki SLP1,36 A3 00 00 00 00 00 00 00 00 00 00 00 00 00 00 00 00 00 00 00 00 00 00 00 00 00 00 00 00 … (4095 Bytes),70.70093s,Suzuki SLP1,76 A3 (2 Bytes)
70.86191s,Suzuki SLP1,36 A4 00 00 00 00 00 00 48 00 20 00 00 00 00 00 00 00 00 4B CD 08 34 8D AD 03 34 00 00 00 … (4095 Bytes),70.86806s,Suzuki SLP1,76 A4 (2 Bytes)
71.02558s,Suzuki SLP1,36 A5 C0 92 0D 34 01 00 00 00 AF AB 03 34 01 01 00 00 08 00 00 00 02 00 00 00 05 00 02 00 … (4095 Bytes),71.03565s,Suzuki SLP1,76 A5 (2 Bytes)
71.19710s,Suzuki SLP1,36 A6 00 02 08 52 35 35 00 02 08 49 36 01 00 03 07 54 00 00 00 03 08 4D 01 00 01 01 08 56 … (4095 Bytes),71.20284s,Suzuki SLP1,76 A6 (2 Bytes)
71.36970s,Suzuki SLP1,36 A7 00 00 00 00 00 00 00 00 00 00 00 00 00 00 00 00 00 00 00 00 00 00 00 00 00 00 00 00 … (4095 Bytes),71.37547s,Suzuki SLP1,76 A7 (2 Bytes)
71.53938s,Suzuki SLP1,36 A8 00 00 00 00 00 00 00 00 00 00 00 00 00 00 00 00 00 00 00 00 00 00 00 00 00 00 00 00 … (4095 Bytes),71.54511s,Suzuki SLP1,76 A8 (2 Bytes)
71.70949s,Suzuki SLP1,36 A9 00 00 00 00 00 00 00 00 00 00 00 00 00 00 00 00 00 00 00 00 00 00 00 00 00 00 00 00 … (4095 Bytes),71.71522s,Suzuki SLP1,76 A9 (2 Bytes)
71.87970s,Suzuki SLP1,36 AA 00 00 00 00 00 00 00 00 00 00 00 00 00 00 00 00 00 00 00 00 00 00 00 00 00 00 00 00 … (4095 Bytes),71.88547s,Suzuki SLP1,76 AA (2 Bytes)
72.04012s,Suzuki SLP1,36 AB 8A 79 5C F8 20 60 41 F2 0A 5C C3 F2 03 4C 06 EB C2 01 1C F8 00 60 49 68 B6 06 4C BF … (4095 Bytes),72.04587s,Suzuki SLP1,76 AB (2 Bytes)
72.20152s,Suzuki SLP1,36 AC F2 03 41 01 28 04 D1 88 5D 00 F0 BF 00 88 55 3C E0 00 28 3A D1 68 6E 20 B1 28 46 BD … (4095 Bytes),72.20730s,Suzuki SLP1,76 AC (2 Bytes)
72.20375s,FuncGroup-0x700,3E 80 (2 Bytes),,,
72.36417s,Suzuki SLP1,36 AD 8A F8 02 10 39 E0 BD F8 06 30 19 0A 8A F8 02 10 91 12 A1 F1 09 03 02 2B A7 F1 01 0B … (4095 Bytes),72.37044s,Suzuki SLP1,76 AD (2 Bytes)
72.52518s,Suzuki SLP1,36 AE BF C6 F8 98 20 00 F0 09 81 4F EA 12 41 C2 F3 0F 05 A8 12 15 28 B0 89 AD F8 1E 10 A1 … (4095 Bytes),72.53573s,Suzuki SLP1,76 AE (2 Bytes)
72.69012s,Suzuki SLP1,36 AF 09 1A B1 42 3C BF B1 1A 00 EB 01 0A 0C E0 59 1E C9 B2 8C 45 08 D1 02 EB 0A 01 31 44 … (4095 Bytes),72.69584s,Suzuki SLP1,76 AF (2 Bytes)
72.85980s,Suzuki SLP1,36 B0 BF 03 01 08 00 21 00 4A 00 7D 00 D4 00 F5 00 08 20 FA F7 7E FE F0 60 00 28 00 F0 19 … (4095 Bytes),72.86300s,Suzuki SLP1,76 B0 (2 Bytes)
73.02608s,Suzuki SLP1,36 B1 FF FF FF FF FF FF FF FF FF FF FF FF FF FF FF FF FF FF FF FF FF FF FF FF FF FF FF FF … (4095 Bytes),73.02901s,Suzuki SLP1,76 B1 (2 Bytes)
73.19610s,Suzuki SLP1,36 B2 FF FF FF FF FF FF FF FF FF FF FF FF FF FF FF FF FF FF FF FF FF FF FF FF FF FF FF FF … (4095 Bytes),73.19905s,Suzuki SLP1,76 B2 (2 Bytes)
73.36531s,Suzuki SLP1,36 B3 FF FF FF FF FF FF FF FF FF FF FF FF FF FF FF FF FF FF FF FF FF FF FF FF FF FF FF FF … (4095 Bytes),73.36856s,Suzuki SLP1,76 B3 (2 Bytes)
73.53301s,Suzuki SLP1,36 B4 FF FF FF FF FF FF FF FF FF FF FF FF FF FF FF FF FF FF FF FF FF FF FF FF FF FF FF FF … (4095 Bytes),73.53838s,Suzuki SLP1,76 B4 (2 Bytes)
73.70239s,Suzuki SLP1,36 B5 FF FF FF FF FF FF FF FF FF FF FF FF FF FF FF FF FF FF FF FF FF FF FF FF FF FF FF FF … (4095 Bytes),73.70484s,Suzuki SLP1,76 B5 (2 Bytes)
73.87169s,Suzuki SLP1,36 B6 FF FF FF FF FF FF FF FF FF FF FF FF FF FF FF FF FF FF FF FF FF FF FF FF FF FF FF FF … (4095 Bytes),73.87415s,Suzuki SLP1,76 B6 (2 Bytes)
74.03738s,Suzuki SLP1,36 B7 FF FF FF FF FF FF FF FF FF FF FF FF FF FF FF FF FF FF FF FF FF FF FF FF FF FF FF FF … (4095 Bytes),74.04334s,Suzuki SLP1,76 B7 (2 Bytes)
74.20686s,Suzuki SLP1,36 B8 FF FF FF FF FF FF FF FF FF FF FF FF FF FF FF FF FF FF FF FF FF FF FF FF FF FF FF FF … (4095 Bytes),74.21010s,Suzuki SLP1,76 B8 (2 Bytes)
74.37696s,Suzuki SLP1,36 B9 FF FF FF FF FF FF FF FF FF FF FF FF FF FF FF FF FF FF FF FF FF FF FF FF FF FF FF FF … (4095 Bytes),74.37942s,Suzuki SLP1,76 B9 (2 Bytes)
74.54325s,Suzuki SLP1,36 BA FF FF FF FF FF FF FF FF FF FF FF FF FF FF FF FF FF FF FF FF FF FF FF FF FF FF FF FF … (4095 Bytes),74.54863s,Suzuki SLP1,76 BA (2 Bytes)
74.71293s,Suzuki SLP1,36 BB FF FF FF FF FF FF FF FF FF FF FF FF FF FF FF FF FF FF FF FF FF FF FF FF FF FF FF FF … (4095 Bytes),74.71538s,Suzuki SLP1,76 BB (2 Bytes)
74.88169s,Suzuki SLP1,36 BC FF FF FF FF FF FF FF FF FF FF FF FF FF FF FF FF FF FF FF FF FF FF FF FF FF FF FF FF … (4095 Bytes),74.88464s,Suzuki SLP1,76 BC (2 Bytes)
75.04738s,Suzuki SLP1,36 BD FF FF FF FF FF FF FF FF FF FF FF FF FF FF FF FF FF FF FF FF FF FF FF FF FF FF FF FF … (4095 Bytes),75.05383s,Suzuki SLP1,76 BD (2 Bytes)
75.21736s,Suzuki SLP1,36 BE FF FF FF FF FF FF FF FF FF FF FF FF FF FF FF FF FF FF FF FF FF FF FF FF FF FF FF FF … (4095 Bytes),75.21982s,Suzuki SLP1,76 BE (2 Bytes)
75.38612s,Suzuki SLP1,36 BF FF FF FF FF FF FF FF FF FF FF FF FF FF FF FF FF FF FF FF FF FF FF FF FF FF FF FF FF … (4095 Bytes),75.38908s,Suzuki SLP1,76 BF (2 Bytes)
75.55582s,Suzuki SLP1,36 C0 FF FF FF FF FF FF FF FF FF FF FF FF FF FF FF FF FF FF FF FF FF FF FF FF FF FF FF FF … (4095 Bytes),75.55828s,Suzuki SLP1,76 C0 (2 Bytes)
75.72217s,Suzuki SLP1,36 C1 FF FF FF FF FF FF FF FF FF FF FF FF FF FF FF FF FF FF FF FF FF FF FF FF FF FF FF FF … (4095 Bytes),75.72463s,Suzuki SLP1,76 C1 (2 Bytes)
75.89127s,Suzuki SLP1,36 C2 FF FF FF FF FF FF FF FF FF FF FF FF FF FF FF FF FF FF FF FF FF FF FF FF FF FF FF FF … (4095 Bytes),75.89422s,Suzuki SLP1,76 C2 (2 Bytes)
76.05986s,Suzuki SLP1,36 C3 FF FF FF FF FF FF FF FF FF FF FF FF FF FF FF FF FF FF FF FF FF FF FF FF FF FF FF FF … (4095 Bytes),76.06306s,Suzuki SLP1,76 C3 (2 Bytes)
76.22667s,Suzuki SLP1,36 C4 FF FF FF FF FF FF FF FF FF FF FF FF FF FF FF FF FF FF FF FF FF FF FF FF FF FF FF FF … (4095 Bytes),76.22960s,Suzuki SLP1,76 C4 (2 Bytes)
76.22890s,FuncGroup-0x700,3E 80 (2 Bytes),,,
76.39631s,Suzuki SLP1,36 C5 FF FF FF FF FF FF FF FF FF FF FF FF FF FF FF FF FF FF FF FF FF FF FF FF FF FF FF FF … (4095 Bytes),76.39926s,Suzuki SLP1,76 C5 (2 Bytes)
76.56569s,Suzuki SLP1,36 C6 FF FF FF FF FF FF FF FF FF FF FF FF FF FF FF FF FF FF FF FF FF FF FF FF FF FF FF FF … (4095 Bytes),76.56862s,Suzuki SLP1,76 C6 (2 Bytes)
76.73293s,Suzuki SLP1,36 C7 FF FF FF FF FF FF FF FF FF FF FF FF FF FF FF FF FF FF FF FF FF FF FF FF FF FF FF FF … (4095 Bytes),76.73830s,Suzuki SLP1,76 C7 (2 Bytes)
76.90207s,Suzuki SLP1,36 C8 FF FF FF FF FF FF FF FF FF FF FF FF FF FF FF FF FF FF FF FF FF FF FF FF FF FF FF FF … (4095 Bytes),76.90453s,Suzuki SLP1,76 C8 (2 Bytes)
77.07139s,Suzuki SLP1,36 C9 FF FF FF FF FF FF FF FF FF FF FF FF FF FF FF FF FF FF FF FF FF FF FF FF FF FF FF FF … (4095 Bytes),77.07385s,Suzuki SLP1,76 C9 (2 Bytes)
77.23735s,Suzuki SLP1,36 CA FF FF FF FF FF FF FF FF FF FF FF FF FF FF FF FF FF FF FF FF FF FF FF FF FF FF FF FF … (4095 Bytes),77.24331s,Suzuki SLP1,76 CA (2 Bytes)
77.40652s,Suzuki SLP1,36 CB FF FF FF FF FF FF FF FF FF FF FF FF FF FF FF FF FF FF FF FF FF FF FF FF FF FF FF FF … (4095 Bytes),77.40939s,Suzuki SLP1,76 CB (2 Bytes)
77.57627s,Suzuki SLP1,36 CC FF FF FF FF FF FF FF FF FF FF FF FF FF FF FF FF FF FF FF FF FF FF FF FF FF FF FF FF … (4095 Bytes),77.57872s,Suzuki SLP1,76 CC (2 Bytes)
77.74254s,Suzuki SLP1,36 CD FF FF FF FF FF FF FF FF FF FF FF FF FF FF FF FF FF FF FF FF FF FF FF FF FF FF FF FF … (4095 Bytes),77.74806s,Suzuki SLP1,76 CD (2 Bytes)
77.91247s,Suzuki SLP1,36 CE FF FF FF FF FF FF FF FF FF FF FF FF FF FF FF FF FF FF FF FF FF FF FF FF FF FF FF FF … (4095 Bytes),77.91492s,Suzuki SLP1,76 CE (2 Bytes)
78.08120s,Suzuki SLP1,36 CF FF FF FF FF FF FF FF FF FF FF FF FF FF FF FF FF FF FF FF FF FF FF FF FF FF FF FF FF … (4095 Bytes),78.08415s,Suzuki SLP1,76 CF (2 Bytes)
78.24718s,Suzuki SLP1,36 D0 FF FF FF FF FF FF FF FF FF FF FF FF FF FF FF FF FF FF FF FF FF FF FF FF FF FF FF FF … (4095 Bytes),78.25363s,Suzuki SLP1,76 D0 (2 Bytes)
78.41701s,Suzuki SLP1,36 D1 FF FF FF FF FF FF FF FF FF FF FF FF FF FF FF FF FF FF FF FF FF FF FF FF FF FF FF FF … (4095 Bytes),78.41947s,Suzuki SLP1,76 D1 (2 Bytes)
78.58585s,Suzuki SLP1,36 D2 FF FF FF FF FF FF FF FF FF FF FF FF FF FF FF FF FF FF FF FF FF FF FF FF FF FF FF FF … (4095 Bytes),78.58905s,Suzuki SLP1,76 D2 (2 Bytes)
78.75575s,Suzuki SLP1,36 D3 FF FF FF FF FF FF FF FF FF FF FF FF FF FF FF FF FF FF FF FF FF FF FF FF FF FF FF FF … (4095 Bytes),78.75821s,Suzuki SLP1,76 D3 (2 Bytes)
78.92217s,Suzuki SLP1,36 D4 FF FF FF FF FF FF FF FF FF FF FF FF FF FF FF FF FF FF FF FF FF FF FF FF FF FF FF FF … (4095 Bytes),78.92462s,Suzuki SLP1,76 D4 (2 Bytes)
79.09139s,Suzuki SLP1,36 D5 FF FF FF FF FF FF FF FF FF FF FF FF FF FF FF FF FF FF FF FF FF FF FF FF FF FF FF FF … (4095 Bytes),79.09434s,Suzuki SLP1,76 D5 (2 Bytes)
79.26020s,Suzuki SLP1,36 D6 FF FF FF FF FF FF FF FF FF FF FF FF FF FF FF FF FF FF FF FF FF FF FF FF FF FF FF FF … (4095 Bytes),79.26341s,Suzuki SLP1,76 D6 (2 Bytes)
79.42672s,Suzuki SLP1,36 D7 FF FF FF FF FF FF FF FF FF FF FF FF FF FF FF FF FF FF FF FF FF FF FF FF FF FF FF FF … (4095 Bytes),79.42997s,Suzuki SLP1,76 D7 (2 Bytes)
79.59686s,Suzuki SLP1,36 D8 FF FF FF FF FF FF FF FF FF FF FF FF FF FF FF FF FF FF FF FF FF FF FF FF FF FF FF FF … (4095 Bytes),79.59982s,Suzuki SLP1,76 D8 (2 Bytes)
79.76619s,Suzuki SLP1,36 D9 FF FF FF FF FF FF FF FF FF FF FF FF FF FF FF FF FF FF FF FF FF FF FF FF FF FF FF FF … (4095 Bytes),79.76913s,Suzuki SLP1,76 D9 (2 Bytes)
79.93346s,Suzuki SLP1,36 DA FF FF FF FF FF FF FF FF FF FF FF FF FF FF FF FF FF FF FF FF FF FF FF FF FF FF FF FF … (4095 Bytes),79.93883s,Suzuki SLP1,76 DA (2 Bytes)
80.10287s,Suzuki SLP1,36 DB FF FF FF FF FF FF FF FF FF FF FF FF FF FF FF FF FF FF FF FF FF FF FF FF FF FF FF FF … (4095 Bytes),80.10533s,Suzuki SLP1,76 DB (2 Bytes)
80.27236s,Suzuki SLP1,36 DC FF FF FF FF FF FF FF FF FF FF FF FF FF FF FF FF FF FF FF FF FF FF FF FF FF FF FF FF … (4095 Bytes),80.27506s,Suzuki SLP1,76 DC (2 Bytes)
80.27459s,FuncGroup-0x700,3E 80 (2 Bytes),,,
80.43917s,Suzuki SLP1,36 DD FF FF FF FF FF FF FF FF FF FF FF FF FF FF FF FF FF FF FF FF FF FF FF FF FF FF FF FF … (4095 Bytes),80.44439s,Suzuki SLP1,76 DD (2 Bytes)
80.60765s,Suzuki SLP1,36 DE FF FF FF FF FF FF FF FF FF FF FF FF FF FF FF FF FF FF FF FF FF FF FF FF FF FF FF FF … (4095 Bytes),80.61011s,Suzuki SLP1,76 DE (2 Bytes)
80.77695s,Suzuki SLP1,36 DF FF FF FF FF FF FF FF FF FF FF FF FF FF FF FF FF FF FF FF FF FF FF FF FF FF FF FF FF … (4095 Bytes),80.77941s,Suzuki SLP1,76 DF (2 Bytes)
80.94327s,Suzuki SLP1,36 E0 FF FF FF FF FF FF FF FF FF FF FF FF FF FF FF FF FF FF FF FF FF FF FF FF FF FF FF FF … (4095 Bytes),80.94864s,Suzuki SLP1,76 E0 (2 Bytes)
81.11298s,Suzuki SLP1,36 E1 FF FF FF FF FF FF FF FF FF FF FF FF FF FF FF FF FF FF FF FF FF FF FF FF FF FF FF FF … (4095 Bytes),81.11543s,Suzuki SLP1,76 E1 (2 Bytes)
81.28201s,Suzuki SLP1,36 E2 FF FF FF FF FF FF FF FF FF FF FF FF FF FF FF FF FF FF FF FF FF FF FF FF FF FF FF FF … (4095 Bytes),81.28496s,Suzuki SLP1,76 E2 (2 Bytes)
81.45186s,Suzuki SLP1,36 E3 FF FF FF FF FF FF FF FF FF FF FF FF FF FF FF FF FF FF FF FF FF FF FF FF FF FF FF FF … (4095 Bytes),81.45432s,Suzuki SLP1,76 E3 (2 Bytes)
81.61756s,Suzuki SLP1,36 E4 FF FF FF FF FF FF FF FF FF FF FF FF FF FF FF FF FF FF FF FF FF FF FF FF FF FF FF FF … (4095 Bytes),81.62002s,Suzuki SLP1,76 E4 (2 Bytes)
81.78637s,Suzuki SLP1,36 E5 FF FF FF FF FF FF FF FF FF FF FF FF FF FF FF FF FF FF FF FF FF FF FF FF FF FF FF FF … (4095 Bytes),81.78933s,Suzuki SLP1,76 E5 (2 Bytes)
81.95613s,Suzuki SLP1,36 E6 FF FF FF FF FF FF FF FF FF FF FF FF FF FF FF FF FF FF FF FF FF FF FF FF FF FF FF FF … (4095 Bytes),81.95858s,Suzuki SLP1,76 E6 (2 Bytes)
82.12239s,Suzuki SLP1,36 E7 FF FF FF FF FF FF FF FF FF FF FF FF FF FF FF FF FF FF FF FF FF FF FF FF FF FF FF FF … (4095 Bytes),82.12484s,Suzuki SLP1,76 E7 (2 Bytes)
82.29197s,Suzuki SLP1,36 E8 FF FF FF FF FF FF FF FF FF FF FF FF FF FF FF FF FF FF FF FF FF FF FF FF FF FF FF FF … (4095 Bytes),82.29493s,Suzuki SLP1,76 E8 (2 Bytes)
82.46049s,Suzuki SLP1,36 E9 FF FF FF FF FF FF FF FF FF FF FF FF FF FF FF FF FF FF FF FF FF FF FF FF FF FF FF FF … (4095 Bytes),82.46369s,Suzuki SLP1,76 E9 (2 Bytes)
82.62708s,Suzuki SLP1,36 EA FF FF FF FF FF FF FF FF FF FF FF FF FF FF FF FF FF FF FF FF FF FF FF FF FF FF FF FF … (4095 Bytes),82.62986s,Suzuki SLP1,76 EA (2 Bytes)
82.79658s,Suzuki SLP1,36 EB FF FF FF FF FF FF FF FF FF FF FF FF FF FF FF FF FF FF FF FF FF FF FF FF FF FF FF FF … (4095 Bytes),82.79954s,Suzuki SLP1,76 EB (2 Bytes)
82.96595s,Suzuki SLP1,36 EC FF FF FF FF FF FF FF FF FF FF FF FF FF FF FF FF FF FF FF FF FF FF FF FF FF FF FF FF … (4095 Bytes),82.96919s,Suzuki SLP1,76 EC (2 Bytes)
83.13358s,Suzuki SLP1,36 ED FF FF FF FF FF FF FF FF FF FF FF FF FF FF FF FF FF FF FF FF FF FF FF FF FF FF FF FF … (4095 Bytes),83.13920s,Suzuki SLP1,76 ED (2 Bytes)
83.30311s,Suzuki SLP1,36 EE FF FF FF FF FF FF FF FF FF FF FF FF FF FF FF FF FF FF FF FF FF FF FF FF FF FF FF FF … (4095 Bytes),83.30556s,Suzuki SLP1,76 EE (2 Bytes)
83.47245s,Suzuki SLP1,36 EF FF FF FF FF FF FF FF FF FF FF FF FF FF FF FF FF FF FF FF FF FF FF FF FF FF FF FF FF … (4095 Bytes),83.47490s,Suzuki SLP1,76 EF (2 Bytes)
83.63892s,Suzuki SLP1,36 F0 FF FF FF FF FF FF FF FF FF FF FF FF FF FF FF FF FF FF FF FF FF FF FF FF FF FF FF FF … (4095 Bytes),83.64414s,Suzuki SLP1,76 F0 (2 Bytes)
83.80736s,Suzuki SLP1,36 F1 FF FF FF FF FF FF FF FF FF FF FF FF FF FF FF FF FF FF FF FF FF FF FF FF FF FF FF FF … (4095 Bytes),83.81017s,Suzuki SLP1,76 F1 (2 Bytes)
83.97689s,Suzuki SLP1,36 F2 FF FF FF FF FF FF FF FF FF FF FF FF FF FF FF FF FF FF FF FF FF FF FF FF FF FF FF FF … (4095 Bytes),83.97935s,Suzuki SLP1,76 F2 (2 Bytes)
84.14320s,Suzuki SLP1,36 F3 FF FF FF FF FF FF FF FF FF FF FF FF FF FF FF FF FF FF FF FF FF FF FF FF FF FF FF FF … (4095 Bytes),84.14882s,Suzuki SLP1,76 F3 (2 Bytes)
84.31312s,Suzuki SLP1,36 F4 FF FF FF FF FF FF FF FF FF FF FF FF FF FF FF FF FF FF FF FF FF FF FF FF FF FF FF FF … (4095 Bytes),84.31582s,Suzuki SLP1,76 F4 (2 Bytes)
84.31535s,FuncGroup-0x700,3E 80 (2 Bytes),,,
84.48185s,Suzuki SLP1,36 F5 FF FF FF FF FF FF FF FF FF FF FF FF FF FF FF FF FF FF FF FF FF FF FF FF FF FF FF FF … (4095 Bytes),84.48480s,Suzuki SLP1,76 F5 (2 Bytes)
84.64757s,Suzuki SLP1,36 F6 FF FF FF FF FF FF FF FF FF FF FF FF FF FF FF FF FF FF FF FF FF FF FF FF FF FF FF FF … (4095 Bytes),84.65402s,Suzuki SLP1,76 F6 (2 Bytes)
84.81727s,Suzuki SLP1,36 F7 FF FF FF FF FF FF FF FF FF FF FF FF FF FF FF FF FF FF FF FF FF FF FF FF FF FF FF FF … (4095 Bytes),84.81973s,Suzuki SLP1,76 F7 (2 Bytes)
84.98611s,Suzuki SLP1,36 F8 FF FF FF FF FF FF FF FF FF FF FF FF FF FF FF FF FF FF FF FF FF FF FF FF FF FF FF FF … (4095 Bytes),84.98907s,Suzuki SLP1,76 F8 (2 Bytes)
85.15605s,Suzuki SLP1,36 F9 FF FF FF FF FF FF FF FF FF FF FF FF FF FF FF FF FF FF FF FF FF FF FF FF FF FF FF FF … (4095 Bytes),85.15851s,Suzuki SLP1,76 F9 (2 Bytes)
85.32232s,Suzuki SLP1,36 FA FF FF FF FF FF FF FF FF FF FF FF FF FF FF FF FF FF FF FF FF FF FF FF FF FF FF FF FF … (4095 Bytes),85.32478s,Suzuki SLP1,76 FA (2 Bytes)
85.49164s,Suzuki SLP1,36 FB FF FF FF FF FF FF FF FF FF FF FF FF FF FF FF FF FF FF FF FF FF FF FF FF FF FF FF FF … (4095 Bytes),85.49459s,Suzuki SLP1,76 FB (2 Bytes)
85.66022s,Suzuki SLP1,36 FC FF FF FF FF FF FF FF FF FF FF FF FF FF FF FF FF FF FF FF FF FF FF FF FF FF FF FF FF … (4095 Bytes),85.66342s,Suzuki SLP1,76 FC (2 Bytes)
85.82677s,Suzuki SLP1,36 FD FF FF FF FF FF FF FF FF FF FF FF FF FF FF FF FF FF FF FF FF FF FF FF FF FF FF FF FF … (4095 Bytes),85.82967s,Suzuki SLP1,76 FD (2 Bytes)
85.99649s,Suzuki SLP1,36 FE FF FF FF FF FF FF FF FF FF FF FF FF FF FF FF FF FF FF FF FF FF FF FF FF FF FF FF FF … (4095 Bytes),85.99945s,Suzuki SLP1,76 FE (2 Bytes)
86.16608s,Suzuki SLP1,36 FF FF FF FF FF FF FF FF FF FF FF FF FF FF FF FF FF FF FF FF FF FF FF FF FF FF FF FF FF … (4095 Bytes),86.16897s,Suzuki SLP1,76 FF (2 Bytes)
86.33334s,Suzuki SLP1,36 00 FF FF FF FF FF FF FF FF FF FF FF FF FF FF FF FF FF FF FF FF FF FF FF FF FF FF FF FF … (4095 Bytes),86.33872s,Suzuki SLP1,76 00 (2 Bytes)
86.50289s,Suzuki SLP1,36 01 FF FF FF FF FF FF FF FF FF FF FF FF FF FF FF FF FF FF FF FF FF FF FF FF FF FF FF FF … (4095 Bytes),86.50535s,Suzuki SLP1,76 01 (2 Bytes)
86.67222s,Suzuki SLP1,36 02 FF FF FF FF FF FF FF FF FF FF FF FF FF FF FF FF FF FF FF FF FF FF FF FF FF FF FF FF … (4095 Bytes),86.67468s,Suzuki SLP1,76 02 (2 Bytes)
86.83809s,Suzuki SLP1,36 03 FF FF FF FF FF FF FF FF FF FF FF FF FF FF FF FF FF FF FF FF FF FF FF FF FF FF FF FF … (4095 Bytes),86.84405s,Suzuki SLP1,76 03 (2 Bytes)
87.00730s,Suzuki SLP1,36 04 FF FF FF FF FF FF FF FF FF FF FF FF FF FF FF FF FF FF FF FF FF FF FF FF FF FF FF FF … (4095 Bytes),87.00982s,Suzuki SLP1,76 04 (2 Bytes)
87.17686s,Suzuki SLP1,36 05 FF FF FF FF FF FF FF FF FF FF FF FF FF FF FF FF FF FF FF FF FF FF FF FF FF FF FF FF … (4095 Bytes),87.17931s,Suzuki SLP1,76 05 (2 Bytes)
87.34312s,Suzuki SLP1,36 06 FF FF FF FF FF FF FF FF FF FF FF FF FF FF FF FF FF FF FF FF FF FF FF FF FF FF FF FF … (4095 Bytes),87.34849s,Suzuki SLP1,76 06 (2 Bytes)
87.51286s,Suzuki SLP1,36 07 FF FF FF FF FF FF FF FF FF FF FF FF FF FF FF FF FF FF FF FF FF FF FF FF FF FF FF FF … (4095 Bytes),87.51532s,Suzuki SLP1,76 07 (2 Bytes)
87.68157s,Suzuki SLP1,36 08 FF FF FF FF FF FF FF FF FF FF FF FF FF FF FF FF FF FF FF FF FF FF FF FF FF FF FF FF … (4095 Bytes),87.68452s,Suzuki SLP1,76 08 (2 Bytes)
87.84728s,Suzuki SLP1,36 09 FF FF FF FF FF FF FF FF FF FF FF FF FF FF FF FF FF FF FF FF FF FF FF FF FF FF FF FF … (4095 Bytes),87.85373s,Suzuki SLP1,76 09 (2 Bytes)
88.01701s,Suzuki SLP1,36 0A FF FF FF FF FF FF FF FF FF FF FF FF FF FF FF FF FF FF FF FF FF FF FF FF FF FF FF FF … (4095 Bytes),88.01947s,Suzuki SLP1,76 0A (2 Bytes)
88.18608s,Suzuki SLP1,36 0B FF FF FF FF FF FF FF FF FF FF FF FF FF FF FF FF FF FF FF FF FF FF FF FF FF FF FF FF … (4095 Bytes),88.18934s,Suzuki SLP1,76 0B (2 Bytes)
88.35612s,Suzuki SLP1,36 0C FF FF FF FF FF FF FF FF FF FF FF FF FF FF FF FF FF FF FF FF FF FF FF FF FF FF FF FF … (4095 Bytes),88.35883s,Suzuki SLP1,76 0C (2 Bytes)
88.35835s,FuncGroup-0x700,3E 80 (2 Bytes),,,
88.52244s,Suzuki SLP1,36 0D FF FF FF FF FF FF FF FF FF FF FF FF FF FF FF FF FF FF FF FF FF FF FF FF FF FF FF FF … (4095 Bytes),88.52489s,Suzuki SLP1,76 0D (2 Bytes)
88.69181s,Suzuki SLP1,36 0E FF FF FF FF FF FF FF FF FF FF FF FF FF FF FF FF FF FF FF FF FF FF FF FF FF FF FF FF … (4095 Bytes),88.69477s,Suzuki SLP1,76 0E (2 Bytes)
88.86042s,Suzuki SLP1,36 0F FF FF FF FF FF FF FF FF FF FF FF FF FF FF FF FF FF FF FF FF FF FF FF FF FF FF FF FF … (4095 Bytes),88.86363s,Suzuki SLP1,76 0F (2 Bytes)
89.02689s,Suzuki SLP1,36 10 FF FF FF FF FF FF FF FF FF FF FF FF FF FF FF FF FF FF FF FF FF FF FF FF FF FF FF FF … (4095 Bytes),89.03008s,Suzuki SLP1,76 10 (2 Bytes)
89.19708s,Suzuki SLP1,36 11 FF FF FF FF FF FF FF FF FF FF FF FF FF FF FF FF FF FF FF FF FF FF FF FF FF FF FF FF … (4095 Bytes),89.20004s,Suzuki SLP1,76 11 (2 Bytes)
89.36614s,Suzuki SLP1,36 12 FF FF FF FF FF FF FF FF FF FF FF FF FF FF FF FF FF FF FF FF FF FF FF FF FF FF FF FF … (4095 Bytes),89.36907s,Suzuki SLP1,76 12 (2 Bytes)
89.53347s,Suzuki SLP1,36 13 FF FF FF FF FF FF FF FF FF FF FF FF FF FF FF FF FF FF FF FF FF FF FF FF FF FF FF FF … (4095 Bytes),89.53884s,Suzuki SLP1,76 13 (2 Bytes)
89.70278s,Suzuki SLP1,36 14 FF FF FF FF FF FF FF FF FF FF FF FF FF FF FF FF FF FF FF FF FF FF FF FF FF FF FF FF … (4095 Bytes),89.70524s,Suzuki SLP1,76 14 (2 Bytes)
89.87207s,Suzuki SLP1,36 15 FF FF FF FF FF FF FF FF FF FF FF FF FF FF FF FF FF FF FF FF FF FF FF FF FF FF FF FF … (4095 Bytes),89.87453s,Suzuki SLP1,76 15 (2 Bytes)
90.03780s,Suzuki SLP1,36 16 FF FF FF FF FF FF FF FF FF FF FF FF FF FF FF FF FF FF FF FF FF FF FF FF FF FF FF FF … (4095 Bytes),90.04376s,Suzuki SLP1,76 16 (2 Bytes)
90.20706s,Suzuki SLP1,36 17 FF FF FF FF FF FF FF FF FF FF FF FF FF FF FF FF FF FF FF FF FF FF FF FF FF FF FF FF … (4095 Bytes),90.20979s,Suzuki SLP1,76 17 (2 Bytes)
90.37657s,Suzuki SLP1,36 18 FF FF FF FF FF FF FF FF FF FF FF FF FF FF FF FF FF FF FF FF FF FF FF FF FF FF FF FF … (4095 Bytes),90.37902s,Suzuki SLP1,76 18 (2 Bytes)
90.54268s,Suzuki SLP1,36 19 FF FF FF FF FF FF FF FF FF FF FF FF FF FF FF FF FF FF FF FF FF FF FF FF FF FF FF FF … (4095 Bytes),90.54805s,Suzuki SLP1,76 19 (2 Bytes)
90.71235s,Suzuki SLP1,36 1A FF FF FF FF FF FF FF FF FF FF FF FF FF FF FF FF FF FF FF FF FF FF FF FF FF FF FF FF … (4095 Bytes),90.71480s,Suzuki SLP1,76 1A (2 Bytes)
90.88109s,Suzuki SLP1,36 1B FF FF FF FF FF FF FF FF FF FF FF FF FF FF FF FF FF FF FF FF FF FF FF FF FF FF FF FF … (4095 Bytes),90.88405s,Suzuki SLP1,76 1B (2 Bytes)
91.04680s,Suzuki SLP1,36 1C FF FF FF FF FF FF FF FF FF FF FF FF FF FF FF FF FF FF FF FF FF FF FF FF FF FF FF FF … (4095 Bytes),91.05325s,Suzuki SLP1,76 1C (2 Bytes)
91.21685s,Suzuki SLP1,36 1D FF FF FF FF FF FF FF FF FF FF FF FF FF FF FF FF FF FF FF FF FF FF FF FF FF FF FF FF … (4095 Bytes),91.21931s,Suzuki SLP1,76 1D (2 Bytes)
91.38554s,Suzuki SLP1,36 1E FF FF FF FF FF FF FF FF FF FF FF FF FF FF FF FF FF FF FF FF FF FF FF FF FF FF FF FF … (4095 Bytes),91.38849s,Suzuki SLP1,76 1E (2 Bytes)
91.55505s,Suzuki SLP1,36 1F FF FF FF FF FF FF FF FF FF FF FF FF FF FF FF FF FF FF FF FF FF FF FF FF FF FF FF FF … (4095 Bytes),91.55751s,Suzuki SLP1,76 1F (2 Bytes)
91.72138s,Suzuki SLP1,36 20 FF FF FF FF FF FF FF FF FF FF FF FF FF FF FF FF FF FF FF FF FF FF FF FF FF FF FF FF … (4095 Bytes),91.72383s,Suzuki SLP1,76 20 (2 Bytes)
91.89068s,Suzuki SLP1,36 21 FF FF FF FF FF FF FF FF FF FF FF FF FF FF FF FF FF FF FF FF FF FF FF FF FF FF FF FF … (4095 Bytes),91.89363s,Suzuki SLP1,76 21 (2 Bytes)
92.05906s,Suzuki SLP1,36 22 FF FF FF FF FF FF FF FF FF FF FF FF FF FF FF FF FF FF FF FF FF FF FF FF FF FF FF FF … (4095 Bytes),92.06151s,Suzuki SLP1,76 22 (2 Bytes)
92.22546s,Suzuki SLP1,36 23 FF FF FF FF FF FF FF FF FF FF FF FF FF FF FF FF FF FF FF FF FF FF FF FF FF FF FF FF … (4095 Bytes),92.22836s,Suzuki SLP1,76 23 (2 Bytes)
92.39513s,Suzuki SLP1,36 24 FF FF FF FF FF FF FF FF FF FF FF FF FF FF FF FF FF FF FF FF FF FF FF FF FF FF FF FF … (4095 Bytes),92.39834s,Suzuki SLP1,76 24 (2 Bytes)
92.39786s,FuncGroup-0x700,3E 80 (2 Bytes),,,
92.56467s,Suzuki SLP1,36 25 FF FF FF FF FF FF FF FF FF FF FF FF FF FF FF FF FF FF FF FF FF FF FF FF FF FF FF FF … (4095 Bytes),92.56789s,Suzuki SLP1,76 25 (2 Bytes)
92.73237s,Suzuki SLP1,36 26 FF FF FF FF FF FF FF FF FF FF FF FF FF FF FF FF FF FF FF FF FF FF FF FF FF FF FF FF … (4095 Bytes),92.73774s,Suzuki SLP1,76 26 (2 Bytes)
92.90167s,Suzuki SLP1,36 27 FF FF FF FF FF FF FF FF FF FF FF FF FF FF FF FF FF FF FF FF FF FF FF FF FF FF FF FF … (4095 Bytes),92.90413s,Suzuki SLP1,76 27 (2 Bytes)
93.07101s,Suzuki SLP1,36 28 FF FF FF FF FF FF FF FF FF FF FF FF FF FF FF FF FF FF FF FF FF FF FF FF FF FF FF FF … (4095 Bytes),93.07346s,Suzuki SLP1,76 28 (2 Bytes)
93.23697s,Suzuki SLP1,36 29 FF FF FF FF FF FF FF FF FF FF FF FF FF FF FF FF FF FF FF FF FF FF FF FF FF FF FF FF … (4095 Bytes),93.24294s,Suzuki SLP1,76 29 (2 Bytes)
93.40614s,Suzuki SLP1,36 2A FF FF FF FF FF FF FF FF FF FF FF FF FF FF FF FF FF FF FF FF FF FF FF FF FF FF FF FF … (4095 Bytes),93.40934s,Suzuki SLP1,76 2A (2 Bytes)
93.57605s,Suzuki SLP1,36 2B FF FF FF FF FF FF FF FF FF FF FF FF FF FF FF FF FF FF FF FF FF FF FF FF FF FF FF FF … (4095 Bytes),93.57850s,Suzuki SLP1,76 2B (2 Bytes)
93.74237s,Suzuki SLP1,36 2C FF FF FF FF FF FF FF FF FF FF FF FF FF FF FF FF FF FF FF FF FF FF FF FF FF FF FF FF … (4095 Bytes),93.74774s,Suzuki SLP1,76 2C (2 Bytes)
93.91210s,Suzuki SLP1,36 2D FF FF FF FF FF FF FF FF FF FF FF FF FF FF FF FF FF FF FF FF FF FF FF FF FF FF FF FF … (4095 Bytes),93.91456s,Suzuki SLP1,76 2D (2 Bytes)
94.08086s,Suzuki SLP1,36 2E FF FF FF FF FF FF FF FF FF FF FF FF FF FF FF FF FF FF FF FF FF FF FF FF FF FF FF FF … (4095 Bytes),94.08381s,Suzuki SLP1,76 2E (2 Bytes)
94.24683s,Suzuki SLP1,36 2F FF FF FF FF FF FF FF FF FF FF FF FF FF FF FF FF FF FF FF FF FF FF FF FF FF FF FF FF … (4095 Bytes),94.25328s,Suzuki SLP1,76 2F (2 Bytes)
94.41665s,Suzuki SLP1,36 30 FF FF FF FF FF FF FF FF FF FF FF FF FF FF FF FF FF FF FF FF FF FF FF FF FF FF FF FF … (4095 Bytes),94.41911s,Suzuki SLP1,76 30 (2 Bytes)
94.58548s,Suzuki SLP1,36 31 FF FF FF FF FF FF FF FF FF FF FF FF FF FF FF FF FF FF FF FF FF FF FF FF FF FF FF FF … (4095 Bytes),94.58844s,Suzuki SLP1,76 31 (2 Bytes)
94.75517s,Suzuki SLP1,36 32 FF FF FF FF FF FF FF FF FF FF FF FF FF FF FF FF FF FF FF FF FF FF FF FF FF FF FF FF … (4095 Bytes),94.75763s,Suzuki SLP1,76 32 (2 Bytes)
94.92148s,Suzuki SLP1,36 33 FF FF FF FF FF FF FF FF FF FF FF FF FF FF FF FF FF FF FF FF FF FF FF FF FF FF FF FF … (4095 Bytes),94.92394s,Suzuki SLP1,76 33 (2 Bytes)
95.09081s,Suzuki SLP1,36 34 FF FF FF FF FF FF FF FF FF FF FF FF FF FF FF FF FF FF FF FF FF FF FF FF FF FF FF FF … (4095 Bytes),95.09376s,Suzuki SLP1,76 34 (2 Bytes)
95.25967s,Suzuki SLP1,36 35 FF FF FF FF FF FF FF FF FF FF FF FF FF FF FF FF FF FF FF FF FF FF FF FF FF FF FF FF … (4095 Bytes),95.26287s,Suzuki SLP1,76 35 (2 Bytes)
95.42615s,Suzuki SLP1,36 36 FF FF FF FF FF FF FF FF FF FF FF FF FF FF FF FF FF FF FF FF FF FF FF FF FF FF FF FF … (4095 Bytes),95.42908s,Suzuki SLP1,76 36 (2 Bytes)
95.59585s,Suzuki SLP1,36 37 FF FF FF FF FF FF FF FF FF FF FF FF FF FF FF FF FF FF FF FF FF FF FF FF FF FF FF FF … (4095 Bytes),95.59880s,Suzuki SLP1,76 37 (2 Bytes)
95.76520s,Suzuki SLP1,36 38 FF FF FF FF FF FF FF FF FF FF FF FF FF FF FF FF FF FF FF FF FF FF FF FF FF FF FF FF … (4095 Bytes),95.76814s,Suzuki SLP1,76 38 (2 Bytes)
95.93249s,Suzuki SLP1,36 39 FF FF FF FF FF FF FF FF FF FF FF FF FF FF FF FF FF FF FF FF FF FF FF FF FF FF FF FF … (4095 Bytes),95.93786s,Suzuki SLP1,76 39 (2 Bytes)
96.10181s,Suzuki SLP1,36 3A FF FF FF FF FF FF FF FF FF FF FF FF FF FF FF FF FF FF FF FF FF FF FF FF FF FF FF FF … (4095 Bytes),96.10426s,Suzuki SLP1,76 3A (2 Bytes)
96.27138s,Suzuki SLP1,36 3B FF FF FF FF FF FF FF FF FF FF FF FF FF FF FF FF FF FF FF FF FF FF FF FF FF FF FF FF … (4095 Bytes),96.27384s,Suzuki SLP1,76 3B (2 Bytes)
96.43705s,Suzuki SLP1,36 3C FF FF FF FF FF FF FF FF FF FF FF FF FF FF FF FF FF FF FF FF FF FF FF FF FF FF FF FF … (4095 Bytes),96.44326s,Suzuki SLP1,76 3C (2 Bytes)
96.44204s,FuncGroup-0x700,3E 80 (2 Bytes),,,
96.60648s,Suzuki SLP1,36 3D FF FF FF FF FF FF FF FF FF FF FF FF FF FF FF FF FF FF FF FF FF FF FF FF FF FF FF FF … (4095 Bytes),96.60941s,Suzuki SLP1,76 3D (2 Bytes)
96.77617s,Suzuki SLP1,36 3E FF FF FF FF FF FF FF FF FF FF FF FF FF FF FF FF FF FF FF FF FF FF FF FF FF FF FF FF … (4095 Bytes),96.77863s,Suzuki SLP1,76 3E (2 Bytes)
96.94252s,Suzuki SLP1,36 3F FF FF FF FF FF FF FF FF FF FF FF FF FF FF FF FF FF FF FF FF FF FF FF FF FF FF FF FF … (4095 Bytes),96.94789s,Suzuki SLP1,76 3F (2 Bytes)
97.11221s,Suzuki SLP1,36 40 FF FF FF FF FF FF FF FF FF FF FF FF FF FF FF FF FF FF FF FF FF FF FF FF FF FF FF FF … (4095 Bytes),97.11467s,Suzuki SLP1,76 40 (2 Bytes)
97.28111s,Suzuki SLP1,36 41 FF FF FF FF FF FF FF FF FF FF FF FF FF FF FF FF FF FF FF FF FF FF FF FF FF FF FF FF … (4095 Bytes),97.28406s,Suzuki SLP1,76 41 (2 Bytes)
97.44684s,Suzuki SLP1,36 42 FF FF FF FF FF FF FF FF FF FF FF FF FF FF FF FF FF FF FF FF FF FF FF FF FF FF FF FF … (4095 Bytes),97.45330s,Suzuki SLP1,76 42 (2 Bytes)
97.61656s,Suzuki SLP1,36 43 FF FF FF FF FF FF FF FF FF FF FF FF FF FF FF FF FF FF FF FF FF FF FF FF FF FF FF FF … (4095 Bytes),97.61902s,Suzuki SLP1,76 43 (2 Bytes)
97.78542s,Suzuki SLP1,36 44 FF FF FF FF FF FF FF FF FF FF FF FF FF FF FF FF FF FF FF FF FF FF FF FF FF FF FF FF … (4095 Bytes),97.78867s,Suzuki SLP1,76 44 (2 Bytes)
97.95551s,Suzuki SLP1,36 45 FF FF FF FF FF FF FF FF FF FF FF FF FF FF FF FF FF FF FF FF FF FF FF FF FF FF FF FF … (4095 Bytes),97.95796s,Suzuki SLP1,76 45 (2 Bytes)
98.12183s,Suzuki SLP1,36 46 FF FF FF FF FF FF FF FF FF FF FF FF FF FF FF FF FF FF FF FF FF FF FF FF FF FF FF FF … (4095 Bytes),98.12428s,Suzuki SLP1,76 46 (2 Bytes)
98.29138s,Suzuki SLP1,36 47 FF FF FF FF FF FF FF FF FF FF FF FF FF FF FF FF FF FF FF FF FF FF FF FF FF FF FF FF … (4095 Bytes),98.29434s,Suzuki SLP1,76 47 (2 Bytes)
98.45994s,Suzuki SLP1,36 48 FF FF FF FF FF FF FF FF FF FF FF FF FF FF FF FF FF FF FF FF FF FF FF FF FF FF FF FF … (4095 Bytes),98.46314s,Suzuki SLP1,76 48 (2 Bytes)
98.62650s,Suzuki SLP1,36 49 FF FF FF FF FF FF FF FF FF FF FF FF FF FF FF FF FF FF FF FF FF FF FF FF FF FF FF FF … (4095 Bytes),98.62976s,Suzuki SLP1,76 49 (2 Bytes)
98.79664s,Suzuki SLP1,36 4A FF FF FF FF FF FF FF FF FF FF FF FF FF FF FF FF FF FF FF FF FF FF FF FF FF FF FF FF … (4095 Bytes),98.79959s,Suzuki SLP1,76 4A (2 Bytes)
98.96594s,Suzuki SLP1,36 4B FF FF FF FF FF FF FF FF FF FF FF FF FF FF FF FF FF FF FF FF FF FF FF FF FF FF FF FF … (4095 Bytes),98.96883s,Suzuki SLP1,76 4B (2 Bytes)
99.13323s,Suzuki SLP1,36 4C FF FF FF FF FF FF FF FF FF FF FF FF FF FF FF FF FF FF FF FF FF FF FF FF FF FF FF FF … (4095 Bytes),99.13885s,Suzuki SLP1,76 4C (2 Bytes)
99.30276s,Suzuki SLP1,36 4D FF FF FF FF FF FF FF FF FF FF FF FF FF FF FF FF FF FF FF FF FF FF FF FF FF FF FF FF … (4095 Bytes),99.30521s,Suzuki SLP1,76 4D (2 Bytes)
99.47209s,Suzuki SLP1,36 4E FF FF FF FF FF FF FF FF FF FF FF FF FF FF FF FF FF FF FF FF FF FF FF FF FF FF FF FF … (4095 Bytes),99.47454s,Suzuki SLP1,76 4E (2 Bytes)
99.63779s,Suzuki SLP1,36 4F FF FF FF FF FF FF FF FF FF FF FF FF FF FF FF FF FF FF FF FF FF FF FF FF FF FF FF FF … (4095 Bytes),99.64375s,Suzuki SLP1,76 4F (2 Bytes)
99.80699s,Suzuki SLP1,36 50 FF FF FF FF FF FF FF FF FF FF FF FF FF FF FF FF FF FF FF FF FF FF FF FF FF FF FF FF … (4095 Bytes),99.80960s,Suzuki SLP1,76 50 (2 Bytes)
99.97040s,Suzuki SLP1,36 51 FF FF FF FF FF FF FF FF FF FF FF FF FF FF FF FF FF FF FF FF FF FF FF FF FF FF FF FF … (4095 Bytes),99.97532s,Suzuki SLP1,76 51 (2 Bytes)
100.13063s,Suzuki SLP1,36 52 F3 4F 8F 20 68 4E F6 98 55 CE F2 00 05 50 B1 00 20 81 1C 29 60 A9 68 01 30 21 F0 01 … (4095 Bytes),100.13637s,Suzuki SLP1,76 52 (2 Bytes)
100.29035s,Suzuki SLP1,36 53 00 28 40 F0 BF 80 00 20 0D F1 8A 01 00 22 88 54 01 32 80 2A FB D1 44 F2 D0 70 C2 F2 … (4095 Bytes),100.29606s,Suzuki SLP1,76 53 (2 Bytes)
100.45384s,Suzuki SLP1,36 54 B9 AA 1A EF 2A 01 D8 00 28 F8 D0 00 20 01 F0 2E F8 09 F0 FE 01 00 23 8A 1E 4F F0 00 … (4095 Bytes),100.45958s,Suzuki SLP1,76 54 (2 Bytes)
100.45607s,FuncGroup-0x700,3E 80 (2 Bytes),,,
100.61473s,Suzuki SLP1,36 55 00 EB C1 00 9F ED 15 3A 00 F1 3C 03 08 BF 00 F1 4C 03 93 ED 00 2A 00 F1 40 03 02 EE … (4095 Bytes),100.62049s,Suzuki SLP1,76 55 (2 Bytes)
100.77872s,Suzuki SLP1,36 56 F0 03 00 C1 B2 49 EA 01 00 C8 F8 00 00 DA F8 00 00 28 B9 2B 68 00 20 04 E0 47 F0 03 … (4095 Bytes),100.78441s,Suzuki SLP1,76 56 (2 Bytes)
100.93889s,Suzuki SLP1,36 57 C2 F2 00 09 D9 F8 00 00 08 B9 D8 F8 00 50 30 B9 D8 F8 00 10 18 B9 69 1A 89 09 18 29 … (4095 Bytes),100.94463s,Suzuki SLP1,76 57 (2 Bytes)
101.09997s,Suzuki SLP1,36 58 B0 BD E8 F0 40 00 F0 93 BF 10 B5 04 28 09 D8 42 F2 00 51 04 28 C2 F2 00 01 0C 5C 18 … (4095 Bytes),101.10569s,Suzuki SLP1,76 58 (2 Bytes)
101.26301s,Suzuki SLP1,36 59 00 20 DE F8 00 00 00 28 E8 D1 10 20 CC F8 48 00 DE F8 00 00 00 28 E1 D1 4F F6 FD 71 … (4095 Bytes),101.26958s,Suzuki SLP1,76 59 (2 Bytes)
101.42489s,Suzuki SLP1,36 5A FA 00 F1 C9 07 04 D1 01 30 04 28 F8 D1 13 20 00 E0 13 30 00 26 00 BF 24 FA 06 F1 C9 … (4095 Bytes),101.43112s,Suzuki SLP1,76 5A (2 Bytes)
101.58883s,Suzuki SLP1,36 5B 00 01 08 BF 41 F2 C1 21 82 07 58 BF 41 F2 C2 21 42 07 58 BF 41 F2 C3 21 02 07 58 BF … (4095 Bytes),101.59457s,Suzuki SLP1,76 5B (2 Bytes)
101.75152s,Suzuki SLP1,36 5C EE 10 1A 20 F8 18 10 B0 EE C1 0A 95 ED 01 1A B4 EE 40 1A F1 EE 10 FA 0B DA 2B 20 B8 … (4095 Bytes),101.75728s,Suzuki SLP1,76 5C (2 Bytes)
101.91213s,Suzuki SLP1,36 5D 9F ED DF 1A 22 EE 01 1A 9F ED DC 2A 20 EE 02 2A 9F ED DF 0A 53 E0 B0 EE 41 0A 4A 02 … (4095 Bytes),101.91791s,Suzuki SLP1,76 5D (2 Bytes)
102.07465s,Suzuki SLP1,36 5E 42 E1 D1 F7 F7 8A FD 1D B0 BD E8 F0 8F B0 B5 D0 F8 93 40 12 B1 F8 F7 B5 F9 0F E0 0D … (4095 Bytes),102.08042s,Suzuki SLP1,76 5E (2 Bytes)
102.23577s,Suzuki SLP1,36 5F 03 F0 76 FD B0 EE 4B 0A F0 EE 4A 0A B0 EE 49 1A 0B F5 C0 71 04 20 08 91 03 F0 6A FD … (4095 Bytes),102.24155s,Suzuki SLP1,76 5F (2 Bytes)
102.39560s,Suzuki SLP1,36 60 B2 00 F0 FE 00 A1 FB 0B 23 02 30 A0 FB 0B 02 4F 08 5F FA 85 F8 30 21 C3 F3 84 00 C2 … (4095 Bytes),102.40134s,Suzuki SLP1,76 60 (2 Bytes)
102.55781s,Suzuki SLP1,36 61 1A 93 C0 F2 12 01 2B E0 43 F2 00 51 46 F6 00 23 C0 F2 0C 01 1B 91 41 F2 48 61 C0 F2 … (4095 Bytes),102.56357s,Suzuki SLP1,76 61 (2 Bytes)
102.71816s,Suzuki SLP1,36 62 B0 07 46 0B 9C 00 68 88 46 D7 E9 02 56 20 60 21 46 78 68 60 60 A5 60 9B 46 E6 60 92 … (4095 Bytes),102.72397s,Suzuki SLP1,76 62 (2 Bytes)
102.88106s,Suzuki SLP1,36 63 45 EA 05 24 22 46 F5 F7 A3 FF 44 EA 05 40 28 21 40 EA 05 64 23 20 22 46 F5 F7 9A FF … (4095 Bytes),102.88684s,Suzuki SLP1,76 63 (2 Bytes)
103.04149s,Suzuki SLP1,36 64 21 0E E0 01 29 0D D1 46 F6 7C 50 C2 F2 00 00 40 7B 38 B9 47 F6 F0 70 C2 F2 00 00 01 … (4095 Bytes),103.04767s,Suzuki SLP1,76 64 (2 Bytes)
103.20320s,Suzuki SLP1,36 65 C9 B9 47 F6 F0 71 C2 F2 00 01 0B 68 EB B1 70 47 47 F6 F0 71 C2 F2 00 01 0B 68 00 2B … (4095 Bytes),103.20939s,Suzuki SLP1,76 65 (2 Bytes)
103.36815s,Suzuki SLP1,36 66 69 00 00 F4 48 00 20 15 00 00 00 16 00 00 00 17 00 00 00 18 00 00 00 54 2C 00 20 E9 … (4095 Bytes),103.37392s,Suzuki SLP1,76 66 (2 Bytes)
103.52894s,Suzuki SLP1,36 67 6D 4B 00 F0 D1 80 00 24 6C 4F D8 B9 EA F7 95 FB 02 D1 EA F7 3E FB F8 D3 00 20 00 21 … (4095 Bytes),103.53564s,Suzuki SLP1,76 67 (2 Bytes)
103.69058s,Suzuki SLP1,36 68 EE 10 4A FC F7 FF FF 30 46 01 21 22 46 FC F7 FA FF 40 35 0A F1 01 0A B5 F5 A0 7F BE … (4095 Bytes),103.69633s,Suzuki SLP1,76 68 (2 Bytes)
103.85301s,Suzuki SLP1,36 69 AB 00 C8 F8 00 00 B0 EE 6E DA 51 E1 00 00 00 00 B1 A9 A4 2B 00 00 7A 44 00 D8 8D 46 … (4095 Bytes),103.85878s,Suzuki SLP1,76 69 (2 Bytes)
104.01427s,Suzuki SLP1,36 6A 46 E5 D0 05 2F 08 BF 00 2A 23 D0 05 9B FA B9 4A 69 42 F0 00 42 4A 61 D8 F8 00 20 C2 … (4095 Bytes),104.01998s,Suzuki SLP1,76 6A (2 Bytes)
104.17818s,Suzuki SLP1,36 6B 12 09 18 2A F7 D9 2A 20 4F F4 61 71 4F F4 80 72 ED F7 AA FF 00 20 01 21 2A 46 03 F0 … (4095 Bytes),104.18389s,Suzuki SLP1,76 6B (2 Bytes)
104.33874s,Suzuki SLP1,36 6C F8 32 01 00 E0 00 20 9A F8 01 10 91 B1 0A EB 04 02 0A F2 5F 13 00 27 92 F8 05 21 00 … (4095 Bytes),104.34452s,Suzuki SLP1,76 6C (2 Bytes)
104.49972s,Suzuki SLP1,36 6D 5B F8 25 10 41 EA 06 04 00 21 00 7D 22 46 EB F7 AE FF 4B F8 25 40 01 35 04 2D EB D1 … (4095 Bytes),104.50552s,Suzuki SLP1,76 6D (2 Bytes)
104.50120s,FuncGroup-0x700,3E 80 (2 Bytes),,,
104.66319s,Suzuki SLP1,36 6E 3F 12 D9 48 45 0A D8 B0 F1 00 5F 07 D3 4C 45 05 D8 B4 F1 00 5F 02 D3 B6 F5 00 4F 08 … (4095 Bytes),104.66951s,Suzuki SLP1,76 6E (2 Bytes)
104.83215s,Suzuki SLP1,36 6F 00 22 E8 F7 52 FF FF E7 06 B0 80 BD 2D E9 F0 41 41 F2 23 42 0D 46 80 46 CA F2 A5 52 … (4095 Bytes),104.83797s,Suzuki SLP1,76 6F (2 Bytes)
105.00212s,Suzuki SLP1,36 70 00 00 00 00 00 00 00 00 00 00 00 00 00 00 00 00 00 00 00 00 00 00 00 00 00 00 00 00 … (4095 Bytes),105.00828s,Suzuki SLP1,76 70 (2 Bytes)
105.17530s,Suzuki SLP1,36 71 00 00 00 00 00 00 00 00 00 00 00 00 00 00 00 00 00 00 00 00 00 00 00 00 00 00 00 00 … (4095 Bytes),105.17867s,Suzuki SLP1,76 71 (2 Bytes)
105.34256s,Suzuki SLP1,36 72 FF FF FF FF FF FF FF FF FF FF FF FF FF FF FF FF FF FF FF FF FF FF FF FF FF FF FF FF … (4095 Bytes),105.34826s,Suzuki SLP1,76 72 (2 Bytes)
105.51271s,Suzuki SLP1,36 73 00 00 00 00 00 00 00 00 00 00 00 00 00 00 00 00 00 00 00 00 00 00 00 00 00 00 00 00 … (4095 Bytes),105.51846s,Suzuki SLP1,76 73 (2 Bytes)
105.68296s,Suzuki SLP1,36 74 00 00 00 00 00 00 00 00 00 00 00 00 00 00 00 00 00 00 00 00 00 00 00 00 00 00 00 00 … (4095 Bytes),105.68913s,Suzuki SLP1,76 74 (2 Bytes)
105.84518s,Suzuki SLP1,36 75 00 0C 00 00 B7 12 00 00 00 04 00 00 E7 12 00 00 00 18 00 00 65 13 00 00 02 FF 00 00 … (4095 Bytes),105.85278s,Suzuki SLP1,76 75 (2 Bytes)
106.01408s,Suzuki SLP1,36 76 A0 01 00 00 00 00 00 00 00 00 00 CD 94 01 00 00 00 00 00 00 00 00 00 00 00 00 00 00 … (4095 Bytes),106.01982s,Suzuki SLP1,76 76 (2 Bytes)
106.18642s,Suzuki SLP1,36 77 00 00 00 00 00 00 00 00 00 00 00 00 00 00 00 00 00 00 00 00 00 00 00 00 00 00 00 00 … (4095 Bytes),106.19286s,Suzuki SLP1,76 77 (2 Bytes)
106.35860s,Suzuki SLP1,36 78 00 00 00 00 00 00 00 00 00 00 00 00 00 00 00 00 00 00 00 00 00 00 00 00 00 00 00 00 … (4095 Bytes),106.36431s,Suzuki SLP1,76 78 (2 Bytes)
106.52739s,Suzuki SLP1,36 79 00 00 00 00 00 00 00 00 00 00 00 00 00 00 00 00 00 00 00 00 00 00 00 00 00 00 00 00 … (4095 Bytes),106.53556s,Suzuki SLP1,76 79 (2 Bytes)
106.69953s,Suzuki SLP1,36 7A 00 00 00 00 00 00 00 00 00 00 00 00 00 00 00 00 00 00 00 00 00 00 00 00 00 00 00 00 … (4095 Bytes),106.70290s,Suzuki SLP1,76 7A (2 Bytes)
106.86274s,Suzuki SLP1,36 7B FF FF FF FF FF FF FF FF FF FF FF FF FF FF FF FF FF FF FF FF FF FF FF FF FF FF FF FF … (4095 Bytes),106.86804s,Suzuki SLP1,76 7B (2 Bytes)
107.02382s,Suzuki SLP1,36 7C B9 63 3C 80 52 81 02 80 52 20 01 80 52 A1 FE FF 97 7F 06 00 71 A1 01 00 54 09 00 00 … (4095 Bytes),107.03033s,Suzuki SLP1,76 7C (2 Bytes)
107.18955s,Suzuki SLP1,36 7D 48 21 A9 9B 09 D1 00 91 0A 45 40 B8 3F 01 08 EB 0A 44 00 B8 A1 FF FF 54 BF 3F 03 D5 … (4095 Bytes),107.19530s,Suzuki SLP1,76 7D (2 Bytes)
107.35345s,Suzuki SLP1,36 7E 01 08 8B 09 01 41 39 0B 00 01 91 08 19 09 8B 09 14 40 38 7F 01 00 EB 09 15 00 38 A1 … (4095 Bytes),107.35919s,Suzuki SLP1,76 7E (2 Bytes)
107.51482s,Suzuki SLP1,36 7F 00 90 E1 03 1F 2A F8 1B 00 F9 02 08 80 52 F4 57 01 A9 73 02 26 91 F5 03 00 AA F6 5F … (4095 Bytes),107.52057s,Suzuki SLP1,76 7F (2 Bytes)
107.67824s,Suzuki SLP1,36 80 B9 70 1E 00 BD F4 0B 40 F9 E8 27 41 AD FE 4F C4 A8 C0 03 5F D6 00 00 00 00 00 00 7E … (4095 Bytes),107.68394s,Suzuki SLP1,76 80 (2 Bytes)
107.83850s,Suzuki SLP1,36 81 F0 BD F7 DE 7B EF E3 3F 63 0D 96 BC 58 F2 B5 BF 1C 9F 3F 64 AF F3 BC 3F 21 63 8C 31 … (4095 Bytes),107.84426s,Suzuki SLP1,76 81 (2 Bytes)
107.99957s,Suzuki SLP1,36 82 16 40 79 3F 01 0A 6B 42 00 00 54 68 16 00 79 6A 0E 40 79 EA 00 00 35 68 0E 00 79 1F … (4095 Bytes),108.00535s,Suzuki SLP1,76 82 (2 Bytes)
108.16302s,Suzuki SLP1,36 83 23 1E D4 00 23 1E 56 0A 33 1E B5 2A 28 1E 94 0A 31 1E B5 0A 31 1E CD 02 38 1E AD 3D … (4095 Bytes),108.16967s,Suzuki SLP1,76 83 (2 Bytes)
108.32460s,Suzuki SLP1,36 84 1C 31 7A 6B 78 15 14 00 1C 4D 49 C0 79 F6 13 00 1C 4E 4D C0 79 10 02 23 1E 8C 79 EB … (4095 Bytes),108.33087s,Suzuki SLP1,76 84 (2 Bytes)
108.49013s,Suzuki SLP1,36 85 31 00 22 1E D0 04 00 1C 72 00 22 1E B3 00 22 1E 31 0A 30 1E E2 C3 00 91 52 0A 30 1E … (4095 Bytes),108.49585s,Suzuki SLP1,76 85 (2 Bytes)
108.65386s,Suzuki SLP1,36 86 00 00 34 68 01 08 4B 1F 09 00 71 48 00 00 54 2A 04 00 39 08 04 40 F9 28 01 00 B4 09 … (4095 Bytes),108.65963s,Suzuki SLP1,76 86 (2 Bytes)
108.65609s,FuncGroup-0x700,3E 80 (2 Bytes),,,
108.81466s,Suzuki SLP1,36 87 80 52 00 10 40 B9 67 20 00 94 00 1C 00 53 1F 80 00 71 A2 0A 00 54 57 00 80 52 F6 03 … (4095 Bytes),108.82047s,Suzuki SLP1,76 87 (2 Bytes)
108.97812s,Suzuki SLP1,36 88 54 F4 57 41 A9 F6 5F 42 A9 F8 67 43 A9 FA 6F 44 A9 FE 4F C5 A8 C0 03 5F D6 6F 12 83 … (4095 Bytes),108.98392s,Suzuki SLP1,76 88 (2 Bytes)
109.13734s,Suzuki SLP1,36 89 0A 04 01 79 08 0A 80 52 0A 3C 01 79 49 1F 80 52 08 0C 01 79 8A 3E 80 52 09 08 01 79 … (4095 Bytes),109.14371s,Suzuki SLP1,76 89 (2 Bytes)
109.29852s,Suzuki SLP1,36 8A 03 00 54 E9 03 1F AA 30 04 00 1C 68 02 45 39 3F 01 08 EB A0 01 00 54 08 05 80 D2 28 … (4095 Bytes),109.30436s,Suzuki SLP1,76 8A (2 Bytes)
109.46167s,Suzuki SLP1,36 8B 00 39 C0 03 5F D6 00 00 C8 42 1F 20 03 D5 FE 4F BE A9 F3 03 01 AA F4 0B 00 F9 F4 03 … (4095 Bytes),109.46793s,Suzuki SLP1,76 8B (2 Bytes)
109.62325s,Suzuki SLP1,36 8C 2A 08 B1 00 91 E9 03 00 AA 2A 0C 40 B9 09 79 69 78 5F 01 09 6B AB 00 00 54 00 04 00 … (4095 Bytes),109.62941s,Suzuki SLP1,76 8C (2 Bytes)
109.78671s,Suzuki SLP1,36 8D 53 0A 33 1E C2 1E 00 54 A8 4A 42 39 10 01 23 1E 10 19 30 1E C9 16 40 F9 72 4E 40 BD … (4095 Bytes),109.79315s,Suzuki SLP1,76 8D (2 Bytes)
109.94628s,Suzuki SLP1,36 8E 03 2A 2A 69 3D 00 53 3F 69 06 71 22 03 00 54 8A 01 80 52 4B 21 A9 9B 0A 04 40 B9 69 … (4095 Bytes),109.95289s,Suzuki SLP1,76 8E (2 Bytes)
110.10662s,Suzuki SLP1,36 8F 40 39 F4 03 13 2A F5 03 13 2A D6 62 06 91 97 01 00 35 C8 06 40 F9 08 B5 41 39 F3 1E … (4095 Bytes),110.11281s,Suzuki SLP1,76 8F (2 Bytes)
110.27071s,Suzuki SLP1,36 90 A9 F6 5F 02 A9 F6 03 00 AA F8 1B 00 F9 F7 03 01 AA F4 57 01 A9 90 04 00 94 F4 03 00 … (4095 Bytes),110.27641s,Suzuki SLP1,76 90 (2 Bytes)
110.43204s,Suzuki SLP1,36 91 6B 00 80 52 04 00 00 14 5F 09 00 71 A1 00 00 54 2B 00 80 52 0A 01 40 39 6A 05 1A 33 … (4095 Bytes),110.43780s,Suzuki SLP1,76 91 (2 Bytes)
110.59203s,Suzuki SLP1,36 92 2B 00 BD E1 2F 00 BD E8 17 40 F9 E8 07 80 3D E8 13 00 F9 F2 FC FF 97 F0 27 40 BD 11 … (4095 Bytes),110.59778s,Suzuki SLP1,76 92 (2 Bytes)
110.75502s,Suzuki SLP1,36 93 19 79 02 00 00 14 94 06 00 11 68 05 00 D0 08 D1 50 79 9F 02 08 6B 63 FC FF 54 F4 0B … (4095 Bytes),110.76078s,Suzuki SLP1,76 93 (2 Bytes)
110.91557s,Suzuki SLP1,36 94 AD 30 0C 40 BD 12 0C 40 BD 11 14 40 BD 33 14 40 BD 49 4A 30 1E 6A 5A 31 1E 40 21 29 … (4095 Bytes),110.92130s,Suzuki SLP1,76 94 (2 Bytes)
111.07948s,Suzuki SLP1,36 95 1F 11 00 79 09 29 00 39 C0 03 5F D6 FE 4F BE A9 73 05 00 90 73 C2 2C 91 02 C0 81 52 … (4095 Bytes),111.08522s,Suzuki SLP1,76 95 (2 Bytes)
111.24003s,Suzuki SLP1,36 96 01 5C 79 08 01 0D 8B 49 01 09 4B 29 05 00 11 09 69 2B 78 F4 57 41 A9 F6 13 40 F9 FE … (4095 Bytes),111.24576s,Suzuki SLP1,76 96 (2 Bytes)
111.40097s,Suzuki SLP1,36 97 FF 97 F8 03 00 2A 1F 07 00 71 80 00 00 54 E8 7B 40 B9 1F 01 19 6B 6C FC FF 54 FF 06 … (4095 Bytes),111.40761s,Suzuki SLP1,76 97 (2 Bytes)
111.56502s,Suzuki SLP1,36 98 BD C1 FF FF 97 00 1C 00 53 28 00 80 52 1F 00 00 71 F7 03 88 1A E0 03 17 AA F4 57 41 … (4095 Bytes),111.57133s,Suzuki SLP1,76 98 (2 Bytes)
111.72583s,Suzuki SLP1,36 99 54 F1 FF 97 68 2E 40 79 8A 26 40 F9 09 0C 80 52 28 29 A8 9B 15 B1 00 79 0D 00 00 14 … (4095 Bytes),111.73569s,Suzuki SLP1,76 99 (2 Bytes)
111.89024s,Suzuki SLP1,36 9A 8F 00 BD 0A 41 20 1E 55 DA FF 97 53 05 00 B0 73 C2 0B 91 68 72 40 F9 10 19 00 1C 11 … (4095 Bytes),111.89607s,Suzuki SLP1,76 9A (2 Bytes)
112.05397s,Suzuki SLP1,36 9B 80 12 F4 57 01 A9 F4 03 00 AA F5 03 01 AA 5F 00 08 6B C0 01 00 54 88 01 80 D2 53 7C … (4095 Bytes),112.05978s,Suzuki SLP1,76 9B (2 Bytes)
112.21550s,Suzuki SLP1,36 9C BD 60 FA 41 BD D7 FF FF 97 60 FA 01 BD F4 57 41 A9 F6 13 40 F9 FE 4F C3 A8 C0 03 5F … (4095 Bytes),112.22131s,Suzuki SLP1,76 9C (2 Bytes)
112.37953s,Suzuki SLP1,36 9D C9 FD FF 54 D0 7A 73 BC 00 22 28 1E CA 01 00 54 A8 06 40 B9 7F 02 08 6B 60 01 00 54 … (4095 Bytes),112.38530s,Suzuki SLP1,76 9D (2 Bytes)
112.54084s,Suzuki SLP1,36 9E D0 03 91 90 79 69 BC 11 03 00 1C 10 C2 20 1E 00 22 31 1E 8B 00 00 54 B1 02 00 1C 00 … (4095 Bytes),112.54662s,Suzuki SLP1,76 9E (2 Bytes)
112.70199s,Suzuki SLP1,36 9F FF 97 60 32 00 91 E3 FF FF 97 60 62 00 91 ED FF FF 97 7F 26 00 B9 FE 4F C1 A8 C0 03 … (4095 Bytes),112.70817s,Suzuki SLP1,76 9F (2 Bytes)
112.70422s,FuncGroup-0x700,3E 80 (2 Bytes),,,
112.86611s,Suzuki SLP1,36 A0 94 05 00 00 14 E2 03 16 2A C1 2E 80 52 80 07 80 52 89 2A 00 94 F6 03 1F 2A E0 03 16 … (4095 Bytes),112.87271s,Suzuki SLP1,76 A0 (2 Bytes)
113.02817s,Suzuki SLP1,36 A1 1F 20 03 D5 1F 20 03 D5 1F 20 03 D5 59 03 00 35 1F 03 00 39 1F 20 03 D5 1F 20 03 D5 … (4095 Bytes),113.03546s,Suzuki SLP1,76 A1 (2 Bytes)
113.19036s,Suzuki SLP1,36 A2 21 80 52 A0 08 80 52 8D 22 00 94 35 00 00 14 F5 03 1F 2A 2F 00 00 14 C8 00 80 52 13 … (4095 Bytes),113.19618s,Suzuki SLP1,76 A2 (2 Bytes)
113.35398s,Suzuki SLP1,36 A3 20 1E 62 02 00 1C A8 01 00 94 E0 03 14 AA BE 01 00 94 E8 03 14 AA E9 03 17 AA 8A 52 … (4095 Bytes),113.35973s,Suzuki SLP1,76 A3 (2 Bytes)
113.51508s,Suzuki SLP1,36 A4 AA 38 FC FF 97 60 E2 01 39 F4 0B 40 F9 FE 4F C2 A8 C0 03 5F D6 1F 20 03 D5 FE 4F BE … (4095 Bytes),113.52084s,Suzuki SLP1,76 A4 (2 Bytes)
113.67881s,Suzuki SLP1,36 A5 E8 2F 00 B9 F0 33 40 BD F1 2B 40 BD F2 37 40 BD F3 2F 40 BD 02 41 20 1E 00 3A 31 1E … (4095 Bytes),113.68451s,Suzuki SLP1,76 A5 (2 Bytes)
113.83901s,Suzuki SLP1,36 A6 79 6A BC 20 08 30 1E FF 43 00 91 21 08 31 1E C0 03 5F D6 63 14 1D 44 DB AF 1C 44 83 … (4095 Bytes),113.84473s,Suzuki SLP1,76 A6 (2 Bytes)
113.99991s,Suzuki SLP1,36 A7 00 54 5F 25 00 71 20 05 00 54 F0 83 40 BD F1 73 40 BD F2 87 40 BD F3 77 40 BD 10 2A … (4095 Bytes),114.00561s,Suzuki SLP1,76 A7 (2 Bytes)
114.16312s,Suzuki SLP1,36 A8 A9 F5 03 01 AA F4 03 02 AA E8 27 01 AD 09 40 20 1E FF 02 00 94 69 7A 40 79 68 EE 40 … (4095 Bytes),114.16960s,Suzuki SLP1,76 A8 (2 Bytes)
114.32493s,Suzuki SLP1,36 A9 50 01 00 BD 08 05 00 91 F0 01 00 1C 51 05 00 BD 1F F5 00 F1 50 09 00 BD 83 FE FF 54 … (4095 Bytes),114.33112s,Suzuki SLP1,76 A9 (2 Bytes)
114.48946s,Suzuki SLP1,36 AA 21 00 39 10 05 00 BD 94 06 00 91 9F 02 18 EB E3 FB FF 54 F4 57 41 A9 F6 5F 42 A9 F8 … (4095 Bytes),114.49516s,Suzuki SLP1,76 AA (2 Bytes)
114.65320s,Suzuki SLP1,36 AB 1F 2A B5 FF FF 97 0A 00 00 14 44 00 80 52 E3 03 1F 2A 22 00 80 52 B0 FF FF 97 05 00 … (4095 Bytes),114.65896s,Suzuki SLP1,76 AB (2 Bytes)
114.81438s,Suzuki SLP1,36 AC 39 1F 20 03 D5 1F 20 03 D5 1F 20 03 D5 1F 20 03 D5 2A 02 00 B4 E9 03 1F 2A 0C 00 00 … (4095 Bytes),114.82021s,Suzuki SLP1,76 AC (2 Bytes)
114.97743s,Suzuki SLP1,36 AD 0C 00 00 14 0B D0 25 1E E0 03 17 AA 00 41 20 1E E1 13 03 91 61 41 20 1E F5 B6 00 94 … (4095 Bytes),114.98318s,Suzuki SLP1,76 AD (2 Bytes)
115.13679s,Suzuki SLP1,36 AE 21 30 1E AD 00 00 54 60 21 2A 1E 6D 00 00 54 30 42 20 1E 02 00 00 14 10 41 20 1E 00 … (4095 Bytes),115.14315s,Suzuki SLP1,76 AE (2 Bytes)
115.29648s,Suzuki SLP1,36 AF 00 34 C9 F0 98 D2 08 18 95 D2 29 69 78 38 8A 01 80 52 08 03 08 8B 48 21 A9 9B E0 03 … (4095 Bytes),115.30224s,Suzuki SLP1,76 AF (2 Bytes)
115.45870s,Suzuki SLP1,36 B0 97 F4 57 41 A9 F6 5F 42 A9 FE 4F C4 A8 C0 03 5F D6 00 00 00 00 10 0C 40 BD 11 10 22 … (4095 Bytes),115.46447s,Suzuki SLP1,76 B0 (2 Bytes)
115.61935s,Suzuki SLP1,36 B1 2C C2 20 1E 0D C2 20 1E 73 EB 00 94 70 0E 40 BD 12 10 21 1E 11 C1 20 1F 52 C2 20 1F … (4095 Bytes),115.62506s,Suzuki SLP1,76 B1 (2 Bytes)
115.78216s,Suzuki SLP1,36 B2 0C 00 1C 34 2A 34 1E 51 0A 33 1E 93 0A 35 1E 72 A2 41 BD 75 A6 41 BD 74 0B 00 1C 29 … (4095 Bytes),115.78867s,Suzuki SLP1,76 B2 (2 Bytes)
115.94314s,Suzuki SLP1,36 B3 00 94 00 1C 00 53 80 05 00 34 D0 AE 42 BD 11 30 24 1E 00 22 31 1E 09 05 00 54 11 10 … (4095 Bytes),115.94937s,Suzuki SLP1,76 B3 (2 Bytes)
116.10442s,Suzuki SLP1,36 B4 2A 0A 24 40 BD 08 0A 31 1E 0B 00 00 14 08 6C 80 52 03 41 21 1E 14 55 B3 9B 02 41 20 … (4095 Bytes),116.11076s,Suzuki SLP1,76 B4 (2 Bytes)
116.26953s,Suzuki SLP1,36 B5 21 41 20 1E 82 15 00 1C C0 1A 40 BD 5C D4 00 94 80 56 00 BD 21 41 20 1E E2 14 00 1C … (4095 Bytes),116.27531s,Suzuki SLP1,76 B5 (2 Bytes)
116.43032s,Suzuki SLP1,36 B6 2A 30 1E 90 0A 32 1E 71 0A 31 1E 21 41 20 1E 00 41 20 1E E1 03 14 AA E2 A3 01 91 F0 … (4095 Bytes),116.43602s,Suzuki SLP1,76 B6 (2 Bytes)
116.59051s,Suzuki SLP1,36 B7 47 39 C8 03 08 36 91 A6 41 BD 12 10 2C 1E 50 05 00 1C 31 0A 32 1E 88 00 18 36 30 42 … (4095 Bytes),116.59631s,Suzuki SLP1,76 B7 (2 Bytes)
116.75349s,Suzuki SLP1,36 B8 B9 71 4A 29 1E 08 19 06 53 10 4A 29 1E 40 22 31 1E 89 01 00 54 F3 AF 40 BD 73 3A 31 … (4095 Bytes),116.75921s,Suzuki SLP1,76 B8 (2 Bytes)
116.75572s,FuncGroup-0x700,3E 80 (2 Bytes),,,
116.91363s,Suzuki SLP1,36 B9 76 C4 00 94 D0 16 40 BD 11 D0 22 1E 10 C2 20 1E 00 22 31 1E 0A 06 00 54 D0 0A 40 BD … (4095 Bytes),116.91941s,Suzuki SLP1,76 B9 (2 Bytes)
117.07663s,Suzuki SLP1,36 BA 24 40 BD 51 0B 00 1C 31 0A 30 1E 32 0B 00 1C 31 C2 20 1E 49 5A 31 1E 11 10 40 BD 0A … (4095 Bytes),117.08270s,Suzuki SLP1,76 BA (2 Bytes)
117.23669s,Suzuki SLP1,36 BB 01 79 88 5A 41 F9 11 C2 20 1E 8A 56 41 F9 08 69 73 38 E8 A3 02 39 48 69 73 38 09 09 … (4095 Bytes),117.24266s,Suzuki SLP1,76 BB (2 Bytes)
117.39644s,Suzuki SLP1,36 BC AD EA AF 02 AD E8 A7 01 AD F6 5F 02 A9 08 40 86 D2 F4 57 01 A9 08 69 61 78 F3 03 00 … (4095 Bytes),117.40224s,Suzuki SLP1,76 BC (2 Bytes)
117.55890s,Suzuki SLP1,36 BD 1F 20 03 D5 30 00 00 14 41 42 20 1E 00 F0 42 BD E1 03 1F 2A E0 43 00 91 83 FF FF 97 … (4095 Bytes),117.56476s,Suzuki SLP1,76 BD (2 Bytes)
117.71950s,Suzuki SLP1,36 BE 31 80 52 FF 3E 06 71 16 21 97 1A 16 0C 00 34 A9 12 16 8B 08 20 83 D2 A8 02 08 8B 37 … (4095 Bytes),117.72526s,Suzuki SLP1,76 BE (2 Bytes)
117.88218s,Suzuki SLP1,36 BF 31 1E 08 07 00 54 14 1D 40 BD B1 4B 00 1C 90 C2 20 1E 00 22 31 1E 68 06 00 54 10 0D … (4095 Bytes),117.88865s,Suzuki SLP1,76 BF (2 Bytes)
118.04323s,Suzuki SLP1,36 C0 D2 29 69 60 38 1F 01 09 6B 23 FF FF 54 C0 03 5F D6 1F 20 03 D5 00 3C 00 53 21 3C 00 … (4095 Bytes),118.04946s,Suzuki SLP1,76 C0 (2 Bytes)
118.20491s,Suzuki SLP1,36 C1 FE 4F C3 A8 C0 03 5F D6 AB AA 2A BF AB AA EA 40 FE 4F B9 A9 EA AF 02 AD E8 A7 01 AD … (4095 Bytes),118.21114s,Suzuki SLP1,76 C1 (2 Bytes)
118.36953s,Suzuki SLP1,36 C2 42 21 1E 70 06 00 BD 88 1A 40 39 48 02 00 35 88 16 40 39 28 01 00 35 50 04 00 1C 51 … (4095 Bytes),118.37535s,Suzuki SLP1,76 C2 (2 Bytes)
118.53066s,Suzuki SLP1,36 C3 00 54 82 3E 00 53 61 3E 00 53 E0 03 15 AA 6E FF FF 97 16 00 00 14 5F 01 00 71 EA 07 … (4095 Bytes),118.53642s,Suzuki SLP1,76 C3 (2 Bytes)
118.69097s,Suzuki SLP1,36 C4 BC 08 05 00 91 1F 0D 00 F1 09 FF FF 54 73 06 00 11 7F 0E 00 71 69 FC FF 54 E0 23 40 … (4095 Bytes),118.69670s,Suzuki SLP1,76 C4 (2 Bytes)
118.85389s,Suzuki SLP1,36 C5 95 C2 0B 91 09 41 20 1E 0A 41 20 1E 01 70 4C 39 0B 41 20 1E 00 68 4C 39 0D FF FF 97 … (4095 Bytes),118.85967s,Suzuki SLP1,76 C5 (2 Bytes)
119.01491s,Suzuki SLP1,36 C6 10 2E 1E E8 07 80 3D 08 40 20 1E 01 02 00 1C 5E 55 00 94 60 02 00 BD 00 41 20 1E 02 … (4095 Bytes),119.02065s,Suzuki SLP1,76 C6 (2 Bytes)
119.17908s,Suzuki SLP1,36 C7 00 B9 EA 8F 00 B9 E0 8B 40 BD E1 8F 40 BD BD 4E 00 94 00 1C 00 53 A0 00 00 34 73 06 … (4095 Bytes),119.18489s,Suzuki SLP1,76 C7 (2 Bytes)
119.33949s,Suzuki SLP1,36 C8 39 F3 4F 00 BD 90 3A 30 1E 31 3A 32 1E 10 C2 20 1E 31 C2 20 1E 10 4A 31 1E 08 59 30 … (4095 Bytes),119.34523s,Suzuki SLP1,76 C8 (2 Bytes)
119.50076s,Suzuki SLP1,36 C9 F0 BB 40 BD F1 B7 40 BD 10 C2 20 1E 31 C2 20 1E 00 22 31 1E 2A 07 00 54 61 A2 41 BD … (4095 Bytes),119.50659s,Suzuki SLP1,76 C9 (2 Bytes)
119.66407s,Suzuki SLP1,36 CA 07 40 F9 E8 03 00 F9 0A 30 08 91 10 A8 42 BD F1 03 40 BD 13 D0 42 BD 12 AC 42 BD 10 … (4095 Bytes),119.67024s,Suzuki SLP1,76 CA (2 Bytes)
119.82544s,Suzuki SLP1,36 CB 21 1E 11 0A 30 1E 51 2D 11 1F F2 05 00 1C 20 CA 30 1F 24 00 00 14 E8 6B 40 B9 00 09 … (4095 Bytes),119.83534s,Suzuki SLP1,76 CB (2 Bytes)
119.98921s,Suzuki SLP1,36 CC 1E F0 5F 00 BD 05 00 00 14 22 00 80 52 41 56 80 52 40 09 80 52 A9 7A FF 97 E0 5B 40 … (4095 Bytes),119.99496s,Suzuki SLP1,76 CC (2 Bytes)
120.15189s,Suzuki SLP1,36 CD 3D 12 12 1F 15 08 40 BD 3C 16 13 1F 71 2B 30 1E 10 18 40 BD B7 7A 17 1F B6 1E 16 1F … (4095 Bytes),120.15759s,Suzuki SLP1,76 CD (2 Bytes)
120.31165s,Suzuki SLP1,36 CE 41 20 1E 4B FF FF 97 F4 57 41 A9 E8 A7 41 AD F6 5F 42 A9 EA AF 42 AD FE 4F C8 A8 C0 … (4095 Bytes),120.31743s,Suzuki SLP1,76 CE (2 Bytes)
120.47454s,Suzuki SLP1,36 CF 00 1C 00 22 31 1E EC 01 00 54 08 01 00 34 B1 29 00 1C 31 0A 30 1E 92 29 00 1C 10 39 … (4095 Bytes),120.48022s,Suzuki SLP1,76 CF (2 Bytes)
120.63454s,Suzuki SLP1,36 D0 BD E0 6F 41 BD E1 6B 41 BD 11 0A 20 1E 12 0A 21 1E F1 03 01 BD F2 07 01 BD 53 29 32 … (4095 Bytes),120.64031s,Suzuki SLP1,76 D0 (2 Bytes)
120.79479s,Suzuki SLP1,36 D1 A9 04 00 90 29 C1 0E 91 F0 01 00 1C 3F 01 2D 39 E8 03 1F AA 30 45 0B BD 0A 12 80 D2 … (4095 Bytes),120.80052s,Suzuki SLP1,76 D1 (2 Bytes)
120.79752s,FuncGroup-0x700,3E 80 (2 Bytes),,,
120.95716s,Suzuki SLP1,36 D2 4F C1 A8 C0 03 5F D6 1F 20 03 D5 FE 4F BF A9 F3 03 00 AA 12 5A FF 97 68 3A 40 B9 09 … (4095 Bytes),120.96287s,Suzuki SLP1,76 D2 (2 Bytes)
121.11682s,Suzuki SLP1,36 D3 00 1C 11 2A 31 1E F4 08 00 1C 13 2A 33 1E 30 0A 32 1E 71 0A 34 1E 0B 34 40 79 E8 00 … (4095 Bytes),121.12258s,Suzuki SLP1,76 D3 (2 Bytes)
121.27999s,Suzuki SLP1,36 D4 B4 60 40 FF 97 00 1C 00 53 A0 40 FF 97 0B 00 40 BD EB 7B 00 BD 08 04 40 BD E0 03 13 … (4095 Bytes),121.28571s,Suzuki SLP1,76 D4 (2 Bytes)
121.43968s,Suzuki SLP1,36 D5 F3 03 00 AA F4 57 01 A9 F4 03 01 AA F6 13 00 F9 21 4F FF 97 FF 23 01 39 F6 03 00 AA … (4095 Bytes),121.44540s,Suzuki SLP1,76 D5 (2 Bytes)
121.60031s,Suzuki SLP1,36 D6 EE 43 39 48 01 08 36 E8 03 1F 33 09 10 80 52 68 EE 03 39 69 E2 03 39 1F 20 03 D5 1F … (4095 Bytes),121.60607s,Suzuki SLP1,76 D6 (2 Bytes)
121.76366s,Suzuki SLP1,36 D7 00 71 C1 0C 00 54 68 42 43 B9 1F 09 00 71 60 00 00 54 1F 11 00 71 21 0C 00 54 D0 32 … (4095 Bytes),121.76998s,Suzuki SLP1,76 D7 (2 Bytes)
121.92526s,Suzuki SLP1,36 D8 F9 10 41 00 BD 10 45 00 BD 10 39 00 BD 10 3D 00 BD 10 35 00 BD 10 31 00 BD 10 2D 00 … (4095 Bytes),121.93556s,Suzuki SLP1,76 D8 (2 Bytes)
122.08976s,Suzuki SLP1,36 D9 D6 3A 35 1E F7 3A 31 1E D2 3A 32 1E F0 3A 30 1E 92 12 00 BD 90 16 00 BD 70 1A 40 BD … (4095 Bytes),122.09553s,Suzuki SLP1,76 D9 (2 Bytes)
122.25298s,Suzuki SLP1,36 DA 3A 32 1E 11 F2 34 1F 72 F6 32 1F 30 0A 32 1E 08 22 20 1E 43 03 00 54 13 C3 20 1E 70 … (4095 Bytes),122.25874s,Suzuki SLP1,76 DA (2 Bytes)
122.41419s,Suzuki SLP1,36 DB 20 1E 54 08 22 1E 51 0A 20 1E 73 0A 40 BD 52 0A 22 1E 70 46 10 1F 72 4A 14 1F E6 9B … (4095 Bytes),122.42000s,Suzuki SLP1,76 DB (2 Bytes)
122.57723s,Suzuki SLP1,36 DC 1A 69 52 54 39 49 05 1A 33 69 52 14 39 10 10 2A 1E 20 22 30 1E C9 01 00 54 10 10 2C … (4095 Bytes),122.58301s,Suzuki SLP1,76 DC (2 Bytes)
122.73629s,Suzuki SLP1,36 DD 68 46 00 39 F4 57 41 A9 F6 5F 42 A9 F8 67 43 A9 FA 6F 44 A9 FC 2B 40 F9 E8 27 43 AD … (4095 Bytes),122.74240s,Suzuki SLP1,76 DD (2 Bytes)
122.89570s,Suzuki SLP1,36 DE 51 A9 9B 14 2D 40 BD 35 2D 40 BD 10 21 40 BD 31 21 40 BD 12 25 40 BD 33 25 40 BD 16 … (4095 Bytes),122.90149s,Suzuki SLP1,76 DE (2 Bytes)
123.05888s,Suzuki SLP1,36 DF 00 54 10 C0 20 1E B1 0D 00 1C 00 22 31 1E 89 00 00 54 08 01 00 94 60 3E 00 BD 29 00 … (4095 Bytes),123.06470s,Suzuki SLP1,76 DF (2 Bytes)
123.22050s,Suzuki SLP1,36 E0 54 C8 10 80 52 52 01 00 14 11 28 40 BD 20 22 30 1E 6A 00 00 54 48 11 80 52 4D 01 00 … (4095 Bytes),123.22631s,Suzuki SLP1,76 E0 (2 Bytes)
123.38394s,Suzuki SLP1,36 E1 22 06 00 54 21 0C 40 BD 29 04 40 BD 61 5C 00 BD 69 48 00 BD 30 08 40 BD B1 08 00 1C … (4095 Bytes),123.39008s,Suzuki SLP1,76 E1 (2 Bytes)
123.54483s,Suzuki SLP1,36 E2 10 2C 1E 73 76 40 BD 31 0A 32 1E 72 C2 20 1E 40 22 31 1E EA 00 00 54 30 0A 30 1E 41 … (4095 Bytes),123.55110s,Suzuki SLP1,76 E2 (2 Bytes)
123.70633s,Suzuki SLP1,36 E3 20 1E 51 C2 20 1E 10 3A 31 1E 08 C2 20 1E 7A 22 00 94 10 10 21 1E 10 08 30 1E 00 21 … (4095 Bytes),123.71289s,Suzuki SLP1,76 E3 (2 Bytes)
123.87003s,Suzuki SLP1,36 E4 D5 1F 20 03 D5 1F 20 03 D5 1F 20 03 D5 C0 03 5F D6 00 60 6A 46 00 00 00 00 FE 4F BF … (4095 Bytes),123.87582s,Suzuki SLP1,76 E4 (2 Bytes)
124.03032s,Suzuki SLP1,36 E5 00 1A 2C 1E E1 BF 00 BD 8D 1C 00 94 E2 BF 40 BD 50 20 00 1F D0 09 30 1E 60 41 20 1E … (4095 Bytes),124.03611s,Suzuki SLP1,76 E5 (2 Bytes)
124.19056s,Suzuki SLP1,36 E6 09 2D 1E 03 09 28 1E F9 F7 40 BD 55 09 28 1E F8 4F 01 BD 18 09 29 1E F6 37 01 BD F6 … (4095 Bytes),124.19626s,Suzuki SLP1,76 E6 (2 Bytes)
124.35351s,Suzuki SLP1,36 E7 00 91 6D 09 00 91 71 7A 6B BC 52 0A 33 1E 4E 61 00 91 13 79 6C BC 6C 0D 00 91 74 7A … (4095 Bytes),124.35928s,Suzuki SLP1,76 E7 (2 Bytes)
124.51427s,Suzuki SLP1,36 E8 94 0B 40 20 1E 00 41 20 1E 8F 10 00 94 0A 40 20 1E 00 41 20 1E 89 0E 00 94 0C 40 20 … (4095 Bytes),124.52006s,Suzuki SLP1,76 E8 (2 Bytes)
124.67822s,Suzuki SLP1,36 E9 ED 03 09 AA AD 05 00 71 C0 00 00 54 AD 05 00 71 60 00 00 54 E9 03 1F 2A 02 00 00 14 … (4095 Bytes),124.68398s,Suzuki SLP1,76 E9 (2 Bytes)
124.83931s,Suzuki SLP1,36 EA 02 40 BD 20 22 33 1E 69 00 00 54 31 3A 30 1E 04 00 00 14 20 22 32 1E 6C 00 00 54 31 … (4095 Bytes),124.84511s,Suzuki SLP1,76 EA (2 Bytes)
124.84355s,FuncGroup-0x700,3E 80 (2 Bytes),,,
125.00081s,Suzuki SLP1,36 EB 03 D5 0A 00 00 14 49 00 80 52 28 00 80 52 29 00 00 B9 1F 20 03 D5 1F 20 03 D5 1F 20 … (4095 Bytes),125.00709s,Suzuki SLP1,76 EB (2 Bytes)
125.16576s,Suzuki SLP1,36 EC 2A 68 00 F8 37 29 00 80 52 2A 21 C8 1A 40 01 27 1E B6 01 00 94 1A 00 00 14 11 01 22 … (4095 Bytes),125.17272s,Suzuki SLP1,76 EC (2 Bytes)
125.33002s,Suzuki SLP1,36 ED C0 03 5F D6 C0 CC 38 D5 C0 03 5F D6 C0 CC 18 D5 C0 03 5F D6 E0 CC 3E D5 C0 03 5F D6 … (4095 Bytes),125.33582s,Suzuki SLP1,76 ED (2 Bytes)
125.49281s,Suzuki SLP1,36 EE CC 4C 3F 00 00 C0 3F 66 66 E6 3F 0A D7 23 3B 00 00 00 40 CD CC 4C 40 00 00 60 40 0A … (4095 Bytes),125.49859s,Suzuki SLP1,76 EE (2 Bytes)
125.65482s,Suzuki SLP1,36 EF 46 3F CE A2 46 3F 53 63 46 3F BA 23 46 3F 03 E4 45 3F 2D A4 45 3F 39 64 45 3F 26 24 … (4095 Bytes),125.66063s,Suzuki SLP1,76 EF (2 Bytes)
125.81485s,Suzuki SLP1,36 F0 BF F8 2F 21 BF 06 7E 21 BF FA CB 21 BF D6 19 22 BF 99 67 22 BF 42 B5 22 BF D3 02 23 … (4095 Bytes),125.82068s,Suzuki SLP1,76 F0 (2 Bytes)
125.97707s,Suzuki SLP1,36 F1 65 21 47 BF 28 E2 46 BF CD A2 46 BF 52 63 46 BF B9 23 46 BF 02 E4 45 BF 2C A4 45 BF … (4095 Bytes),125.98288s,Suzuki SLP1,76 F1 (2 Bytes)
126.13570s,Suzuki SLP1,36 F2 93 20 3F D3 E1 20 3F F9 2F 21 3F 07 7E 21 3F FB CB 21 3F D7 19 22 3F 9A 67 22 3F 44 … (4095 Bytes),126.14213s,Suzuki SLP1,76 F2 (2 Bytes)
126.29482s,Suzuki SLP1,36 F3 66 BF 63 C0 66 BF D8 8C 66 BF 5A 59 66 BF E9 25 66 BF 85 F2 65 BF 2E BF 65 BF E4 8B … (4095 Bytes),126.30058s,Suzuki SLP1,76 F3 (2 Bytes)
126.45616s,Suzuki SLP1,36 F4 BE 40 CB 93 BE 7E 88 93 BE BF 45 93 BE 02 03 93 BE 48 C0 92 BE 91 7D 92 BE DC 3A 92 … (4095 Bytes),126.46217s,Suzuki SLP1,76 F4 (2 Bytes)
126.61589s,Suzuki SLP1,36 F5 86 BA 5D 3E 97 3D 5E 3E AC C0 5E 3E C5 43 5F 3E E1 C6 5F 3E 02 4A 60 3E 26 CD 60 3E … (4095 Bytes),126.62216s,Suzuki SLP1,76 F5 (2 Bytes)
126.78241s,Suzuki SLP1,36 F6 B3 4B 3F EA E0 4B 3F B1 0E 4C 3F 80 3C 4C 3F 58 6A 4C 3F 38 98 4C 3F 21 C6 4C 3F 12 … (4095 Bytes),126.78856s,Suzuki SLP1,76 F6 (2 Bytes)
126.95548s,Suzuki SLP1,36 F7 00 00 00 00 00 00 00 00 00 00 00 00 00 00 00 00 00 00 00 00 00 00 00 00 00 00 00 00 … (4095 Bytes),126.96123s,Suzuki SLP1,76 F7 (2 Bytes)
127.12297s,Suzuki SLP1,36 F8 00 00 00 00 00 00 00 00 00 00 00 00 00 00 00 00 00 00 00 00 00 00 00 00 00 00 00 00 … (4095 Bytes),127.12938s,Suzuki SLP1,76 F8 (2 Bytes)
127.29437s,Suzuki SLP1,36 F9 00 00 00 00 00 00 00 00 00 00 00 00 00 00 00 00 00 00 00 00 00 00 00 00 00 00 00 00 … (4095 Bytes),127.30011s,Suzuki SLP1,76 F9 (2 Bytes)
127.46643s,Suzuki SLP1,36 FA 00 00 00 00 00 00 00 00 00 00 00 00 00 00 00 00 00 00 00 00 00 00 00 00 00 00 00 00 … (4095 Bytes),127.47275s,Suzuki SLP1,76 FA (2 Bytes)
127.63224s,Suzuki SLP1,36 FB 00 00 00 00 00 00 00 00 00 00 00 00 00 00 00 00 00 00 00 00 00 00 00 00 00 00 00 00 … (4095 Bytes),127.63799s,Suzuki SLP1,76 FB (2 Bytes)
127.79935s,Suzuki SLP1,36 FC 00 4F E4 F3 33 00 00 00 00 4F F4 F3 33 00 00 00 00 4F 04 F4 33 00 00 00 00 4F 14 F4 … (4095 Bytes),127.80510s,Suzuki SLP1,76 FC (2 Bytes)
127.96684s,Suzuki SLP1,36 FD 00 00 00 00 00 00 00 00 00 00 00 00 00 00 00 00 00 00 00 00 00 00 00 00 00 00 00 00 … (4095 Bytes),127.97278s,Suzuki SLP1,76 FD (2 Bytes)
128.13212s,Suzuki SLP1,36 FE D4 13 34 00 00 40 00 CB E4 13 34 00 00 40 00 CB F4 13 34 00 00 40 00 CB 04 14 34 00 … (4095 Bytes),128.13783s,Suzuki SLP1,76 FE (2 Bytes)
128.29797s,Suzuki SLP1,36 FF 40 00 4F D4 33 34 00 00 40 00 4F E4 33 34 00 00 40 00 4F F4 33 34 00 00 40 00 4F 04 … (4095 Bytes),128.30368s,Suzuki SLP1,76 FF (2 Bytes)
128.46542s,Suzuki SLP1,36 00 00 00 00 00 00 00 00 00 00 00 00 00 00 00 00 00 00 00 00 00 00 00 00 00 00 00 00 00 … (4095 Bytes),128.47266s,Suzuki SLP1,76 00 (2 Bytes)
128.62925s,Suzuki SLP1,36 01 80 2A ED 33 00 00 00 00 80 2A ED 33 00 00 00 00 80 2A ED 33 00 00 00 00 80 2A ED 33 … (4095 Bytes),128.63545s,Suzuki SLP1,76 01 (2 Bytes)
128.79221s,Suzuki SLP1,36 02 20 03 D5 1F 20 03 D5 1F 20 03 D5 1F 20 03 D5 1F 20 03 D5 1F 20 03 D5 1F 20 03 D5 1F … (4095 Bytes),128.79767s,Suzuki SLP1,76 02 (2 Bytes)
128.96394s,Suzuki SLP1,36 03 FF FF FF FF FF FF FF FF FF FF FF FF FF FF FF FF FF FF FF FF FF FF FF FF FF FF FF FF … (4095 Bytes),128.96699s,Suzuki SLP1,76 03 (2 Bytes)
128.96617s,FuncGroup-0x700,3E 80 (2 Bytes),,,
129.13144s,Suzuki SLP1,36 04 FF FF FF FF FF FF FF FF FF FF FF FF FF FF FF FF FF FF FF FF FF FF FF FF FF FF FF FF … (4095 Bytes),129.13706s,Suzuki SLP1,76 04 (2 Bytes)
129.30096s,Suzuki SLP1,36 05 FF FF FF FF FF FF FF FF FF FF FF FF FF FF FF FF FF FF FF FF FF FF FF FF FF FF FF FF … (4095 Bytes),129.30341s,Suzuki SLP1,76 05 (2 Bytes)
129.47028s,Suzuki SLP1,36 06 FF FF FF FF FF FF FF FF FF FF FF FF FF FF FF FF FF FF FF FF FF FF FF FF FF FF FF FF … (4095 Bytes),129.47276s,Suzuki SLP1,76 06 (2 Bytes)
129.63600s,Suzuki SLP1,36 07 FF FF FF FF FF FF FF FF FF FF FF FF FF FF FF FF FF FF FF FF FF FF FF FF FF FF FF FF … (4095 Bytes),129.64122s,Suzuki SLP1,76 07 (2 Bytes)
129.80504s,Suzuki SLP1,36 08 FF FF FF FF FF FF FF FF FF FF FF FF FF FF FF FF FF FF FF FF FF FF FF FF FF FF FF FF … (4095 Bytes),129.80798s,Suzuki SLP1,76 08 (2 Bytes)
129.97476s,Suzuki SLP1,36 09 FF FF FF FF FF FF FF FF FF FF FF FF FF FF FF FF FF FF FF FF FF FF FF FF FF FF FF FF … (4095 Bytes),129.97722s,Suzuki SLP1,76 09 (2 Bytes)
130.14109s,Suzuki SLP1,36 0A FF FF FF FF FF FF FF FF FF FF FF FF FF FF FF FF FF FF FF FF FF FF FF FF FF FF FF FF … (4095 Bytes),130.14698s,Suzuki SLP1,76 0A (2 Bytes)
130.31134s,Suzuki SLP1,36 0B FF FF FF FF FF FF FF FF FF FF FF FF FF FF FF FF FF FF FF FF FF FF FF FF FF FF FF FF … (4095 Bytes),130.31380s,Suzuki SLP1,76 0B (2 Bytes)
130.48014s,Suzuki SLP1,36 0C FF FF FF FF FF FF FF FF FF FF FF FF FF FF FF FF FF FF FF FF FF FF FF FF FF FF FF FF … (4095 Bytes),130.48309s,Suzuki SLP1,76 0C (2 Bytes)
130.64581s,Suzuki SLP1,36 0D FF FF FF FF FF FF FF FF FF FF FF FF FF FF FF FF FF FF FF FF FF FF FF FF FF FF FF FF … (4095 Bytes),130.65102s,Suzuki SLP1,76 0D (2 Bytes)
130.81554s,Suzuki SLP1,36 0E FF FF FF FF FF FF FF FF FF FF FF FF FF FF FF FF FF FF FF FF FF FF FF FF FF FF FF FF … (4095 Bytes),130.81800s,Suzuki SLP1,76 0E (2 Bytes)
130.98435s,Suzuki SLP1,36 0F FF FF FF FF FF FF FF FF FF FF FF FF FF FF FF FF FF FF FF FF FF FF FF FF FF FF FF FF … (4095 Bytes),130.98731s,Suzuki SLP1,76 0F (2 Bytes)
131.15430s,Suzuki SLP1,36 10 FF FF FF FF FF FF FF FF FF FF FF FF FF FF FF FF FF FF FF FF FF FF FF FF FF FF FF FF … (4095 Bytes),131.15676s,Suzuki SLP1,76 10 (2 Bytes)
131.32060s,Suzuki SLP1,36 11 FF FF FF FF FF FF FF FF FF FF FF FF FF FF FF FF FF FF FF FF FF FF FF FF FF FF FF FF … (4095 Bytes),131.32306s,Suzuki SLP1,76 11 (2 Bytes)
131.48969s,Suzuki SLP1,36 12 FF FF FF FF FF FF FF FF FF FF FF FF FF FF FF FF FF FF FF FF FF FF FF FF FF FF FF FF … (4095 Bytes),131.49262s,Suzuki SLP1,76 12 (2 Bytes)
131.65827s,Suzuki SLP1,36 13 FF FF FF FF FF FF FF FF FF FF FF FF FF FF FF FF FF FF FF FF FF FF FF FF FF FF FF FF … (4095 Bytes),131.66072s,Suzuki SLP1,76 13 (2 Bytes)
131.82490s,Suzuki SLP1,36 14 FF FF FF FF FF FF FF FF FF FF FF FF FF FF FF FF FF FF FF FF FF FF FF FF FF FF FF FF … (4095 Bytes),131.82783s,Suzuki SLP1,76 14 (2 Bytes)
131.99458s,Suzuki SLP1,36 15 FF FF FF FF FF FF FF FF FF FF FF FF FF FF FF FF FF FF FF FF FF FF FF FF FF FF FF FF … (4095 Bytes),131.99754s,Suzuki SLP1,76 15 (2 Bytes)
132.16416s,Suzuki SLP1,36 16 FF FF FF FF FF FF FF FF FF FF FF FF FF FF FF FF FF FF FF FF FF FF FF FF FF FF FF FF … (4095 Bytes),132.16740s,Suzuki SLP1,76 16 (2 Bytes)
132.33176s,Suzuki SLP1,36 17 FF FF FF FF FF FF FF FF FF FF FF FF FF FF FF FF FF FF FF FF FF FF FF FF FF FF FF FF … (4095 Bytes),132.33713s,Suzuki SLP1,76 17 (2 Bytes)
132.50109s,Suzuki SLP1,36 18 FF FF FF FF FF FF FF FF FF FF FF FF FF FF FF FF FF FF FF FF FF FF FF FF FF FF FF FF … (4095 Bytes),132.50354s,Suzuki SLP1,76 18 (2 Bytes)
132.67041s,Suzuki SLP1,36 19 FF FF FF FF FF FF FF FF FF FF FF FF FF FF FF FF FF FF FF FF FF FF FF FF FF FF FF FF … (4095 Bytes),132.67286s,Suzuki SLP1,76 19 (2 Bytes)
132.83615s,Suzuki SLP1,36 1A FF FF FF FF FF FF FF FF FF FF FF FF FF FF FF FF FF FF FF FF FF FF FF FF FF FF FF FF … (4095 Bytes),132.84210s,Suzuki SLP1,76 1A (2 Bytes)
133.00535s,Suzuki SLP1,36 1B FF FF FF FF FF FF FF FF FF FF FF FF FF FF FF FF FF FF FF FF FF FF FF FF FF FF FF FF … (4095 Bytes),133.00861s,Suzuki SLP1,76 1B (2 Bytes)
133.00758s,FuncGroup-0x700,3E 80 (2 Bytes),,,
133.17572s,Suzuki SLP1,36 1C FF FF FF FF FF FF FF FF FF FF FF FF FF FF FF FF FF FF FF FF FF FF FF FF FF FF FF FF … (4095 Bytes),133.17817s,Suzuki SLP1,76 1C (2 Bytes)
133.34197s,Suzuki SLP1,36 1D FF FF FF FF FF FF FF FF FF FF FF FF FF FF FF FF FF FF FF FF FF FF FF FF FF FF FF FF … (4095 Bytes),133.34735s,Suzuki SLP1,76 1D (2 Bytes)
133.51168s,Suzuki SLP1,36 1E FF FF FF FF FF FF FF FF FF FF FF FF FF FF FF FF FF FF FF FF FF FF FF FF FF FF FF FF … (4095 Bytes),133.51413s,Suzuki SLP1,76 1E (2 Bytes)
133.68022s,Suzuki SLP1,36 1F FF FF FF FF FF FF FF FF FF FF FF FF FF FF FF FF FF FF FF FF FF FF FF FF FF FF FF FF … (4095 Bytes),133.68317s,Suzuki SLP1,76 1F (2 Bytes)
133.84594s,Suzuki SLP1,36 20 FF FF FF FF FF FF FF FF FF FF FF FF FF FF FF FF FF FF FF FF FF FF FF FF FF FF FF FF … (4095 Bytes),133.85116s,Suzuki SLP1,76 20 (2 Bytes)
134.01544s,Suzuki SLP1,36 21 FF FF FF FF FF FF FF FF FF FF FF FF FF FF FF FF FF FF FF FF FF FF FF FF FF FF FF FF … (4095 Bytes),134.01790s,Suzuki SLP1,76 21 (2 Bytes)
134.18432s,Suzuki SLP1,36 22 FF FF FF FF FF FF FF FF FF FF FF FF FF FF FF FF FF FF FF FF FF FF FF FF FF FF FF FF … (4095 Bytes),134.18727s,Suzuki SLP1,76 22 (2 Bytes)
134.35397s,Suzuki SLP1,36 23 FF FF FF FF FF FF FF FF FF FF FF FF FF FF FF FF FF FF FF FF FF FF FF FF FF FF FF FF … (4095 Bytes),134.35643s,Suzuki SLP1,76 23 (2 Bytes)
134.52009s,Suzuki SLP1,36 24 FF FF FF FF FF FF FF FF FF FF FF FF FF FF FF FF FF FF FF FF FF FF FF FF FF FF FF FF … (4095 Bytes),134.52255s,Suzuki SLP1,76 24 (2 Bytes)
134.68950s,Suzuki SLP1,36 25 FF FF FF FF FF FF FF FF FF FF FF FF FF FF FF FF FF FF FF FF FF FF FF FF FF FF FF FF … (4095 Bytes),134.69269s,Suzuki SLP1,76 25 (2 Bytes)
134.85821s,Suzuki SLP1,36 26 FF FF FF FF FF FF FF FF FF FF FF FF FF FF FF FF FF FF FF FF FF FF FF FF FF FF FF FF … (4095 Bytes),134.86067s,Suzuki SLP1,76 26 (2 Bytes)
135.02444s,Suzuki SLP1,36 27 FF FF FF FF FF FF FF FF FF FF FF FF FF FF FF FF FF FF FF FF FF FF FF FF FF FF FF FF … (4095 Bytes),135.02734s,Suzuki SLP1,76 27 (2 Bytes)
135.19440s,Suzuki SLP1,36 28 FF FF FF FF FF FF FF FF FF FF FF FF FF FF FF FF FF FF FF FF FF FF FF FF FF FF FF FF … (4095 Bytes),135.19735s,Suzuki SLP1,76 28 (2 Bytes)
135.36361s,Suzuki SLP1,36 29 FF FF FF FF FF FF FF FF FF FF FF FF FF FF FF FF FF FF FF FF FF FF FF FF FF FF FF FF … (4095 Bytes),135.36607s,Suzuki SLP1,76 29 (2 Bytes)
135.53048s,Suzuki SLP1,36 2A FF FF FF FF FF FF FF FF FF FF FF FF FF FF FF FF FF FF FF FF FF FF FF FF FF FF FF FF … (4095 Bytes),135.53585s,Suzuki SLP1,76 2A (2 Bytes)
135.69984s,Suzuki SLP1,36 2B FF FF FF FF FF FF FF FF FF FF FF FF FF FF FF FF FF FF FF FF FF FF FF FF FF FF FF FF … (4095 Bytes),135.70228s,Suzuki SLP1,76 2B (2 Bytes)
135.86790s,Suzuki SLP1,36 2C FF FF FF FF FF FF FF FF FF FF FF FF FF FF FF FF FF FF FF FF FF FF FF FF FF FF FF FF … (4095 Bytes),135.87035s,Suzuki SLP1,76 2C (2 Bytes)
136.03470s,Suzuki SLP1,36 2D FF FF FF FF FF FF FF FF FF FF FF FF FF FF FF FF FF FF FF FF FF FF FF FF FF FF FF FF … (4095 Bytes),136.03991s,Suzuki SLP1,76 2D (2 Bytes)
136.20426s,Suzuki SLP1,36 2E FF FF FF FF FF FF FF FF FF FF FF FF FF FF FF FF FF FF FF FF FF FF FF FF FF FF FF FF … (4095 Bytes),136.20720s,Suzuki SLP1,76 2E (2 Bytes)
136.37399s,Suzuki SLP1,36 2F FF FF FF FF FF FF FF FF FF FF FF FF FF FF FF FF FF FF FF FF FF FF FF FF FF FF FF FF … (4095 Bytes),136.37644s,Suzuki SLP1,76 2F (2 Bytes)
136.54030s,Suzuki SLP1,36 30 FF FF FF FF FF FF FF FF FF FF FF FF FF FF FF FF FF FF FF FF FF FF FF FF FF FF FF FF … (4095 Bytes),136.54568s,Suzuki SLP1,76 30 (2 Bytes)
136.70982s,Suzuki SLP1,36 31 FF FF FF FF FF FF FF FF FF FF FF FF FF FF FF FF FF FF FF FF FF FF FF FF FF FF FF FF … (4095 Bytes),136.71270s,Suzuki SLP1,76 31 (2 Bytes)
136.87821s,Suzuki SLP1,36 32 FF FF FF FF FF FF FF FF FF FF FF FF FF FF FF FF FF FF FF FF FF FF FF FF FF FF FF FF … (4095 Bytes),136.88067s,Suzuki SLP1,76 32 (2 Bytes)
137.04451s,Suzuki SLP1,36 33 FF FF FF FF FF FF FF FF FF FF FF FF FF FF FF FF FF FF FF FF FF FF FF FF FF FF FF FF … (4095 Bytes),137.04997s,Suzuki SLP1,76 33 (2 Bytes)
137.04950s,FuncGroup-0x700,3E 80 (2 Bytes),,,
137.21491s,Suzuki SLP1,36 34 FF FF FF FF FF FF FF FF FF FF FF FF FF FF FF FF FF FF FF FF FF FF FF FF FF FF FF FF … (4095 Bytes),137.21737s,Suzuki SLP1,76 34 (2 Bytes)
137.38362s,Suzuki SLP1,36 35 FF FF FF FF FF FF FF FF FF FF FF FF FF FF FF FF FF FF FF FF FF FF FF FF FF FF FF FF … (4095 Bytes),137.38717s,Suzuki SLP1,76 35 (2 Bytes)
137.55390s,Suzuki SLP1,36 36 FF FF FF FF FF FF FF FF FF FF FF FF FF FF FF FF FF FF FF FF FF FF FF FF FF FF FF FF … (4095 Bytes),137.55636s,Suzuki SLP1,76 36 (2 Bytes)
137.72020s,Suzuki SLP1,36 37 FF FF FF FF FF FF FF FF FF FF FF FF FF FF FF FF FF FF FF FF FF FF FF FF FF FF FF FF … (4095 Bytes),137.72266s,Suzuki SLP1,76 37 (2 Bytes)
137.88953s,Suzuki SLP1,36 38 FF FF FF FF FF FF FF FF FF FF FF FF FF FF FF FF FF FF FF FF FF FF FF FF FF FF FF FF … (4095 Bytes),137.89261s,Suzuki SLP1,76 38 (2 Bytes)
138.05813s,Suzuki SLP1,36 39 FF FF FF FF FF FF FF FF FF FF FF FF FF FF FF FF FF FF FF FF FF FF FF FF FF FF FF FF … (4095 Bytes),138.06059s,Suzuki SLP1,76 39 (2 Bytes)
138.22460s,Suzuki SLP1,36 3A FF FF FF FF FF FF FF FF FF FF FF FF FF FF FF FF FF FF FF FF FF FF FF FF FF FF FF FF … (4095 Bytes),138.22785s,Suzuki SLP1,76 3A (2 Bytes)
138.39467s,Suzuki SLP1,36 3B FF FF FF FF FF FF FF FF FF FF FF FF FF FF FF FF FF FF FF FF FF FF FF FF FF FF FF FF … (4095 Bytes),138.39762s,Suzuki SLP1,76 3B (2 Bytes)
138.56378s,Suzuki SLP1,36 3C FF FF FF FF FF FF FF FF FF FF FF FF FF FF FF FF FF FF FF FF FF FF FF FF FF FF FF FF … (4095 Bytes),138.56623s,Suzuki SLP1,76 3C (2 Bytes)
138.73060s,Suzuki SLP1,36 3D FF FF FF FF FF FF FF FF FF FF FF FF FF FF FF FF FF FF FF FF FF FF FF FF FF FF FF FF … (4095 Bytes),138.73597s,Suzuki SLP1,76 3D (2 Bytes)
138.89994s,Suzuki SLP1,36 3E FF FF FF FF FF FF FF FF FF FF FF FF FF FF FF FF FF FF FF FF FF FF FF FF FF FF FF FF … (4095 Bytes),138.90240s,Suzuki SLP1,76 3E (2 Bytes)
139.06803s,Suzuki SLP1,36 3F FF FF FF FF FF FF FF FF FF FF FF FF FF FF FF FF FF FF FF FF FF FF FF FF FF FF FF FF … (4095 Bytes),139.07049s,Suzuki SLP1,76 3F (2 Bytes)
139.23502s,Suzuki SLP1,36 40 FF FF FF FF FF FF FF FF FF FF FF FF FF FF FF FF FF FF FF FF FF FF FF FF FF FF FF FF … (4095 Bytes),139.24024s,Suzuki SLP1,76 40 (2 Bytes)
139.40434s,Suzuki SLP1,36 41 FF FF FF FF FF FF FF FF FF FF FF FF FF FF FF FF FF FF FF FF FF FF FF FF FF FF FF FF … (4095 Bytes),139.40726s,Suzuki SLP1,76 41 (2 Bytes)
139.57410s,Suzuki SLP1,36 42 FF FF FF FF FF FF FF FF FF FF FF FF FF FF FF FF FF FF FF FF FF FF FF FF FF FF FF FF … (4095 Bytes),139.57656s,Suzuki SLP1,76 42 (2 Bytes)
139.74042s,Suzuki SLP1,36 43 FF FF FF FF FF FF FF FF FF FF FF FF FF FF FF FF FF FF FF FF FF FF FF FF FF FF FF FF … (4095 Bytes),139.74579s,Suzuki SLP1,76 43 (2 Bytes)
139.91037s,Suzuki SLP1,36 44 FF FF FF FF FF FF FF FF FF FF FF FF FF FF FF FF FF FF FF FF FF FF FF FF FF FF FF FF … (4095 Bytes),139.91281s,Suzuki SLP1,76 44 (2 Bytes)
140.07831s,Suzuki SLP1,36 45 FF FF FF FF FF FF FF FF FF FF FF FF FF FF FF FF FF FF FF FF FF FF FF FF FF FF FF FF … (4095 Bytes),140.08077s,Suzuki SLP1,76 45 (2 Bytes)
140.24505s,Suzuki SLP1,36 46 FF FF FF FF FF FF FF FF FF FF FF FF FF FF FF FF FF FF FF FF FF FF FF FF FF FF FF FF … (4095 Bytes),140.25027s,Suzuki SLP1,76 46 (2 Bytes)
140.41477s,Suzuki SLP1,36 47 FF FF FF FF FF FF FF FF FF FF FF FF FF FF FF FF FF FF FF FF FF FF FF FF FF FF FF FF … (4095 Bytes),140.41722s,Suzuki SLP1,76 47 (2 Bytes)
140.58352s,Suzuki SLP1,36 48 FF FF FF FF FF FF FF FF FF FF FF FF FF FF FF FF FF FF FF FF FF FF FF FF FF FF FF FF … (4095 Bytes),140.58682s,Suzuki SLP1,76 48 (2 Bytes)
140.75366s,Suzuki SLP1,36 49 FF FF FF FF FF FF FF FF FF FF FF FF FF FF FF FF FF FF FF FF FF FF FF FF FF FF FF FF … (4095 Bytes),140.75611s,Suzuki SLP1,76 49 (2 Bytes)
140.92004s,Suzuki SLP1,36 4A FF FF FF FF FF FF FF FF FF FF FF FF FF FF FF FF FF FF FF FF FF FF FF FF FF FF FF FF … (4095 Bytes),140.92249s,Suzuki SLP1,76 4A (2 Bytes)
141.08931s,Suzuki SLP1,36 4B FF FF FF FF FF FF FF FF FF FF FF FF FF FF FF FF FF FF FF FF FF FF FF FF FF FF FF FF … (4095 Bytes),141.09277s,Suzuki SLP1,76 4B (2 Bytes)
141.09081s,FuncGroup-0x700,3E 80 (2 Bytes),,,
141.25849s,Suzuki SLP1,36 4C FF FF FF FF FF FF FF FF FF FF FF FF FF FF FF FF FF FF FF FF FF FF FF FF FF FF FF FF … (4095 Bytes),141.26094s,Suzuki SLP1,76 4C (2 Bytes)
141.42479s,Suzuki SLP1,36 4D FF FF FF FF FF FF FF FF FF FF FF FF FF FF FF FF FF FF FF FF FF FF FF FF FF FF FF FF … (4095 Bytes),141.42769s,Suzuki SLP1,76 4D (2 Bytes)
141.59453s,Suzuki SLP1,36 4E FF FF FF FF FF FF FF FF FF FF FF FF FF FF FF FF FF FF FF FF FF FF FF FF FF FF FF FF … (4095 Bytes),141.59748s,Suzuki SLP1,76 4E (2 Bytes)
141.76384s,Suzuki SLP1,36 4F FF FF FF FF FF FF FF FF FF FF FF FF FF FF FF FF FF FF FF FF FF FF FF FF FF FF FF FF … (4095 Bytes),141.76711s,Suzuki SLP1,76 4F (2 Bytes)
141.93153s,Suzuki SLP1,36 50 FF FF FF FF FF FF FF FF FF FF FF FF FF FF FF FF FF FF FF FF FF FF FF FF FF FF FF FF … (4095 Bytes),141.93690s,Suzuki SLP1,76 50 (2 Bytes)
142.10087s,Suzuki SLP1,36 51 FF FF FF FF FF FF FF FF FF FF FF FF FF FF FF FF FF FF FF FF FF FF FF FF FF FF FF FF … (4095 Bytes),142.10333s,Suzuki SLP1,76 51 (2 Bytes)
142.27043s,Suzuki SLP1,36 52 FF FF FF FF FF FF FF FF FF FF FF FF FF FF FF FF FF FF FF FF FF FF FF FF FF FF FF FF … (4095 Bytes),142.27287s,Suzuki SLP1,76 52 (2 Bytes)
142.43611s,Suzuki SLP1,36 53 FF FF FF FF FF FF FF FF FF FF FF FF FF FF FF FF FF FF FF FF FF FF FF FF FF FF FF FF … (4095 Bytes),142.44133s,Suzuki SLP1,76 53 (2 Bytes)
142.60513s,Suzuki SLP1,36 54 FF FF FF FF FF FF FF FF FF FF FF FF FF FF FF FF FF FF FF FF FF FF FF FF FF FF FF FF … (4095 Bytes),142.60834s,Suzuki SLP1,76 54 (2 Bytes)
142.77507s,Suzuki SLP1,36 55 FF FF FF FF FF FF FF FF FF FF FF FF FF FF FF FF FF FF FF FF FF FF FF FF FF FF FF FF … (4095 Bytes),142.77752s,Suzuki SLP1,76 55 (2 Bytes)
142.94134s,Suzuki SLP1,36 56 FF FF FF FF FF FF FF FF FF FF FF FF FF FF FF FF FF FF FF FF FF FF FF FF FF FF FF FF … (4095 Bytes),142.94679s,Suzuki SLP1,76 56 (2 Bytes)
143.11132s,Suzuki SLP1,36 57 FF FF FF FF FF FF FF FF FF FF FF FF FF FF FF FF FF FF FF FF FF FF FF FF FF FF FF FF … (4095 Bytes),143.11377s,Suzuki SLP1,76 57 (2 Bytes)
143.28025s,Suzuki SLP1,36 58 FF FF FF FF FF FF FF FF FF FF FF FF FF FF FF FF FF FF FF FF FF FF FF FF FF FF FF FF … (4095 Bytes),143.28321s,Suzuki SLP1,76 58 (2 Bytes)
143.44590s,Suzuki SLP1,36 59 FF FF FF FF FF FF FF FF FF FF FF FF FF FF FF FF FF FF FF FF FF FF FF FF FF FF FF FF … (4095 Bytes),143.45112s,Suzuki SLP1,76 59 (2 Bytes)
143.61541s,Suzuki SLP1,36 5A FF FF FF FF FF FF FF FF FF FF FF FF FF FF FF FF FF FF FF FF FF FF FF FF FF FF FF FF … (4095 Bytes),143.61786s,Suzuki SLP1,76 5A (2 Bytes)
143.78430s,Suzuki SLP1,36 5B FF FF FF FF FF FF FF FF FF FF FF FF FF FF FF FF FF FF FF FF FF FF FF FF FF FF FF FF … (4095 Bytes),143.78725s,Suzuki SLP1,76 5B (2 Bytes)
143.95419s,Suzuki SLP1,36 5C FF FF FF FF FF FF FF FF FF FF FF FF FF FF FF FF FF FF FF FF FF FF FF FF FF FF FF FF … (4095 Bytes),143.95664s,Suzuki SLP1,76 5C (2 Bytes)
144.12046s,Suzuki SLP1,36 5D FF FF FF FF FF FF FF FF FF FF FF FF FF FF FF FF FF FF FF FF FF FF FF FF FF FF FF FF … (4095 Bytes),144.12291s,Suzuki SLP1,76 5D (2 Bytes)
144.29003s,Suzuki SLP1,36 5E FF FF FF FF FF FF FF FF FF FF FF FF FF FF FF FF FF FF FF FF FF FF FF FF FF FF FF FF … (4095 Bytes),144.29298s,Suzuki SLP1,76 5E (2 Bytes)
144.45857s,Suzuki SLP1,36 5F FF FF FF FF FF FF FF FF FF FF FF FF FF FF FF FF FF FF FF FF FF FF FF FF FF FF FF FF … (4095 Bytes),144.46103s,Suzuki SLP1,76 5F (2 Bytes)
144.62500s,Suzuki SLP1,36 60 FF FF FF FF FF FF FF FF FF FF FF FF FF FF FF FF FF FF FF FF FF FF FF FF FF FF FF FF … (4095 Bytes),144.62793s,Suzuki SLP1,76 60 (2 Bytes)
144.79465s,Suzuki SLP1,36 61 FF FF FF FF FF FF FF FF FF FF FF FF FF FF FF FF FF FF FF FF FF FF FF FF FF FF FF FF … (4095 Bytes),144.79760s,Suzuki SLP1,76 61 (2 Bytes)
144.96398s,Suzuki SLP1,36 62 FF FF FF FF FF FF FF FF FF FF FF FF FF FF FF FF FF FF FF FF FF FF FF FF FF FF FF FF … (4095 Bytes),144.96691s,Suzuki SLP1,76 62 (2 Bytes)
145.13125s,Suzuki SLP1,36 63 FF FF FF FF FF FF FF FF FF FF FF FF FF FF FF FF FF FF FF FF FF FF FF FF FF FF FF FF … (4095 Bytes),145.13712s,Suzuki SLP1,76 63 (2 Bytes)
145.13665s,FuncGroup-0x700,3E 80 (2 Bytes),,,
145.30077s,Suzuki SLP1,36 64 FF FF FF FF FF FF FF FF FF FF FF FF FF FF FF FF FF FF FF FF FF FF FF FF FF FF FF FF … (4095 Bytes),145.30323s,Suzuki SLP1,76 64 (2 Bytes)
145.47017s,Suzuki SLP1,36 65 FF FF FF FF FF FF FF FF FF FF FF FF FF FF FF FF FF FF FF FF FF FF FF FF FF FF FF FF … (4095 Bytes),145.47262s,Suzuki SLP1,76 65 (2 Bytes)
145.63582s,Suzuki SLP1,36 66 FF FF FF FF FF FF FF FF FF FF FF FF FF FF FF FF FF FF FF FF FF FF FF FF FF FF FF FF … (4095 Bytes),145.64104s,Suzuki SLP1,76 66 (2 Bytes)
145.80484s,Suzuki SLP1,36 67 FF FF FF FF FF FF FF FF FF FF FF FF FF FF FF FF FF FF FF FF FF FF FF FF FF FF FF FF … (4095 Bytes),145.80778s,Suzuki SLP1,76 67 (2 Bytes)
145.97456s,Suzuki SLP1,36 68 FF FF FF FF FF FF FF FF FF FF FF FF FF FF FF FF FF FF FF FF FF FF FF FF FF FF FF FF … (4095 Bytes),145.97702s,Suzuki SLP1,76 68 (2 Bytes)
146.14087s,Suzuki SLP1,36 69 FF FF FF FF FF FF FF FF FF FF FF FF FF FF FF FF FF FF FF FF FF FF FF FF FF FF FF FF … (4095 Bytes),146.14704s,Suzuki SLP1,76 69 (2 Bytes)
146.31139s,Suzuki SLP1,36 6A FF FF FF FF FF FF FF FF FF FF FF FF FF FF FF FF FF FF FF FF FF FF FF FF FF FF FF FF … (4095 Bytes),146.31384s,Suzuki SLP1,76 6A (2 Bytes)
146.48011s,Suzuki SLP1,36 6B FF FF FF FF FF FF FF FF FF FF FF FF FF FF FF FF FF FF FF FF FF FF FF FF FF FF FF FF … (4095 Bytes),146.48306s,Suzuki SLP1,76 6B (2 Bytes)
146.64582s,Suzuki SLP1,36 6C FF FF FF FF FF FF FF FF FF FF FF FF FF FF FF FF FF FF FF FF FF FF FF FF FF FF FF FF … (4095 Bytes),146.65104s,Suzuki SLP1,76 6C (2 Bytes)
146.81562s,Suzuki SLP1,36 6D FF FF FF FF FF FF FF FF FF FF FF FF FF FF FF FF FF FF FF FF FF FF FF FF FF FF FF FF … (4095 Bytes),146.81808s,Suzuki SLP1,76 6D (2 Bytes)
146.98442s,Suzuki SLP1,36 6E FF FF FF FF FF FF FF FF FF FF FF FF FF FF FF FF FF FF FF FF FF FF FF FF FF FF FF FF … (4095 Bytes),146.98768s,Suzuki SLP1,76 6E (2 Bytes)
147.15472s,Suzuki SLP1,36 6F FF FF FF FF FF FF FF FF FF FF FF FF FF FF FF FF FF FF FF FF FF FF FF FF FF FF FF FF … (4095 Bytes),147.15718s,Suzuki SLP1,76 6F (2 Bytes)
147.32098s,Suzuki SLP1,36 70 FF FF FF FF FF FF FF FF FF FF FF FF FF FF FF FF FF FF FF FF FF FF FF FF FF FF FF FF … (4095 Bytes),147.32344s,Suzuki SLP1,76 70 (2 Bytes)
147.49030s,Suzuki SLP1,36 71 FF FF FF FF FF FF FF FF FF FF FF FF FF FF FF FF FF FF FF FF FF FF FF FF FF FF FF FF … (4095 Bytes),147.49326s,Suzuki SLP1,76 71 (2 Bytes)
147.65890s,Suzuki SLP1,36 72 FF FF FF FF FF FF FF FF FF FF FF FF FF FF FF FF FF FF FF FF FF FF FF FF FF FF FF FF … (4095 Bytes),147.66136s,Suzuki SLP1,76 72 (2 Bytes)
147.82510s,Suzuki SLP1,36 73 FF FF FF FF FF FF FF FF FF FF FF FF FF FF FF FF FF FF FF FF FF FF FF FF FF FF FF FF … (4095 Bytes),147.82833s,Suzuki SLP1,76 73 (2 Bytes)
147.99518s,Suzuki SLP1,36 74 FF FF FF FF FF FF FF FF FF FF FF FF FF FF FF FF FF FF FF FF FF FF FF FF FF FF FF FF … (4095 Bytes),147.99813s,Suzuki SLP1,76 74 (2 Bytes)
148.16473s,Suzuki SLP1,36 75 FF FF FF FF FF FF FF FF FF FF FF FF FF FF FF FF FF FF FF FF FF FF FF FF FF FF FF FF … (4095 Bytes),148.16768s,Suzuki SLP1,76 75 (2 Bytes)
148.33201s,Suzuki SLP1,36 76 FF FF FF FF FF FF FF FF FF FF FF FF FF FF FF FF FF FF FF FF FF FF FF FF FF FF FF FF … (4095 Bytes),148.33738s,Suzuki SLP1,76 76 (2 Bytes)
148.50132s,Suzuki SLP1,36 77 FF FF FF FF FF FF FF FF FF FF FF FF FF FF FF FF FF FF FF FF FF FF FF FF FF FF FF FF … (4095 Bytes),148.50377s,Suzuki SLP1,76 77 (2 Bytes)
148.67065s,Suzuki SLP1,36 78 FF FF FF FF FF FF FF FF FF FF FF FF FF FF FF FF FF FF FF FF FF FF FF FF FF FF FF FF … (4095 Bytes),148.67311s,Suzuki SLP1,76 78 (2 Bytes)
148.83636s,Suzuki SLP1,36 79 FF FF FF FF FF FF FF FF FF FF FF FF FF FF FF FF FF FF FF FF FF FF FF FF FF FF FF FF … (4095 Bytes),148.84231s,Suzuki SLP1,76 79 (2 Bytes)
149.00556s,Suzuki SLP1,36 7A FF FF FF FF FF FF FF FF FF FF FF FF FF FF FF FF FF FF FF FF FF FF FF FF FF FF FF FF … (4095 Bytes),149.00845s,Suzuki SLP1,76 7A (2 Bytes)
149.17553s,Suzuki SLP1,36 7B FF FF FF FF FF FF FF FF FF FF FF FF FF FF FF FF FF FF FF FF FF FF FF FF FF FF FF FF … (4095 Bytes),149.17823s,Suzuki SLP1,76 7B (2 Bytes)
149.17776s,FuncGroup-0x700,3E 80 (2 Bytes),,,
149.34201s,Suzuki SLP1,36 7C FF FF FF FF FF FF FF FF FF FF FF FF FF FF FF FF FF FF FF FF FF FF FF FF FF FF FF FF … (4095 Bytes),149.34738s,Suzuki SLP1,76 7C (2 Bytes)
149.51174s,Suzuki SLP1,36 7D FF FF FF FF FF FF FF FF FF FF FF FF FF FF FF FF FF FF FF FF FF FF FF FF FF FF FF FF … (4095 Bytes),149.51419s,Suzuki SLP1,76 7D (2 Bytes)
149.68043s,Suzuki SLP1,36 7E FF FF FF FF FF FF FF FF FF FF FF FF FF FF FF FF FF FF FF FF FF FF FF FF FF FF FF FF … (4095 Bytes),149.68339s,Suzuki SLP1,76 7E (2 Bytes)
149.84621s,Suzuki SLP1,36 7F FF FF FF FF FF FF FF FF FF FF FF FF FF FF FF FF FF FF FF FF FF FF FF FF FF FF FF FF … (4095 Bytes),149.85265s,Suzuki SLP1,76 7F (2 Bytes)
150.01587s,Suzuki SLP1,36 80 FF FF FF FF FF FF FF FF FF FF FF FF FF FF FF FF FF FF FF FF FF FF FF FF FF FF FF FF … (4095 Bytes),150.01833s,Suzuki SLP1,76 80 (2 Bytes)
150.18474s,Suzuki SLP1,36 81 FF FF FF FF FF FF FF FF FF FF FF FF FF FF FF FF FF FF FF FF FF FF FF FF FF FF FF FF … (4095 Bytes),150.18770s,Suzuki SLP1,76 81 (2 Bytes)
150.35440s,Suzuki SLP1,36 82 FF FF FF FF FF FF FF FF FF FF FF FF FF FF FF FF FF FF FF FF FF FF FF FF FF FF FF FF … (4095 Bytes),150.35686s,Suzuki SLP1,76 82 (2 Bytes)
150.52070s,Suzuki SLP1,36 83 FF FF FF FF FF FF FF FF FF FF FF FF FF FF FF FF FF FF FF FF FF FF FF FF FF FF FF FF … (4095 Bytes),150.52316s,Suzuki SLP1,76 83 (2 Bytes)
150.69003s,Suzuki SLP1,36 84 FF FF FF FF FF FF FF FF FF FF FF FF FF FF FF FF FF FF FF FF FF FF FF FF FF FF FF FF … (4095 Bytes),150.69299s,Suzuki SLP1,76 84 (2 Bytes)
150.85863s,Suzuki SLP1,36 85 FF FF FF FF FF FF FF FF FF FF FF FF FF FF FF FF FF FF FF FF FF FF FF FF FF FF FF FF … (4095 Bytes),150.86109s,Suzuki SLP1,76 85 (2 Bytes)
151.02500s,Suzuki SLP1,36 86 FF FF FF FF FF FF FF FF FF FF FF FF FF FF FF FF FF FF FF FF FF FF FF FF FF FF FF FF … (4095 Bytes),151.02793s,Suzuki SLP1,76 86 (2 Bytes)
151.19493s,Suzuki SLP1,36 87 FF FF FF FF FF FF FF FF FF FF FF FF FF FF FF FF FF FF FF FF FF FF FF FF FF FF FF FF … (4095 Bytes),151.19789s,Suzuki SLP1,76 87 (2 Bytes)
151.36422s,Suzuki SLP1,36 88 FF FF FF FF FF FF FF FF FF FF FF FF FF FF FF FF FF FF FF FF FF FF FF FF FF FF FF FF … (4095 Bytes),151.36748s,Suzuki SLP1,76 88 (2 Bytes)
151.53190s,Suzuki SLP1,36 89 FF FF FF FF FF FF FF FF FF FF FF FF FF FF FF FF FF FF FF FF FF FF FF FF FF FF FF FF … (4095 Bytes),151.53727s,Suzuki SLP1,76 89 (2 Bytes)
151.70124s,Suzuki SLP1,36 8A FF FF FF FF FF FF FF FF FF FF FF FF FF FF FF FF FF FF FF FF FF FF FF FF FF FF FF FF … (4095 Bytes),151.70369s,Suzuki SLP1,76 8A (2 Bytes)
151.87057s,Suzuki SLP1,36 8B FF FF FF FF FF FF FF FF FF FF FF FF FF FF FF FF FF FF FF FF FF FF FF FF FF FF FF FF … (4095 Bytes),151.87303s,Suzuki SLP1,76 8B (2 Bytes)
152.03625s,Suzuki SLP1,36 8C FF FF FF FF FF FF FF FF FF FF FF FF FF FF FF FF FF FF FF FF FF FF FF FF FF FF FF FF … (4095 Bytes),152.04220s,Suzuki SLP1,76 8C (2 Bytes)
152.20573s,Suzuki SLP1,36 8D FF FF FF FF FF FF FF FF FF FF FF FF FF FF FF FF FF FF FF FF FF FF FF FF FF FF FF FF … (4095 Bytes),152.20897s,Suzuki SLP1,76 8D (2 Bytes)
152.37560s,Suzuki SLP1,36 8E FF FF FF FF FF FF FF FF FF FF FF FF FF FF FF FF FF FF FF FF FF FF FF FF FF FF FF FF … (4095 Bytes),152.37805s,Suzuki SLP1,76 8E (2 Bytes)
152.54193s,Suzuki SLP1,36 8F FF FF FF FF FF FF FF FF FF FF FF FF FF FF FF FF FF FF FF FF FF FF FF FF FF FF FF FF … (4095 Bytes),152.54731s,Suzuki SLP1,76 8F (2 Bytes)
152.71162s,Suzuki SLP1,36 90 FF FF FF FF FF FF FF FF FF FF FF FF FF FF FF FF FF FF FF FF FF FF FF FF FF FF FF FF … (4095 Bytes),152.71407s,Suzuki SLP1,76 90 (2 Bytes)
152.88036s,Suzuki SLP1,36 91 FF FF FF FF FF FF FF FF FF FF FF FF FF FF FF FF FF FF FF FF FF FF FF FF FF FF FF FF … (4095 Bytes),152.88331s,Suzuki SLP1,76 91 (2 Bytes)
153.04607s,Suzuki SLP1,36 92 FF FF FF FF FF FF FF FF FF FF FF FF FF FF FF FF FF FF FF FF FF FF FF FF FF FF FF FF … (4095 Bytes),153.05129s,Suzuki SLP1,76 92 (2 Bytes)
153.21587s,Suzuki SLP1,36 93 FF FF FF FF FF FF FF FF FF FF FF FF FF FF FF FF FF FF FF FF FF FF FF FF FF FF FF FF … (4095 Bytes),153.21857s,Suzuki SLP1,76 93 (2 Bytes)
153.21810s,FuncGroup-0x700,3E 80 (2 Bytes),,,
153.38481s,Suzuki SLP1,36 94 FF FF FF FF FF FF FF FF FF FF FF FF FF FF FF FF FF FF FF FF FF FF FF FF FF FF FF FF … (4095 Bytes),153.38777s,Suzuki SLP1,76 94 (2 Bytes)
153.55454s,Suzuki SLP1,36 95 FF FF FF FF FF FF FF FF FF FF FF FF FF FF FF FF FF FF FF FF FF FF FF FF FF FF FF FF … (4095 Bytes),153.55700s,Suzuki SLP1,76 95 (2 Bytes)
153.72083s,Suzuki SLP1,36 96 FF FF FF FF FF FF FF FF FF FF FF FF FF FF FF FF FF FF FF FF FF FF FF FF FF FF FF FF … (4095 Bytes),153.72328s,Suzuki SLP1,76 96 (2 Bytes)
153.89015s,Suzuki SLP1,36 97 FF FF FF FF FF FF FF FF FF FF FF FF FF FF FF FF FF FF FF FF FF FF FF FF FF FF FF FF … (4095 Bytes),153.89311s,Suzuki SLP1,76 97 (2 Bytes)
154.05878s,Suzuki SLP1,36 98 FF FF FF FF FF FF FF FF FF FF FF FF FF FF FF FF FF FF FF FF FF FF FF FF FF FF FF FF … (4095 Bytes),154.06124s,Suzuki SLP1,76 98 (2 Bytes)
154.22514s,Suzuki SLP1,36 99 FF FF FF FF FF FF FF FF FF FF FF FF FF FF FF FF FF FF FF FF FF FF FF FF FF FF FF FF … (4095 Bytes),154.22807s,Suzuki SLP1,76 99 (2 Bytes)
154.39480s,Suzuki SLP1,36 9A FF FF FF FF FF FF FF FF FF FF FF FF FF FF FF FF FF FF FF FF FF FF FF FF FF FF FF FF … (4095 Bytes),154.39776s,Suzuki SLP1,76 9A (2 Bytes)
154.56395s,Suzuki SLP1,36 9B FF FF FF FF FF FF FF FF FF FF FF FF FF FF FF FF FF FF FF FF FF FF FF FF FF FF FF FF … (4095 Bytes),154.56690s,Suzuki SLP1,76 9B (2 Bytes)
154.73125s,Suzuki SLP1,36 9C FF FF FF FF FF FF FF FF FF FF FF FF FF FF FF FF FF FF FF FF FF FF FF FF FF FF FF FF … (4095 Bytes),154.73662s,Suzuki SLP1,76 9C (2 Bytes)
154.90058s,Suzuki SLP1,36 9D FF FF FF FF FF FF FF FF FF FF FF FF FF FF FF FF FF FF FF FF FF FF FF FF FF FF FF FF … (4095 Bytes),154.90303s,Suzuki SLP1,76 9D (2 Bytes)
155.06988s,Suzuki SLP1,36 9E FF FF FF FF FF FF FF FF FF FF FF FF FF FF FF FF FF FF FF FF FF FF FF FF FF FF FF FF … (4095 Bytes),155.07264s,Suzuki SLP1,76 9E (2 Bytes)
155.23624s,Suzuki SLP1,36 9F FF FF FF FF FF FF FF FF FF FF FF FF FF FF FF FF FF FF FF FF FF FF FF FF FF FF FF FF … (4095 Bytes),155.24219s,Suzuki SLP1,76 9F (2 Bytes)
155.40543s,Suzuki SLP1,36 A0 FF FF FF FF FF FF FF FF FF FF FF FF FF FF FF FF FF FF FF FF FF FF FF FF FF FF FF FF … (4095 Bytes),155.40836s,Suzuki SLP1,76 A0 (2 Bytes)
155.57513s,Suzuki SLP1,36 A1 FF FF FF FF FF FF FF FF FF FF FF FF FF FF FF FF FF FF FF FF FF FF FF FF FF FF FF FF … (4095 Bytes),155.57758s,Suzuki SLP1,76 A1 (2 Bytes)
155.74142s,Suzuki SLP1,36 A2 FF FF FF FF FF FF FF FF FF FF FF FF FF FF FF FF FF FF FF FF FF FF FF FF FF FF FF FF … (4095 Bytes),155.74690s,Suzuki SLP1,76 A2 (2 Bytes)
155.91135s,Suzuki SLP1,36 A3 FF FF FF FF FF FF FF FF FF FF FF FF FF FF FF FF FF FF FF FF FF FF FF FF FF FF FF FF … (4095 Bytes),155.91381s,Suzuki SLP1,76 A3 (2 Bytes)
156.08038s,Suzuki SLP1,36 A4 FF FF FF FF FF FF FF FF FF FF FF FF FF FF FF FF FF FF FF FF FF FF FF FF FF FF FF FF … (4095 Bytes),156.08334s,Suzuki SLP1,76 A4 (2 Bytes)
156.24626s,Suzuki SLP1,36 A5 FF FF FF FF FF FF FF FF FF FF FF FF FF FF FF FF FF FF FF FF FF FF FF FF FF FF FF FF … (4095 Bytes),156.25270s,Suzuki SLP1,76 A5 (2 Bytes)
156.41593s,Suzuki SLP1,36 A6 FF FF FF FF FF FF FF FF FF FF FF FF FF FF FF FF FF FF FF FF FF FF FF FF FF FF FF FF … (4095 Bytes),156.41838s,Suzuki SLP1,76 A6 (2 Bytes)
156.58477s,Suzuki SLP1,36 A7 FF FF FF FF FF FF FF FF FF FF FF FF FF FF FF FF FF FF FF FF FF FF FF FF FF FF FF FF … (4095 Bytes),156.58797s,Suzuki SLP1,76 A7 (2 Bytes)
156.75487s,Suzuki SLP1,36 A8 FF FF FF FF FF FF FF FF FF FF FF FF FF FF FF FF FF FF FF FF FF FF FF FF FF FF FF FF … (4095 Bytes),156.75732s,Suzuki SLP1,76 A8 (2 Bytes)
156.92118s,Suzuki SLP1,36 A9 FF FF FF FF FF FF FF FF FF FF FF FF FF FF FF FF FF FF FF FF FF FF FF FF FF FF FF FF … (4095 Bytes),156.92363s,Suzuki SLP1,76 A9 (2 Bytes)
157.09050s,Suzuki SLP1,36 AA FF FF FF FF FF FF FF FF FF FF FF FF FF FF FF FF FF FF FF FF FF FF FF FF FF FF FF FF … (4095 Bytes),157.09345s,Suzuki SLP1,76 AA (2 Bytes)
157.25934s,Suzuki SLP1,36 AB FF FF FF FF FF FF FF FF FF FF FF FF FF FF FF FF FF FF FF FF FF FF FF FF FF FF FF FF … (4095 Bytes),157.26279s,Suzuki SLP1,76 AB (2 Bytes)
157.26157s,FuncGroup-0x700,3E 80 (2 Bytes),,,
157.42601s,Suzuki SLP1,36 AC FF FF FF FF FF FF FF FF FF FF FF FF FF FF FF FF FF FF FF FF FF FF FF FF FF FF FF FF … (4095 Bytes),157.42907s,Suzuki SLP1,76 AC (2 Bytes)
157.59594s,Suzuki SLP1,36 AD FF FF FF FF FF FF FF FF FF FF FF FF FF FF FF FF FF FF FF FF FF FF FF FF FF FF FF FF … (4095 Bytes),157.59889s,Suzuki SLP1,76 AD (2 Bytes)
157.76530s,Suzuki SLP1,36 AE FF FF FF FF FF FF FF FF FF FF FF FF FF FF FF FF FF FF FF FF FF FF FF FF FF FF FF FF … (4095 Bytes),157.76826s,Suzuki SLP1,76 AE (2 Bytes)
157.93258s,Suzuki SLP1,36 AF FF FF FF FF FF FF FF FF FF FF FF FF FF FF FF FF FF FF FF FF FF FF FF FF FF FF FF FF … (4095 Bytes),157.93795s,Suzuki SLP1,76 AF (2 Bytes)
158.10187s,Suzuki SLP1,36 B0 FF FF FF FF FF FF FF FF FF FF FF FF FF FF FF FF FF FF FF FF FF FF FF FF FF FF FF FF … (4095 Bytes),158.10433s,Suzuki SLP1,76 B0 (2 Bytes)
158.27124s,Suzuki SLP1,36 B1 FF FF FF FF FF FF FF FF FF FF FF FF FF FF FF FF FF FF FF FF FF FF FF FF FF FF FF FF … (4095 Bytes),158.27369s,Suzuki SLP1,76 B1 (2 Bytes)
158.43691s,Suzuki SLP1,36 B2 FF FF FF FF FF FF FF FF FF FF FF FF FF FF FF FF FF FF FF FF FF FF FF FF FF FF FF FF … (4095 Bytes),158.44287s,Suzuki SLP1,76 B2 (2 Bytes)
158.60620s,Suzuki SLP1,36 B3 FF FF FF FF FF FF FF FF FF FF FF FF FF FF FF FF FF FF FF FF FF FF FF FF FF FF FF FF … (4095 Bytes),158.60875s,Suzuki SLP1,76 B3 (2 Bytes)
158.77552s,Suzuki SLP1,36 B4 FF FF FF FF FF FF FF FF FF FF FF FF FF FF FF FF FF FF FF FF FF FF FF FF FF FF FF FF … (4095 Bytes),158.77798s,Suzuki SLP1,76 B4 (2 Bytes)
158.94210s,Suzuki SLP1,36 B5 FF FF FF FF FF FF FF FF FF FF FF FF FF FF FF FF FF FF FF FF FF FF FF FF FF FF FF FF … (4095 Bytes),158.94747s,Suzuki SLP1,76 B5 (2 Bytes)
159.11188s,Suzuki SLP1,36 B6 FF FF FF FF FF FF FF FF FF FF FF FF FF FF FF FF FF FF FF FF FF FF FF FF FF FF FF FF … (4095 Bytes),159.11434s,Suzuki SLP1,76 B6 (2 Bytes)
159.28066s,Suzuki SLP1,36 B7 FF FF FF FF FF FF FF FF FF FF FF FF FF FF FF FF FF FF FF FF FF FF FF FF FF FF FF FF … (4095 Bytes),159.28361s,Suzuki SLP1,76 B7 (2 Bytes)
159.44634s,Suzuki SLP1,36 B8 FF FF FF FF FF FF FF FF FF FF FF FF FF FF FF FF FF FF FF FF FF FF FF FF FF FF FF FF … (4095 Bytes),159.45278s,Suzuki SLP1,76 B8 (2 Bytes)
159.61603s,Suzuki SLP1,36 B9 FF FF FF FF FF FF FF FF FF FF FF FF FF FF FF FF FF FF FF FF FF FF FF FF FF FF FF FF … (4095 Bytes),159.61849s,Suzuki SLP1,76 B9 (2 Bytes)
159.78486s,Suzuki SLP1,36 BA FF FF FF FF FF FF FF FF FF FF FF FF FF FF FF FF FF FF FF FF FF FF FF FF FF FF FF FF … (4095 Bytes),159.78781s,Suzuki SLP1,76 BA (2 Bytes)
159.95462s,Suzuki SLP1,36 BB FF FF FF FF FF FF FF FF FF FF FF FF FF FF FF FF FF FF FF FF FF FF FF FF FF FF FF FF … (4095 Bytes),159.95708s,Suzuki SLP1,76 BB (2 Bytes)
160.12087s,Suzuki SLP1,36 BC FF FF FF FF FF FF FF FF FF FF FF FF FF FF FF FF FF FF FF FF FF FF FF FF FF FF FF FF … (4095 Bytes),160.12332s,Suzuki SLP1,76 BC (2 Bytes)
160.29048s,Suzuki SLP1,36 BD FF FF FF FF FF FF FF FF FF FF FF FF FF FF FF FF FF FF FF FF FF FF FF FF FF FF FF FF … (4095 Bytes),160.29344s,Suzuki SLP1,76 BD (2 Bytes)
160.45899s,Suzuki SLP1,36 BE FF FF FF FF FF FF FF FF FF FF FF FF FF FF FF FF FF FF FF FF FF FF FF FF FF FF FF FF … (4095 Bytes),160.46144s,Suzuki SLP1,76 BE (2 Bytes)
160.62518s,Suzuki SLP1,36 BF FF FF FF FF FF FF FF FF FF FF FF FF FF FF FF FF FF FF FF FF FF FF FF FF FF FF FF FF … (4095 Bytes),160.62810s,Suzuki SLP1,76 BF (2 Bytes)
160.79484s,Suzuki SLP1,36 C0 FF FF FF FF FF FF FF FF FF FF FF FF FF FF FF FF FF FF FF FF FF FF FF FF FF FF FF FF … (4095 Bytes),160.79779s,Suzuki SLP1,76 C0 (2 Bytes)
160.96418s,Suzuki SLP1,36 C1 FF FF FF FF FF FF FF FF FF FF FF FF FF FF FF FF FF FF FF FF FF FF FF FF FF FF FF FF … (4095 Bytes),160.96742s,Suzuki SLP1,76 C1 (2 Bytes)
161.13187s,Suzuki SLP1,36 C2 FF FF FF FF FF FF FF FF FF FF FF FF FF FF FF FF FF FF FF FF FF FF FF FF FF FF FF FF … (4095 Bytes),161.13749s,Suzuki SLP1,76 C2 (2 Bytes)
161.30140s,Suzuki SLP1,36 C3 FF FF FF FF FF FF FF FF FF FF FF FF FF FF FF FF FF FF FF FF FF FF FF FF FF FF FF FF … (4095 Bytes),161.30410s,Suzuki SLP1,76 C3 (2 Bytes)
161.30363s,FuncGroup-0x700,3E 80 (2 Bytes),,,
161.47092s,Suzuki SLP1,36 C4 FF FF FF FF FF FF FF FF FF FF FF FF FF FF FF FF FF FF FF FF FF FF FF FF FF FF FF FF … (4095 Bytes),161.47338s,Suzuki SLP1,76 C4 (2 Bytes)
161.63664s,Suzuki SLP1,36 C5 FF FF FF FF FF FF FF FF FF FF FF FF FF FF FF FF FF FF FF FF FF FF FF FF FF FF FF FF … (4095 Bytes),161.64260s,Suzuki SLP1,76 C5 (2 Bytes)
161.80587s,Suzuki SLP1,36 C6 FF FF FF FF FF FF FF FF FF FF FF FF FF FF FF FF FF FF FF FF FF FF FF FF FF FF FF FF … (4095 Bytes),161.80899s,Suzuki SLP1,76 C6 (2 Bytes)
161.97578s,Suzuki SLP1,36 C7 FF FF FF FF FF FF FF FF FF FF FF FF FF FF FF FF FF FF FF FF FF FF FF FF FF FF FF FF … (4095 Bytes),161.97823s,Suzuki SLP1,76 C7 (2 Bytes)
162.14208s,Suzuki SLP1,36 C8 FF FF FF FF FF FF FF FF FF FF FF FF FF FF FF FF FF FF FF FF FF FF FF FF FF FF FF FF … (4095 Bytes),162.14771s,Suzuki SLP1,76 C8 (2 Bytes)
162.31203s,Suzuki SLP1,36 C9 FF FF FF FF FF FF FF FF FF FF FF FF FF FF FF FF FF FF FF FF FF FF FF FF FF FF FF FF … (4095 Bytes),162.31448s,Suzuki SLP1,76 C9 (2 Bytes)
162.48073s,Suzuki SLP1,36 CA FF FF FF FF FF FF FF FF FF FF FF FF FF FF FF FF FF FF FF FF FF FF FF FF FF FF FF FF … (4095 Bytes),162.48369s,Suzuki SLP1,76 CA (2 Bytes)
162.64643s,Suzuki SLP1,36 CB FF FF FF FF FF FF FF FF FF FF FF FF FF FF FF FF FF FF FF FF FF FF FF FF FF FF FF FF … (4095 Bytes),162.65289s,Suzuki SLP1,76 CB (2 Bytes)
162.81617s,Suzuki SLP1,36 CC FF FF FF FF FF FF FF FF FF FF FF FF FF FF FF FF FF FF FF FF FF FF FF FF FF FF FF FF … (4095 Bytes),162.81862s,Suzuki SLP1,76 CC (2 Bytes)
162.98501s,Suzuki SLP1,36 CD FF FF FF FF FF FF FF FF FF FF FF FF FF FF FF FF FF FF FF FF FF FF FF FF FF FF FF FF … (4095 Bytes),162.98796s,Suzuki SLP1,76 CD (2 Bytes)
163.15494s,Suzuki SLP1,36 CE FF FF FF FF FF FF FF FF FF FF FF FF FF FF FF FF FF FF FF FF FF FF FF FF FF FF FF FF … (4095 Bytes),163.15740s,Suzuki SLP1,76 CE (2 Bytes)
163.32122s,Suzuki SLP1,36 CF FF FF FF FF FF FF FF FF FF FF FF FF FF FF FF FF FF FF FF FF FF FF FF FF FF FF FF FF … (4095 Bytes),163.32368s,Suzuki SLP1,76 CF (2 Bytes)
163.49052s,Suzuki SLP1,36 D0 FF FF FF FF FF FF FF FF FF FF FF FF FF FF FF FF FF FF FF FF FF FF FF FF FF FF FF FF … (4095 Bytes),163.49347s,Suzuki SLP1,76 D0 (2 Bytes)
163.65910s,Suzuki SLP1,36 D1 FF FF FF FF FF FF FF FF FF FF FF FF FF FF FF FF FF FF FF FF FF FF FF FF FF FF FF FF … (4095 Bytes),163.66228s,Suzuki SLP1,76 D1 (2 Bytes)
163.82568s,Suzuki SLP1,36 D2 FF FF FF FF FF FF FF FF FF FF FF FF FF FF FF FF FF FF FF FF FF FF FF FF FF FF FF FF … (4095 Bytes),163.82859s,Suzuki SLP1,76 D2 (2 Bytes)
163.99540s,Suzuki SLP1,36 D3 FF FF FF FF FF FF FF FF FF FF FF FF FF FF FF FF FF FF FF FF FF FF FF FF FF FF FF FF … (4095 Bytes),163.99835s,Suzuki SLP1,76 D3 (2 Bytes)
164.16498s,Suzuki SLP1,36 D4 FF FF FF FF FF FF FF FF FF FF FF FF FF FF FF FF FF FF FF FF FF FF FF FF FF FF FF FF … (4095 Bytes),164.16787s,Suzuki SLP1,76 D4 (2 Bytes)
164.33222s,Suzuki SLP1,36 D5 FF FF FF FF FF FF FF FF FF FF FF FF FF FF FF FF FF FF FF FF FF FF FF FF FF FF FF FF … (4095 Bytes),164.33759s,Suzuki SLP1,76 D5 (2 Bytes)
164.50154s,Suzuki SLP1,36 D6 FF FF FF FF FF FF FF FF FF FF FF FF FF FF FF FF FF FF FF FF FF FF FF FF FF FF FF FF … (4095 Bytes),164.50399s,Suzuki SLP1,76 D6 (2 Bytes)
164.67087s,Suzuki SLP1,36 D7 FF FF FF FF FF FF FF FF FF FF FF FF FF FF FF FF FF FF FF FF FF FF FF FF FF FF FF FF … (4095 Bytes),164.67333s,Suzuki SLP1,76 D7 (2 Bytes)
164.83661s,Suzuki SLP1,36 D8 FF FF FF FF FF FF FF FF FF FF FF FF FF FF FF FF FF FF FF FF FF FF FF FF FF FF FF FF … (4095 Bytes),164.84257s,Suzuki SLP1,76 D8 (2 Bytes)
165.00578s,Suzuki SLP1,36 D9 FF FF FF FF FF FF FF FF FF FF FF FF FF FF FF FF FF FF FF FF FF FF FF FF FF FF FF FF … (4095 Bytes),165.00865s,Suzuki SLP1,76 D9 (2 Bytes)
165.17575s,Suzuki SLP1,36 DA FF FF FF FF FF FF FF FF FF FF FF FF FF FF FF FF FF FF FF FF FF FF FF FF FF FF FF FF … (4095 Bytes),165.17821s,Suzuki SLP1,76 DA (2 Bytes)
165.34104s,Suzuki SLP1,36 DB FF FF FF FF FF FF FF FF FF FF FF FF FF FF FF FF FF FF FF FF FF FF FF FF FF FF FF FF … (4095 Bytes),165.34677s,Suzuki SLP1,76 DB (2 Bytes)
165.34618s,FuncGroup-0x700,3E 80 (2 Bytes),,,
165.50131s,Suzuki SLP1,36 DC 00 00 00 00 00 00 00 00 00 00 00 00 00 00 00 00 00 00 00 00 00 00 00 00 00 00 00 00 … (4095 Bytes),165.50747s,Suzuki SLP1,76 DC (2 Bytes)
165.66345s,Suzuki SLP1,36 DD 10 79 12 70 A0 65 6F 84 44 AA 82 64 51 E2 64 52 B2 64 55 A2 64 54 8F 85 4F A5 20 73 … (4095 Bytes),165.66962s,Suzuki SLP1,76 DD (2 Bytes)
165.82411s,Suzuki SLP1,36 DE 4C 12 50 C0 64 6F 16 18 04 25 9C FF C6 11 00 CF 76 23 61 A9 78 65 9B FF 79 04 06 B9 … (4095 Bytes),165.83064s,Suzuki SLP1,76 DE (2 Bytes)
165.98880s,Suzuki SLP1,36 DF 00 49 31 C0 20 00 39 F2 C0 20 00 48 F2 C0 20 00 68 31 10 44 01 70 66 10 4A 46 C0 20 … (4095 Bytes),165.99460s,Suzuki SLP1,76 DF (2 Bytes)
166.15188s,Suzuki SLP1,36 E0 79 61 12 43 12 A0 5F 68 6F 2F 14 33 01 E1 78 29 24 1D F0 00 00 6E 37 1E 69 61 12 43 … (4095 Bytes),166.15760s,Suzuki SLP1,76 E0 (2 Bytes)
166.31207s,Suzuki SLP1,36 E1 C0 20 00 E9 31 C0 20 00 E8 31 D7 1E 02 82 45 A3 3E 15 99 8E 53 14 5F 02 40 E0 62 6F … (4095 Bytes),166.31782s,Suzuki SLP1,76 E1 (2 Bytes)
166.47425s,Suzuki SLP1,36 E2 33 37 0C E3 68 6A 55 59 23 68 F4 60 6A 05 EF 33 35 0C E3 68 6A 55 59 23 62 14 1F F9 … (4095 Bytes),166.48001s,Suzuki SLP1,76 E2 (2 Bytes)
166.63414s,Suzuki SLP1,36 E3 78 89 80 CA A3 DC 5A B9 2E 43 93 0C 01 1B 70 A6 00 A0 69 6F 3D F0 4E 45 9B EA 0C 12 … (4095 Bytes),166.63986s,Suzuki SLP1,76 E3 (2 Bytes)
166.79316s,Suzuki SLP1,36 E4 25 01 A2 A0 07 0C 2B 16 66 0A FE 78 11 33 5B 00 59 12 10 A0 65 6F 84 D4 33 8E 20 9E … (4095 Bytes),166.79891s,Suzuki SLP1,76 E4 (2 Bytes)
166.95626s,Suzuki SLP1,36 E5 FF 00 00 00 00 00 00 00 00 00 00 00 0E 03 17 65 6D 00 4C 12 00 60 68 6F C6 01 00 00 … (4095 Bytes),166.96206s,Suzuki SLP1,76 E5 (2 Bytes)
167.11667s,Suzuki SLP1,36 E6 A4 22 44 A8 22 04 A4 0C 02 22 44 A4 C6 FF FF 06 00 00 00 24 00 34 24 00 00 32 A5 98 … (4095 Bytes),167.12235s,Suzuki SLP1,76 E6 (2 Bytes)
167.27932s,Suzuki SLP1,36 E7 15 04 A2 15 04 7E 99 12 C7 1C 00 6C 5A 20 00 65 6D AF 9B 7C 51 DD 71 C6 00 00 00 60 … (4095 Bytes),167.28506s,Suzuki SLP1,76 E7 (2 Bytes)
167.43853s,Suzuki SLP1,36 E8 0C 12 A5 DB FF 1D F0 00 00 36 41 00 0C 2A 2A 73 AC 74 64 D4 33 64 64 61 58 06 68 46 … (4095 Bytes),167.44433s,Suzuki SLP1,76 E8 (2 Bytes)
167.59640s,Suzuki SLP1,36 E9 0C E1 71 4F 01 30 81 E7 78 25 8A 09 56 AA FD A2 C1 14 A5 A8 FF 8C 7A 2F 0A 04 88 00 … (4095 Bytes),167.60222s,Suzuki SLP1,76 E9 (2 Bytes)
167.75696s,Suzuki SLP1,36 EA A5 AF 27 6E 3A 12 E5 49 10 73 12 40 DF 64 6F 4F 12 B8 A5 A0 6D 42 41 0C 25 AE 27 6E … (4095 Bytes),167.76272s,Suzuki SLP1,76 EA (2 Bytes)
167.91601s,Suzuki SLP1,36 EB 2A 04 88 0A F2 FA B8 42 21 12 70 01 C6 56 92 07 92 48 D0 32 68 32 34 D4 33 24 D4 33 … (4095 Bytes),167.92220s,Suzuki SLP1,76 EB (2 Bytes)
168.07826s,Suzuki SLP1,36 EC 62 1C F2 62 1E 2E 77 12 FF 0C 12 40 5A 00 50 69 6D AD 06 16 37 11 52 A0 94 E2 A0 8C … (4095 Bytes),168.08402s,Suzuki SLP1,76 EC (2 Bytes)
168.23694s,Suzuki SLP1,36 ED 12 54 F0 62 72 05 0C 52 C5 10 62 A0 94 F6 37 0E 8C 97 76 87 07 72 05 00 47 17 1E 6A … (4095 Bytes),168.24291s,Suzuki SLP1,76 ED (2 Bytes)
168.39522s,Suzuki SLP1,36 EE 9B E4 71 FE ED 73 78 CF 22 0E 50 06 EE 9A B8 0F F4 C5 25 E7 71 76 8F 2F 1E 45 13 01 … (4095 Bytes),168.40095s,Suzuki SLP1,76 EE (2 Bytes)
168.55698s,Suzuki SLP1,36 EF 40 68 6F 42 C4 E0 2F 14 DF FF E4 78 00 46 A1 8F 44 13 91 E4 78 40 F4 40 FA F4 3E CE … (4095 Bytes),168.56282s,Suzuki SLP1,76 EF (2 Bytes)
168.71585s,Suzuki SLP1,36 F0 5E D4 14 4F 49 00 4D 12 30 E8 64 6F 5E 58 96 0D 61 02 41 12 00 68 68 6F 5E 64 13 86 … (4095 Bytes),168.72205s,Suzuki SLP1,76 F0 (2 Bytes)
168.87881s,Suzuki SLP1,36 F1 5E 03 E4 8C 11 23 02 64 0E E7 3A BF BE 01 14 A8 8C 00 42 AA 40 68 69 7D 6E 14 01 F5 … (4095 Bytes),168.88455s,Suzuki SLP1,76 F1 (2 Bytes)
169.03841s,Suzuki SLP1,36 F2 A0 59 7C 62 11 20 40 D8 72 2F 16 9E 7F E3 78 00 02 40 50 20 91 22 51 40 6F 69 7C A0 … (4095 Bytes),169.04420s,Suzuki SLP1,76 F2 (2 Bytes)
169.19864s,Suzuki SLP1,36 F3 9A 6E F2 23 31 22 D2 07 F9 5A 22 22 2D 32 23 32 29 2A F0 22 C0 B9 1A 20 33 C0 29 3A … (4095 Bytes),169.20444s,Suzuki SLP1,76 F3 (2 Bytes)
169.36125s,Suzuki SLP1,36 F4 53 39 45 1D F0 36 41 00 5E D4 12 0D 49 00 4D 12 30 E8 64 6F A5 1A E9 44 64 7B A2 04 … (4095 Bytes),169.36783s,Suzuki SLP1,76 F4 (2 Bytes)
169.36348s,FuncGroup-0x700,3E 80 (2 Bytes),,,
169.52162s,Suzuki SLP1,36 F5 19 65 7D 00 44 12 40 40 68 6F F0 20 00 F0 20 00 25 95 F8 32 A0 01 20 23 20 56 72 FA … (4095 Bytes),169.52782s,Suzuki SLP1,76 F5 (2 Bytes)
169.68386s,Suzuki SLP1,36 F6 78 32 A0 D0 3A C2 EF ED FD 7D 07 6E 00 00 00 36 41 00 5E D4 14 4D 75 04 45 16 30 68 … (4095 Bytes),169.68996s,Suzuki SLP1,76 F6 (2 Bytes)
169.84317s,Suzuki SLP1,36 F7 E2 43 11 69 08 2A F9 EF 23 31 61 A1 78 1D F0 00 00 00 36 41 00 34 D4 33 34 40 7E 58 … (4095 Bytes),169.84982s,Suzuki SLP1,76 F7 (2 Bytes)
170.00350s,Suzuki SLP1,36 F8 1D F0 00 00 00 36 41 00 3E D4 14 2D 62 00 41 12 30 68 68 6F 24 04 A2 32 D2 01 22 22 … (4095 Bytes),170.00983s,Suzuki SLP1,76 F8 (2 Bytes)
170.16617s,Suzuki SLP1,36 F9 F3 43 61 DF 78 EF C3 C4 E1 A7 78 F9 35 1D F0 00 4F F3 43 61 DF 78 40 22 20 62 05 07 … (4095 Bytes),170.17273s,Suzuki SLP1,76 F9 (2 Bytes)
170.32456s,Suzuki SLP1,36 FA DD 08 10 F0 7C 00 AB 7D B8 5E 35 79 CC 02 82 41 2B 04 F8 F4 31 EF 5A 3B F0 A2 52 5E … (4095 Bytes),170.33117s,Suzuki SLP1,76 FA (2 Bytes)
170.48625s,Suzuki SLP1,36 FB 64 BD CC 84 83 0A 59 60 09 7C AE C2 4D FB 4C 81 83 F7 51 60 19 6E FE C0 F0 EC 4C 91 … (4095 Bytes),170.49250s,Suzuki SLP1,76 FB (2 Bytes)
170.64433s,Suzuki SLP1,36 FC C4 B2 FA 52 2F B0 46 F0 E3 52 4E 35 79 84 C2 4C C1 29 04 F8 FB 31 2E 30 D7 A1 98 52 … (4095 Bytes),170.65051s,Suzuki SLP1,76 FC (2 Bytes)
170.80389s,Suzuki SLP1,36 FD 81 BD 07 C2 46 97 BD 5E 91 62 67 07 90 A9 5A 38 A0 09 6C 1E 31 72 4F 27 82 9D 59 60 … (4095 Bytes),170.81049s,Suzuki SLP1,76 FD (2 Bytes)
170.96626s,Suzuki SLP1,36 FE D9 02 CF 06 15 C0 19 73 F9 1D 29 0D F2 23 20 22 D6 12 D2 23 21 D9 12 F9 02 A2 23 40 … (4095 Bytes),170.97256s,Suzuki SLP1,76 FE (2 Bytes)
171.12497s,Suzuki SLP1,36 FF 41 5A 40 60 69 6D 9E FF 13 EF 0C 00 40 5A B0 4E 69 6D 92 D1 09 B2 D1 08 C2 D1 08 D2 … (4095 Bytes),171.13113s,Suzuki SLP1,76 FF (2 Bytes)
171.28859s,Suzuki SLP1,36 00 E5 A2 14 EF 11 0D 48 99 71 0F 1F 3F 86 D9 71 2F 3F BD 04 DB 71 EF 2F 6E 01 C2 49 20 … (4095 Bytes),171.29437s,Suzuki SLP1,76 00 (2 Bytes)
171.44656s,Suzuki SLP1,36 01 81 02 E7 0C 20 03 58 21 60 19 6D 52 11 20 50 F5 40 00 05 40 20 50 91 52 51 1E 4F 15 … (4095 Bytes),171.45301s,Suzuki SLP1,76 01 (2 Bytes)
171.60563s,Suzuki SLP1,36 02 C8 85 69 87 93 DA B8 3E 70 67 04 08 8D C7 76 AB 93 DA B8 3E 70 61 44 08 C0 87 CC 3B … (4095 Bytes),171.61265s,Suzuki SLP1,76 02 (2 Bytes)
171.76847s,Suzuki SLP1,36 03 DC 00 10 60 93 5B 90 C1 76 BE D1 28 49 4C F8 C0 01 10 5C 93 5B AE E1 29 E1 50 48 C0 … (4095 Bytes),171.77430s,Suzuki SLP1,76 03 (2 Bytes)
171.92818s,Suzuki SLP1,36 04 6E 18 10 6E 66 12 41 12 60 68 68 6F 4F 06 54 26 A1 71 EF F4 92 60 2B 73 72 A2 71 7E … (4095 Bytes),171.93558s,Suzuki SLP1,76 04 (2 Bytes)
172.08818s,Suzuki SLP1,36 05 D2 A3 78 B2 A3 7C 72 A3 A0 32 A3 90 C2 A3 98 92 D8 04 90 A2 A7 E0 A8 28 50 B1 87 70 … (4095 Bytes),172.09399s,Suzuki SLP1,76 05 (2 Bytes)
172.25063s,Suzuki SLP1,36 06 7E D4 12 CF 1A 00 55 5A 30 A8 62 6D 6E A8 12 7F 0A 12 4D 5A 30 A8 62 6D BE E6 13 D7 … (4095 Bytes),172.25646s,Suzuki SLP1,76 06 (2 Bytes)
172.41039s,Suzuki SLP1,36 07 6F CF 05 8F 6D AA 68 25 99 E6 0F 04 02 01 82 78 0C 04 64 D4 33 64 A8 EB 62 26 6D 74 … (4095 Bytes),172.41614s,Suzuki SLP1,76 07 (2 Bytes)
172.57240s,Suzuki SLP1,36 08 00 00 00 00 00 2E 07 10 65 65 04 40 16 00 60 68 6F A0 B6 11 25 1D D7 9C EA 0E 03 1D … (4095 Bytes),172.57825s,Suzuki SLP1,76 08 (2 Bytes)
172.73244s,Suzuki SLP1,36 09 A8 11 10 93 B8 0B 91 FA B8 70 62 D8 6F 3E 05 C0 69 7C 50 42 D8 00 30 D8 60 22 4A 40 … (4095 Bytes),172.73831s,Suzuki SLP1,76 09 (2 Bytes)
172.89139s,Suzuki SLP1,36 0A 72 22 16 82 22 14 6F 46 BF 0F 61 73 72 22 10 89 26 F9 16 AF 26 05 C3 19 60 72 66 0E … (4095 Bytes),172.89717s,Suzuki SLP1,76 0A (2 Bytes)
173.05405s,Suzuki SLP1,36 0B 00 A0 2A 20 1D F0 36 41 00 2F A2 2E 86 E1 71 25 60 00 A0 2A 20 90 00 00 00 00 36 41 … (4095 Bytes),173.05977s,Suzuki SLP1,76 0B (2 Bytes)
173.21442s,Suzuki SLP1,36 0C 2E 22 95 0A 22 51 04 C0 20 00 3E E5 99 C0 4A 00 4D 0A 20 A0 65 6F 32 41 0A 0C 5A 16 … (4095 Bytes),173.22021s,Suzuki SLP1,76 0C (2 Bytes)
173.37616s,Suzuki SLP1,36 0D 40 68 6D 90 70 F4 70 66 10 40 46 C0 50 5B 62 40 4B 62 0F 0A 81 88 82 71 A2 A0 92 B2 … (4095 Bytes),173.38260s,Suzuki SLP1,76 0D (2 Bytes)
173.37839s,FuncGroup-0x700,3E 80 (2 Bytes),,,
173.53502s,Suzuki SLP1,36 0E 05 AF 99 0D 64 A9 71 E5 C4 01 46 03 00 00 00 A2 A0 99 65 A1 FE AF 01 8A E0 28 73 3E … (4095 Bytes),173.54081s,Suzuki SLP1,76 0E (2 Bytes)
173.69410s,Suzuki SLP1,36 0F 12 57 21 00 40 5A 00 50 68 6D 32 A0 9F 57 53 03 59 04 1D F0 69 04 1D F0 00 00 AF 85 … (4095 Bytes),173.69985s,Suzuki SLP1,76 0F (2 Bytes)
173.85614s,Suzuki SLP1,36 10 F0 0F 02 94 12 59 7C 10 10 67 EE 17 13 E7 0C 00 43 32 30 60 69 6D 25 A2 05 62 91 40 … (4095 Bytes),173.86216s,Suzuki SLP1,76 10 (2 Bytes)
174.01571s,Suzuki SLP1,36 11 42 00 28 71 4D 0E F2 A2 7F 6F 02 07 E4 A1 71 3D 0A 76 8F 43 88 31 A8 21 C2 93 10 4E … (4095 Bytes),174.02219s,Suzuki SLP1,76 11 (2 Bytes)
174.17914s,Suzuki SLP1,36 12 CC F2 46 00 00 00 00 22 01 20 1B 22 22 41 20 06 00 00 00 06 00 00 00 A5 4D D4 22 A0 … (4095 Bytes),174.18493s,Suzuki SLP1,76 12 (2 Bytes)
174.33867s,Suzuki SLP1,36 13 65 00 CF 07 0C 64 A9 71 2F CC 99 3A DA 71 50 E5 20 A5 75 00 90 00 00 00 00 00 36 41 … (4095 Bytes),174.34446s,Suzuki SLP1,76 13 (2 Bytes)
174.49844s,Suzuki SLP1,36 14 02 73 12 10 E0 64 6F 4F C1 01 6C A3 6D A5 AF FF 72 01 0C 6F 02 03 64 A1 6D 56 E6 FD … (4095 Bytes),174.50422s,Suzuki SLP1,76 14 (2 Bytes)
174.66088s,Suzuki SLP1,36 15 C6 6F D7 4E 1C DA 49 00 1E E8 AF 16 4F 14 82 4A 40 67 C6 10 10 C7 00 6A E8 EF 1C 24 … (4095 Bytes),174.66710s,Suzuki SLP1,76 15 (2 Bytes)
174.82730s,Suzuki SLP1,36 16 00 00 04 00 00 20 6D 03 C0 00 00 34 D6 33 34 C8 2C 22 23 00 32 23 01 00 6C 03 20 30 … (4095 Bytes),174.83112s,Suzuki SLP1,76 16 (2 Bytes)
174.99777s,Suzuki SLP1,36 17 FF FF FF FF FF FF FF FF FF FF FF FF FF FF FF FF FF FF FF FF FF FF FF FF FF FF FF FF … (4095 Bytes),175.00072s,Suzuki SLP1,76 17 (2 Bytes)
175.16711s,Suzuki SLP1,36 18 FF FF FF FF FF FF FF FF FF FF FF FF FF FF FF FF FF FF FF FF FF FF FF FF FF FF FF FF … (4095 Bytes),175.16957s,Suzuki SLP1,76 18 (2 Bytes)
175.33389s,Suzuki SLP1,36 19 FF FF FF FF FF FF FF FF FF FF FF FF FF FF FF FF FF FF FF FF FF FF FF FF FF FF FF FF … (4095 Bytes),175.33926s,Suzuki SLP1,76 19 (2 Bytes)
175.50324s,Suzuki SLP1,36 1A FF FF FF FF FF FF FF FF FF FF FF FF FF FF FF FF FF FF FF FF FF FF FF FF FF FF FF FF … (4095 Bytes),175.50569s,Suzuki SLP1,76 1A (2 Bytes)
175.67254s,Suzuki SLP1,36 1B FF FF FF FF FF FF FF FF FF FF FF FF FF FF FF FF FF FF FF FF FF FF FF FF FF FF FF FF … (4095 Bytes),175.67642s,Suzuki SLP1,76 1B (2 Bytes)
175.84052s,Suzuki SLP1,36 1C 00 00 00 00 00 00 00 00 00 00 00 00 00 00 00 00 00 00 00 00 00 00 00 00 00 00 00 00 … (4095 Bytes),175.84704s,Suzuki SLP1,76 1C (2 Bytes)
176.01159s,Suzuki SLP1,36 1D 00 00 00 00 00 00 00 00 00 00 00 00 00 00 00 00 00 00 00 00 00 00 00 00 00 00 00 00 … (4095 Bytes),176.01738s,Suzuki SLP1,76 1D (2 Bytes)
176.18403s,Suzuki SLP1,36 1E 00 00 00 00 00 00 00 00 00 00 00 00 00 00 00 00 00 00 00 00 00 00 00 00 00 00 00 00 … (4095 Bytes),176.19030s,Suzuki SLP1,76 1E (2 Bytes)
176.35712s,Suzuki SLP1,36 1F 00 00 00 00 00 00 00 00 00 00 00 00 00 00 00 00 00 00 00 00 00 00 00 00 00 00 00 00 … (4095 Bytes),176.36286s,Suzuki SLP1,76 1F (2 Bytes)
176.52542s,Suzuki SLP1,36 20 00 00 00 00 00 00 00 00 00 00 00 00 00 00 00 00 00 00 00 00 00 00 00 00 00 00 00 00 … (4095 Bytes),176.53547s,Suzuki SLP1,76 20 (2 Bytes)
176.69942s,Suzuki SLP1,36 21 00 00 00 00 00 00 00 00 00 00 00 00 00 00 00 00 00 00 00 00 00 00 00 00 00 00 00 00 … (4095 Bytes),176.70511s,Suzuki SLP1,76 21 (2 Bytes)
176.87237s,Suzuki SLP1,36 22 00 00 00 00 00 00 00 00 00 00 00 00 00 00 00 00 00 00 00 00 00 00 00 00 00 00 00 00 … (4095 Bytes),176.87814s,Suzuki SLP1,76 22 (2 Bytes)
177.04220s,Suzuki SLP1,36 23 00 00 00 00 00 00 00 00 00 00 00 00 00 00 00 00 00 00 00 00 00 00 00 00 00 00 00 00 … (4095 Bytes),177.04863s,Suzuki SLP1,76 23 (2 Bytes)
177.21357s,Suzuki SLP1,36 24 00 00 00 00 00 00 00 00 00 00 00 00 00 00 00 00 00 00 00 00 00 00 00 00 00 00 00 00 … (4095 Bytes),177.21931s,Suzuki SLP1,76 24 (2 Bytes)
177.38574s,Suzuki SLP1,36 25 00 00 00 00 00 00 00 00 00 00 00 00 00 00 00 00 00 00 00 00 00 00 00 00 00 00 00 00 … (4095 Bytes),177.39260s,Suzuki SLP1,76 25 (2 Bytes)
177.38846s,FuncGroup-0x700,3E 80 (2 Bytes),,,
177.55820s,Suzuki SLP1,36 26 00 00 00 00 00 00 00 00 00 00 00 00 00 00 00 00 00 00 00 00 00 00 00 00 00 00 00 00 … (4095 Bytes),177.56399s,Suzuki SLP1,76 26 (2 Bytes)
177.72718s,Suzuki SLP1,36 27 00 00 00 00 00 00 00 00 00 00 00 00 00 00 00 00 00 00 00 00 00 00 00 00 00 00 00 00 … (4095 Bytes),177.73555s,Suzuki SLP1,76 27 (2 Bytes)
177.89954s,Suzuki SLP1,36 28 00 00 00 00 00 00 00 00 00 00 00 00 00 00 00 00 00 00 00 00 00 00 00 00 00 00 00 00 … (4095 Bytes),177.90532s,Suzuki SLP1,76 28 (2 Bytes)
178.07229s,Suzuki SLP1,36 29 00 00 00 00 00 00 00 00 00 00 00 00 00 00 00 00 00 00 00 00 00 00 00 00 00 00 00 00 … (4095 Bytes),178.07808s,Suzuki SLP1,76 29 (2 Bytes)
178.24237s,Suzuki SLP1,36 2A 00 00 00 00 00 00 00 00 00 00 00 00 00 00 00 00 00 00 00 00 00 00 00 00 00 00 00 00 … (4095 Bytes),178.24880s,Suzuki SLP1,76 2A (2 Bytes)
178.41344s,Suzuki SLP1,36 2B 00 00 00 00 00 00 00 00 00 00 00 00 00 00 00 00 00 00 00 00 00 00 00 00 00 00 00 00 … (4095 Bytes),178.41918s,Suzuki SLP1,76 2B (2 Bytes)
178.58563s,Suzuki SLP1,36 2C 00 00 00 00 00 00 00 00 00 00 00 00 00 00 00 00 00 00 00 00 00 00 00 00 00 00 00 00 … (4095 Bytes),178.59255s,Suzuki SLP1,76 2C (2 Bytes)
178.75810s,Suzuki SLP1,36 2D 00 00 00 00 00 00 00 00 00 00 00 00 00 00 00 00 00 00 00 00 00 00 00 00 00 00 00 00 … (4095 Bytes),178.76391s,Suzuki SLP1,76 2D (2 Bytes)
178.92717s,Suzuki SLP1,36 2E 00 00 00 00 00 00 00 00 00 00 00 00 00 00 00 00 00 00 00 00 00 00 00 00 00 00 00 00 … (4095 Bytes),178.93555s,Suzuki SLP1,76 2E (2 Bytes)
179.09946s,Suzuki SLP1,36 2F 00 00 00 00 00 00 00 00 00 00 00 00 00 00 00 00 00 00 00 00 00 00 00 00 00 00 00 00 … (4095 Bytes),179.10528s,Suzuki SLP1,76 2F (2 Bytes)
179.27263s,Suzuki SLP1,36 30 00 00 00 00 00 00 00 00 00 00 00 00 00 00 00 00 00 00 00 00 00 00 00 00 00 00 00 00 … (4095 Bytes),179.27842s,Suzuki SLP1,76 30 (2 Bytes)
179.44252s,Suzuki SLP1,36 31 00 00 00 00 00 00 00 00 00 00 00 00 00 00 00 00 00 00 00 00 00 00 00 00 00 00 00 00 … (4095 Bytes),179.44916s,Suzuki SLP1,76 31 (2 Bytes)
179.61376s,Suzuki SLP1,36 32 00 00 00 00 00 00 00 00 00 00 00 00 00 00 00 00 00 00 00 00 00 00 00 00 00 00 00 00 … (4095 Bytes),179.61953s,Suzuki SLP1,76 32 (2 Bytes)
179.78596s,Suzuki SLP1,36 33 00 00 00 00 00 00 00 00 00 00 00 00 00 00 00 00 00 00 00 00 00 00 00 00 00 00 00 00 … (4095 Bytes),179.79264s,Suzuki SLP1,76 33 (2 Bytes)
179.95824s,Suzuki SLP1,36 34 00 00 00 00 00 00 00 00 00 00 00 00 00 00 00 00 00 00 00 00 00 00 00 00 00 00 00 00 … (4095 Bytes),179.96403s,Suzuki SLP1,76 34 (2 Bytes)
180.12722s,Suzuki SLP1,36 35 00 00 00 00 00 00 00 00 00 00 00 00 00 00 00 00 00 00 00 00 00 00 00 00 00 00 00 00 … (4095 Bytes),180.13591s,Suzuki SLP1,76 35 (2 Bytes)
180.29980s,Suzuki SLP1,36 36 00 00 00 00 00 00 00 00 00 00 00 00 00 00 00 00 00 00 00 00 00 00 00 00 00 00 00 00 … (4095 Bytes),180.30556s,Suzuki SLP1,76 36 (2 Bytes)
180.47250s,Suzuki SLP1,36 37 00 00 00 00 00 00 00 00 00 00 00 00 00 00 00 00 00 00 00 00 00 00 00 00 00 00 00 00 … (4095 Bytes),180.47827s,Suzuki SLP1,76 37 (2 Bytes)
180.64237s,Suzuki SLP1,36 38 00 00 00 00 00 00 00 00 00 00 00 00 00 00 00 00 00 00 00 00 00 00 00 00 00 00 00 00 … (4095 Bytes),180.64888s,Suzuki SLP1,76 38 (2 Bytes)
180.81331s,Suzuki SLP1,36 39 00 00 00 00 00 00 00 00 00 00 00 00 00 00 00 00 00 00 00 00 00 00 00 00 00 00 00 00 … (4095 Bytes),180.81909s,Suzuki SLP1,76 39 (2 Bytes)
180.98554s,Suzuki SLP1,36 3A 00 00 00 00 00 00 00 00 00 00 00 00 00 00 00 00 00 00 00 00 00 00 00 00 00 00 00 00 … (4095 Bytes),180.99256s,Suzuki SLP1,76 3A (2 Bytes)
181.15839s,Suzuki SLP1,36 3B 00 00 00 00 00 00 00 00 00 00 00 00 00 00 00 00 00 00 00 00 00 00 00 00 00 00 00 00 … (4095 Bytes),181.16418s,Suzuki SLP1,76 3B (2 Bytes)
181.32736s,Suzuki SLP1,36 3C 00 00 00 00 00 00 00 00 00 00 00 00 00 00 00 00 00 00 00 00 00 00 00 00 00 00 00 00 … (4095 Bytes),181.33555s,Suzuki SLP1,76 3C (2 Bytes)
181.49953s,Suzuki SLP1,36 3D 00 00 00 00 00 00 00 00 00 00 00 00 00 00 00 00 00 00 00 00 00 00 00 00 00 00 00 00 … (4095 Bytes),181.50535s,Suzuki SLP1,76 3D (2 Bytes)
181.50101s,FuncGroup-0x700,3E 80 (2 Bytes),,,
181.67226s,Suzuki SLP1,36 3E 00 00 00 00 00 00 00 00 00 00 00 00 00 00 00 00 00 00 00 00 00 00 00 00 00 00 00 00 … (4095 Bytes),181.67806s,Suzuki SLP1,76 3E (2 Bytes)
181.84209s,Suzuki SLP1,36 3F 00 00 00 00 00 00 00 00 00 00 00 00 00 00 00 00 00 00 00 00 00 00 00 00 00 00 00 00 … (4095 Bytes),181.84866s,Suzuki SLP1,76 3F (2 Bytes)
182.01323s,Suzuki SLP1,36 40 00 00 00 00 00 00 00 00 00 00 00 00 00 00 00 00 00 00 00 00 00 00 00 00 00 00 00 00 … (4095 Bytes),182.01895s,Suzuki SLP1,76 40 (2 Bytes)
182.18568s,Suzuki SLP1,36 41 00 00 00 00 00 00 00 00 00 00 00 00 00 00 00 00 00 00 00 00 00 00 00 00 00 00 00 00 … (4095 Bytes),182.19249s,Suzuki SLP1,76 41 (2 Bytes)
182.35807s,Suzuki SLP1,36 42 00 00 00 00 00 00 00 00 00 00 00 00 00 00 00 00 00 00 00 00 00 00 00 00 00 00 00 00 … (4095 Bytes),182.36386s,Suzuki SLP1,76 42 (2 Bytes)
182.52708s,Suzuki SLP1,36 43 00 00 00 00 00 00 00 00 00 00 00 00 00 00 00 00 00 00 00 00 00 00 00 00 00 00 00 00 … (4095 Bytes),182.53548s,Suzuki SLP1,76 43 (2 Bytes)
182.69945s,Suzuki SLP1,36 44 00 00 00 00 00 00 00 00 00 00 00 00 00 00 00 00 00 00 00 00 00 00 00 00 00 00 00 00 … (4095 Bytes),182.70524s,Suzuki SLP1,76 44 (2 Bytes)
182.87234s,Suzuki SLP1,36 45 00 00 00 00 00 00 00 00 00 00 00 00 00 00 00 00 00 00 00 00 00 00 00 00 00 00 00 00 … (4095 Bytes),182.87808s,Suzuki SLP1,76 45 (2 Bytes)
183.04221s,Suzuki SLP1,36 46 00 00 00 00 00 00 00 00 00 00 00 00 00 00 00 00 00 00 00 00 00 00 00 00 00 00 00 00 … (4095 Bytes),183.04881s,Suzuki SLP1,76 46 (2 Bytes)
183.21363s,Suzuki SLP1,36 47 00 00 00 00 00 00 00 00 00 00 00 00 00 00 00 00 00 00 00 00 00 00 00 00 00 00 00 00 … (4095 Bytes),183.21939s,Suzuki SLP1,76 47 (2 Bytes)
183.38572s,Suzuki SLP1,36 48 00 00 00 00 00 00 00 00 00 00 00 00 00 00 00 00 00 00 00 00 00 00 00 00 00 00 00 00 … (4095 Bytes),183.39260s,Suzuki SLP1,76 48 (2 Bytes)
183.55801s,Suzuki SLP1,36 49 00 00 00 00 00 00 00 00 00 00 00 00 00 00 00 00 00 00 00 00 00 00 00 00 00 00 00 00 … (4095 Bytes),183.56379s,Suzuki SLP1,76 49 (2 Bytes)
183.72699s,Suzuki SLP1,36 4A 00 00 00 00 00 00 00 00 00 00 00 00 00 00 00 00 00 00 00 00 00 00 00 00 00 00 00 00 … (4095 Bytes),183.73556s,Suzuki SLP1,76 4A (2 Bytes)
183.89811s,Suzuki SLP1,36 4B 00 00 00 00 00 00 00 00 00 00 00 00 00 00 00 00 00 00 00 00 00 00 00 00 00 00 00 00 … (4095 Bytes),183.90380s,Suzuki SLP1,76 4B (2 Bytes)
184.07067s,Suzuki SLP1,36 4C 00 00 00 00 00 00 00 00 00 00 00 00 00 00 00 00 00 00 00 00 00 00 00 00 00 00 00 00 … (4095 Bytes),184.07643s,Suzuki SLP1,76 4C (2 Bytes)
184.24078s,Suzuki SLP1,36 4D 00 00 00 00 00 00 00 00 00 00 00 00 00 00 00 00 00 00 00 00 00 00 00 00 00 00 00 00 … (4095 Bytes),184.24736s,Suzuki SLP1,76 4D (2 Bytes)
184.41207s,Suzuki SLP1,36 4E 00 00 00 00 00 00 00 00 00 00 00 00 00 00 00 00 00 00 00 00 00 00 00 00 00 00 00 00 … (4095 Bytes),184.41787s,Suzuki SLP1,76 4E (2 Bytes)
184.58424s,Suzuki SLP1,36 4F 00 00 00 00 00 00 00 00 00 00 00 00 00 00 00 00 00 00 00 00 00 00 00 00 00 00 00 00 … (4095 Bytes),184.59049s,Suzuki SLP1,76 4F (2 Bytes)
184.75712s,Suzuki SLP1,36 50 00 00 00 00 00 00 00 00 00 00 00 00 00 00 00 00 00 00 00 00 00 00 00 00 00 00 00 00 … (4095 Bytes),184.76286s,Suzuki SLP1,76 50 (2 Bytes)
184.92610s,Suzuki SLP1,36 51 00 00 00 00 00 00 00 00 00 00 00 00 00 00 00 00 00 00 00 00 00 00 00 00 00 00 00 00 … (4095 Bytes),184.93550s,Suzuki SLP1,76 51 (2 Bytes)
185.09947s,Suzuki SLP1,36 52 00 00 00 00 00 00 00 00 00 00 00 00 00 00 00 00 00 00 00 00 00 00 00 00 00 00 00 00 … (4095 Bytes),185.10528s,Suzuki SLP1,76 52 (2 Bytes)
185.27245s,Suzuki SLP1,36 53 00 00 00 00 00 00 00 00 00 00 00 00 00 00 00 00 00 00 00 00 00 00 00 00 00 00 00 00 … (4095 Bytes),185.27821s,Suzuki SLP1,76 53 (2 Bytes)
185.44226s,Suzuki SLP1,36 54 00 00 00 00 00 00 00 00 00 00 00 00 00 00 00 00 00 00 00 00 00 00 00 00 00 00 00 00 … (4095 Bytes),185.44868s,Suzuki SLP1,76 54 (2 Bytes)
185.61336s,Suzuki SLP1,36 55 00 00 00 00 00 00 00 00 00 00 00 00 00 00 00 00 00 00 00 00 00 00 00 00 00 00 00 00 … (4095 Bytes),185.61912s,Suzuki SLP1,76 55 (2 Bytes)
185.61559s,FuncGroup-0x700,3E 80 (2 Bytes),,,
185.78559s,Suzuki SLP1,36 56 00 00 00 00 00 00 00 00 00 00 00 00 00 00 00 00 00 00 00 00 00 00 00 00 00 00 00 00 … (4095 Bytes),185.79273s,Suzuki SLP1,76 56 (2 Bytes)
185.95842s,Suzuki SLP1,36 57 00 00 00 00 00 00 00 00 00 00 00 00 00 00 00 00 00 00 00 00 00 00 00 00 00 00 00 00 … (4095 Bytes),185.96418s,Suzuki SLP1,76 57 (2 Bytes)
186.12743s,Suzuki SLP1,36 58 00 00 00 00 00 00 00 00 00 00 00 00 00 00 00 00 00 00 00 00 00 00 00 00 00 00 00 00 … (4095 Bytes),186.13571s,Suzuki SLP1,76 58 (2 Bytes)
186.29959s,Suzuki SLP1,36 59 00 00 00 00 00 00 00 00 00 00 00 00 00 00 00 00 00 00 00 00 00 00 00 00 00 00 00 00 … (4095 Bytes),186.30545s,Suzuki SLP1,76 59 (2 Bytes)
186.47232s,Suzuki SLP1,36 5A 00 00 00 00 00 00 00 00 00 00 00 00 00 00 00 00 00 00 00 00 00 00 00 00 00 00 00 00 … (4095 Bytes),186.47813s,Suzuki SLP1,76 5A (2 Bytes)
186.64139s,Suzuki SLP1,36 5B 00 00 00 00 00 00 00 00 00 00 00 00 00 00 00 00 00 00 00 00 00 00 00 00 00 00 00 00 … (4095 Bytes),186.64799s,Suzuki SLP1,76 5B (2 Bytes)
186.80653s,Suzuki SLP1,36 5C 00 00 00 00 00 00 00 00 00 00 00 00 00 00 00 00 00 00 00 00 00 00 00 00 00 00 00 00 … (4095 Bytes),186.81260s,Suzuki SLP1,76 5C (2 Bytes)
186.97218s,Suzuki SLP1,36 5D 01 01 01 01 01 00 00 00 C0 71 B5 04 20 03 20 4E 02 03 19 00 00 02 80 02 80 02 B0 00 … (4095 Bytes),186.97804s,Suzuki SLP1,76 5D (2 Bytes)
187.13680s,Suzuki SLP1,36 5E AD 18 41 C1 A8 40 41 0C 02 79 41 91 7E 90 41 8A 9F A6 41 C1 A8 C0 41 76 E0 D9 41 F2 … (4095 Bytes),187.14317s,Suzuki SLP1,76 5E (2 Bytes)
187.30207s,Suzuki SLP1,36 5F B5 3A 74 00 BC A3 E2 30 BB D4 41 A5 DF 4A D7 95 D8 3D 6D C4 D1 A4 FB F4 D6 D3 6A E9 … (4095 Bytes),187.30863s,Suzuki SLP1,76 5F (2 Bytes)
187.47544s,Suzuki SLP1,36 60 00 00 00 00 00 00 00 00 00 00 00 00 00 00 00 00 00 00 00 00 00 00 00 00 00 00 00 00 … (4095 Bytes),187.48127s,Suzuki SLP1,76 60 (2 Bytes)
187.64506s,Suzuki SLP1,36 61 00 00 00 00 00 00 00 00 00 00 00 00 00 00 00 00 00 00 00 00 00 00 00 00 00 00 00 00 … (4095 Bytes),187.65135s,Suzuki SLP1,76 61 (2 Bytes)
187.81564s,Suzuki SLP1,36 62 00 00 00 00 00 00 00 00 00 00 00 00 00 00 00 00 00 00 00 00 00 00 00 00 00 00 00 00 … (4095 Bytes),187.82145s,Suzuki SLP1,76 62 (2 Bytes)
187.98744s,Suzuki SLP1,36 63 00 00 00 00 00 00 00 00 00 00 00 00 00 00 00 00 00 00 00 00 00 00 00 00 00 00 00 00 … (4095 Bytes),187.99330s,Suzuki SLP1,76 63 (2 Bytes)
188.15911s,Suzuki SLP1,36 64 00 00 00 00 00 00 00 00 00 00 00 00 00 00 00 00 00 00 00 00 00 00 00 00 00 00 00 00 … (4095 Bytes),188.16494s,Suzuki SLP1,76 64 (2 Bytes)
188.32968s,Suzuki SLP1,36 65 00 00 00 00 00 00 00 00 00 00 00 00 00 00 00 00 00 00 00 00 00 00 00 00 00 00 00 00 … (4095 Bytes),188.33552s,Suzuki SLP1,76 65 (2 Bytes)
188.49944s,Suzuki SLP1,36 66 00 00 00 00 00 00 00 00 00 00 00 00 00 00 00 00 00 00 00 00 00 00 00 00 00 00 00 00 … (4095 Bytes),188.50516s,Suzuki SLP1,76 66 (2 Bytes)
188.67260s,Suzuki SLP1,36 67 00 00 00 00 00 00 00 00 00 00 00 00 00 00 00 00 00 00 00 00 00 00 00 00 00 00 00 00 … (4095 Bytes),188.67835s,Suzuki SLP1,76 67 (2 Bytes)
188.84241s,Suzuki SLP1,36 68 00 00 00 00 00 00 00 00 00 00 00 00 00 00 00 00 00 00 00 00 00 00 00 00 00 00 00 00 … (4095 Bytes),188.84860s,Suzuki SLP1,76 68 (2 Bytes)
189.01310s,Suzuki SLP1,36 69 00 00 00 00 00 00 00 00 00 00 00 00 00 00 00 00 00 00 00 00 00 00 00 00 00 00 00 00 … (4095 Bytes),189.01891s,Suzuki SLP1,76 69 (2 Bytes)
189.18556s,Suzuki SLP1,36 6A 00 00 00 00 00 00 00 00 00 00 00 00 00 00 00 00 00 00 00 00 00 00 00 00 00 00 00 00 … (4095 Bytes),189.19259s,Suzuki SLP1,76 6A (2 Bytes)
189.35819s,Suzuki SLP1,36 6B 00 00 00 00 00 00 00 00 00 00 00 00 00 00 00 00 00 00 00 00 00 00 00 00 00 00 00 00 … (4095 Bytes),189.36394s,Suzuki SLP1,76 6B (2 Bytes)
189.52719s,Suzuki SLP1,36 6C 00 00 00 00 00 00 00 00 00 00 00 00 00 00 00 00 00 00 00 00 00 00 00 00 00 00 00 00 … (4095 Bytes),189.53556s,Suzuki SLP1,76 6C (2 Bytes)
189.69956s,Suzuki SLP1,36 6D 00 00 00 00 00 00 00 00 00 00 00 00 00 00 00 00 00 00 00 00 00 00 00 00 00 00 00 00 … (4095 Bytes),189.70542s,Suzuki SLP1,76 6D (2 Bytes)
189.70104s,FuncGroup-0x700,3E 80 (2 Bytes),,,
189.87246s,Suzuki SLP1,36 6E 00 00 00 00 00 00 00 00 00 00 00 00 00 00 00 00 00 00 00 00 00 00 00 00 00 00 00 00 … (4095 Bytes),189.87825s,Suzuki SLP1,76 6E (2 Bytes)
190.04236s,Suzuki SLP1,36 6F 00 00 00 00 00 00 00 00 00 00 00 00 00 00 00 00 00 00 00 00 00 00 00 00 00 00 00 00 … (4095 Bytes),190.04855s,Suzuki SLP1,76 6F (2 Bytes)
190.21358s,Suzuki SLP1,36 70 00 00 00 00 00 00 00 00 00 00 00 00 00 00 00 00 00 00 00 00 00 00 00 00 00 00 00 00 … (4095 Bytes),190.21938s,Suzuki SLP1,76 70 (2 Bytes)
190.38584s,Suzuki SLP1,36 71 00 00 00 00 00 00 00 00 00 00 00 00 00 00 00 00 00 00 00 00 00 00 00 00 00 00 00 00 … (4095 Bytes),190.39254s,Suzuki SLP1,76 71 (2 Bytes)
190.55817s,Suzuki SLP1,36 72 00 00 00 00 00 00 00 00 00 00 00 00 00 00 00 00 00 00 00 00 00 00 00 00 00 00 00 00 … (4095 Bytes),190.56397s,Suzuki SLP1,76 72 (2 Bytes)
190.72710s,Suzuki SLP1,36 73 00 00 00 00 00 00 00 00 00 00 00 00 00 00 00 00 00 00 00 00 00 00 00 00 00 00 00 00 … (4095 Bytes),190.73546s,Suzuki SLP1,76 73 (2 Bytes)
190.89948s,Suzuki SLP1,36 74 00 00 00 00 00 00 00 00 00 00 00 00 00 00 00 00 00 00 00 00 00 00 00 00 00 00 00 00 … (4095 Bytes),190.90532s,Suzuki SLP1,76 74 (2 Bytes)
191.07238s,Suzuki SLP1,36 75 00 00 00 00 00 00 00 00 00 00 00 00 00 00 00 00 00 00 00 00 00 00 00 00 00 00 00 00 … (4095 Bytes),191.07823s,Suzuki SLP1,76 75 (2 Bytes)
191.24250s,Suzuki SLP1,36 76 00 00 00 00 00 00 00 00 00 00 00 00 00 00 00 00 00 00 00 00 00 00 00 00 00 00 00 00 … (4095 Bytes),191.24858s,Suzuki SLP1,76 76 (2 Bytes)
191.41325s,Suzuki SLP1,36 77 00 00 00 00 00 00 00 00 00 00 00 00 00 00 00 00 00 00 00 00 00 00 00 00 00 00 00 00 … (4095 Bytes),191.41904s,Suzuki SLP1,76 77 (2 Bytes)
191.58534s,Suzuki SLP1,36 78 00 00 00 00 00 00 00 00 00 00 00 00 00 00 00 00 00 00 00 00 00 00 00 00 00 00 00 00 … (4095 Bytes),191.59270s,Suzuki SLP1,76 78 (2 Bytes)
191.75842s,Suzuki SLP1,36 79 00 00 00 00 00 00 00 00 00 00 00 00 00 00 00 00 00 00 00 00 00 00 00 00 00 00 00 00 … (4095 Bytes),191.76416s,Suzuki SLP1,76 79 (2 Bytes)
191.92742s,Suzuki SLP1,36 7A 00 00 00 00 00 00 00 00 00 00 00 00 00 00 00 00 00 00 00 00 00 00 00 00 00 00 00 00 … (4095 Bytes),191.93539s,Suzuki SLP1,76 7A (2 Bytes)
192.09938s,Suzuki SLP1,36 7B 00 00 00 00 00 00 00 00 00 00 00 00 00 00 00 00 00 00 00 00 00 00 00 00 00 00 00 00 … (4095 Bytes),192.10504s,Suzuki SLP1,76 7B (2 Bytes)
192.27279s,Suzuki SLP1,36 7C 00 00 00 00 00 00 00 00 00 00 00 00 00 00 00 00 00 00 00 00 00 00 00 00 00 00 00 00 … (4095 Bytes),192.27850s,Suzuki SLP1,76 7C (2 Bytes)
192.44257s,Suzuki SLP1,36 7D 00 00 00 00 00 00 00 00 00 00 00 00 00 00 00 00 00 00 00 00 00 00 00 00 00 00 00 00 … (4095 Bytes),192.44874s,Suzuki SLP1,76 7D (2 Bytes)
192.61333s,Suzuki SLP1,36 7E 00 00 00 00 00 00 00 00 00 00 00 00 00 00 00 00 00 00 00 00 00 00 00 00 00 00 00 00 … (4095 Bytes),192.61903s,Suzuki SLP1,76 7E (2 Bytes)
192.78564s,Suzuki SLP1,36 7F 00 00 00 00 00 00 00 00 00 00 00 00 00 00 00 00 00 00 00 00 00 00 00 00 00 00 00 00 … (4095 Bytes),192.79266s,Suzuki SLP1,76 7F (2 Bytes)
192.95838s,Suzuki SLP1,36 80 00 00 00 00 00 00 00 00 00 00 00 00 00 00 00 00 00 00 00 00 00 00 00 00 00 00 00 00 … (4095 Bytes),192.96415s,Suzuki SLP1,76 80 (2 Bytes)
193.12740s,Suzuki SLP1,36 81 00 00 00 00 00 00 00 00 00 00 00 00 00 00 00 00 00 00 00 00 00 00 00 00 00 00 00 00 … (4095 Bytes),193.13579s,Suzuki SLP1,76 81 (2 Bytes)
193.29972s,Suzuki SLP1,36 82 00 00 00 00 00 00 00 00 00 00 00 00 00 00 00 00 00 00 00 00 00 00 00 00 00 00 00 00 … (4095 Bytes),193.30633s,Suzuki SLP1,76 82 (2 Bytes)
193.47323s,Suzuki SLP1,36 83 00 00 00 00 00 00 00 00 00 00 00 00 00 00 00 00 00 00 00 00 00 00 00 00 00 00 00 00 … (4095 Bytes),193.47897s,Suzuki SLP1,76 83 (2 Bytes)
193.64309s,Suzuki SLP1,36 84 00 00 00 00 00 00 00 00 00 00 00 00 00 00 00 00 00 00 00 00 00 00 00 00 00 00 00 00 … (4095 Bytes),193.64922s,Suzuki SLP1,76 84 (2 Bytes)
193.81383s,Suzuki SLP1,36 85 00 00 00 00 00 00 00 00 00 00 00 00 00 00 00 00 00 00 00 00 00 00 00 00 00 00 00 00 … (4095 Bytes),193.81968s,Suzuki SLP1,76 85 (2 Bytes)
193.81606s,FuncGroup-0x700,3E 80 (2 Bytes),,,
193.98601s,Suzuki SLP1,36 86 00 00 00 00 00 00 00 00 00 00 00 00 00 00 00 00 00 00 00 00 00 00 00 00 00 00 00 00 … (4095 Bytes),193.99251s,Suzuki SLP1,76 86 (2 Bytes)
194.15834s,Suzuki SLP1,36 87 00 00 00 00 00 00 00 00 00 00 00 00 00 00 00 00 00 00 00 00 00 00 00 00 00 00 00 00 … (4095 Bytes),194.16411s,Suzuki SLP1,76 87 (2 Bytes)
194.32731s,Suzuki SLP1,36 88 00 00 00 00 00 00 00 00 00 00 00 00 00 00 00 00 00 00 00 00 00 00 00 00 00 00 00 00 … (4095 Bytes),194.33546s,Suzuki SLP1,76 88 (2 Bytes)
194.49943s,Suzuki SLP1,36 89 00 00 00 00 00 00 00 00 00 00 00 00 00 00 00 00 00 00 00 00 00 00 00 00 00 00 00 00 … (4095 Bytes),194.50519s,Suzuki SLP1,76 89 (2 Bytes)
194.67235s,Suzuki SLP1,36 8A 00 00 00 00 00 00 00 00 00 00 00 00 00 00 00 00 00 00 00 00 00 00 00 00 00 00 00 00 … (4095 Bytes),194.67806s,Suzuki SLP1,76 8A (2 Bytes)
194.84220s,Suzuki SLP1,36 8B 00 00 00 00 00 00 00 00 00 00 00 00 00 00 00 00 00 00 00 00 00 00 00 00 00 00 00 00 … (4095 Bytes),194.84830s,Suzuki SLP1,76 8B (2 Bytes)
195.01307s,Suzuki SLP1,36 8C 00 00 00 00 00 00 00 00 00 00 00 00 00 00 00 00 00 00 00 00 00 00 00 00 00 00 00 00 … (4095 Bytes),195.01887s,Suzuki SLP1,76 8C (2 Bytes)
195.18557s,Suzuki SLP1,36 8D 00 00 00 00 00 00 00 00 00 00 00 00 00 00 00 00 00 00 00 00 00 00 00 00 00 00 00 00 … (4095 Bytes),195.19263s,Suzuki SLP1,76 8D (2 Bytes)
195.35831s,Suzuki SLP1,36 8E 00 00 00 00 00 00 00 00 00 00 00 00 00 00 00 00 00 00 00 00 00 00 00 00 00 00 00 00 … (4095 Bytes),195.36405s,Suzuki SLP1,76 8E (2 Bytes)
195.52722s,Suzuki SLP1,36 8F 00 00 00 00 00 00 00 00 00 00 00 00 00 00 00 00 00 00 00 00 00 00 00 00 00 00 00 00 … (4095 Bytes),195.53556s,Suzuki SLP1,76 8F (2 Bytes)
195.69958s,Suzuki SLP1,36 90 00 00 00 00 00 00 00 00 00 00 00 00 00 00 00 00 00 00 00 00 00 00 00 00 00 00 00 00 … (4095 Bytes),195.70538s,Suzuki SLP1,76 90 (2 Bytes)
195.87257s,Suzuki SLP1,36 91 00 00 00 00 00 00 00 00 00 00 00 00 00 00 00 00 00 00 00 00 00 00 00 00 00 00 00 00 … (4095 Bytes),195.87832s,Suzuki SLP1,76 91 (2 Bytes)
196.04235s,Suzuki SLP1,36 92 00 00 00 00 00 00 00 00 00 00 00 00 00 00 00 00 00 00 00 00 00 00 00 00 00 00 00 00 … (4095 Bytes),196.04869s,Suzuki SLP1,76 92 (2 Bytes)
196.21047s,Suzuki SLP1,36 93 00 00 00 00 00 00 00 00 00 00 00 00 00 00 00 00 00 00 00 00 00 00 00 00 00 00 00 00 … (4095 Bytes),196.21624s,Suzuki SLP1,76 93 (2 Bytes)
196.37278s,Suzuki SLP1,36 94 23 68 31 1C 55 88 31 72 03 24 92 93 13 57 94 04 92 58 03 1D F0 72 46 06 F2 03 25 F2 … (4095 Bytes),196.37860s,Suzuki SLP1,76 94 (2 Bytes)
196.53258s,Suzuki SLP1,36 95 65 DC 00 30 3A 20 B2 12 1B 1C 2C A2 A0 80 D2 A0 07 65 DB 00 A0 73 20 46 01 00 00 00 … (4095 Bytes),196.53843s,Suzuki SLP1,76 95 (2 Bytes)
196.69198s,Suzuki SLP1,36 96 E0 08 00 0C 12 1D F0 36 41 00 A2 12 1E 0C EB 20 42 20 65 FD FF 28 92 5D 0A 0C 0B 0C … (4095 Bytes),196.69772s,Suzuki SLP1,76 96 (2 Bytes)
196.85394s,Suzuki SLP1,36 97 4A 5A 02 50 12 10 D0 64 6F EE 12 15 65 65 00 41 12 00 60 68 6F DE 01 10 8F 7E 10 4D … (4095 Bytes),196.85976s,Suzuki SLP1,76 97 (2 Bytes)
197.01379s,Suzuki SLP1,36 98 80 F4 0C EB AF A0 68 B1 9C 6F 87 B3 0F 0C DA 84 14 24 84 E8 8F E0 08 00 0C 19 C6 E5 … (4095 Bytes),197.01969s,Suzuki SLP1,76 98 (2 Bytes)
197.17590s,Suzuki SLP1,36 99 A2 61 68 AD 03 E5 EF FB 82 A2 41 0C 0B 0C 1C C0 88 01 A2 61 67 0C 0A 0C AE 0C CF DD … (4095 Bytes),197.18261s,Suzuki SLP1,76 99 (2 Bytes)
197.33509s,Suzuki SLP1,36 9A 0C 22 A5 76 FC B2 D1 02 B2 1B 09 A2 61 1D AD 03 CD 0B 65 7A FC B2 D1 02 0C 0F D2 D1 … (4095 Bytes),197.34089s,Suzuki SLP1,76 9A (2 Bytes)
197.50221s,Suzuki SLP1,36 9B 15 24 84 60 73 E0 08 00 A0 22 20 A2 A0 13 B2 C1 38 84 15 24 84 60 73 E0 08 00 A0 22 … (4095 Bytes),197.50764s,Suzuki SLP1,76 9B (2 Bytes)
197.67420s,Suzuki SLP1,36 9C FF FF FF FF FF FF FF FF FF FF FF FF FF FF FF FF FF FF FF FF FF FF FF FF FF FF FF FF … (4095 Bytes),197.67665s,Suzuki SLP1,76 9C (2 Bytes)
197.84046s,Suzuki SLP1,36 9D FF FF FF FF FF FF FF FF FF FF FF FF FF FF FF FF FF FF FF FF FF FF FF FF FF FF FF FF … (4095 Bytes),197.84595s,Suzuki SLP1,76 9D (2 Bytes)
197.84471s,FuncGroup-0x700,3E 80 (2 Bytes),,,
198.01037s,Suzuki SLP1,36 9E FF FF FF FF FF FF FF FF FF FF FF FF FF FF FF FF FF FF FF FF FF FF FF FF FF FF FF FF … (4095 Bytes),198.01282s,Suzuki SLP1,76 9E (2 Bytes)
198.17865s,Suzuki SLP1,36 9F FF FF FF FF FF FF FF FF FF FF FF FF FF FF FF FF FF FF FF FF FF FF FF FF FF FF FF FF … (4095 Bytes),198.18111s,Suzuki SLP1,76 9F (2 Bytes)
198.34469s,Suzuki SLP1,36 A0 FF FF FF FF FF FF FF FF FF FF FF FF FF FF FF FF FF FF FF FF FF FF FF FF FF FF FF FF … (4095 Bytes),198.35007s,Suzuki SLP1,76 A0 (2 Bytes)
198.51446s,Suzuki SLP1,36 A1 FF FF FF FF FF FF FF FF FF FF FF FF FF FF FF FF FF FF FF FF FF FF FF FF FF FF FF FF … (4095 Bytes),198.51692s,Suzuki SLP1,76 A1 (2 Bytes)
198.68324s,Suzuki SLP1,36 A2 FF FF FF FF FF FF FF FF FF FF FF FF FF FF FF FF FF FF FF FF FF FF FF FF FF FF FF FF … (4095 Bytes),198.68620s,Suzuki SLP1,76 A2 (2 Bytes)
198.85289s,Suzuki SLP1,36 A3 FF FF FF FF FF FF FF FF FF FF FF FF FF FF FF FF FF FF FF FF FF FF FF FF FF FF FF FF … (4095 Bytes),198.85535s,Suzuki SLP1,76 A3 (2 Bytes)
199.01940s,Suzuki SLP1,36 A4 FF FF FF FF FF FF FF FF FF FF FF FF FF FF FF FF FF FF FF FF FF FF FF FF FF FF FF FF … (4095 Bytes),199.02216s,Suzuki SLP1,76 A4 (2 Bytes)
199.18918s,Suzuki SLP1,36 A5 FF FF FF FF FF FF FF FF FF FF FF FF FF FF FF FF FF FF FF FF FF FF FF FF FF FF FF FF … (4095 Bytes),199.19263s,Suzuki SLP1,76 A5 (2 Bytes)
199.35813s,Suzuki SLP1,36 A6 FF FF FF FF FF FF FF FF FF FF FF FF FF FF FF FF FF FF FF FF FF FF FF FF FF FF FF FF … (4095 Bytes),199.36059s,Suzuki SLP1,76 A6 (2 Bytes)
199.52477s,Suzuki SLP1,36 A7 FF FF FF FF FF FF FF FF FF FF FF FF FF FF FF FF FF FF FF FF FF FF FF FF FF FF FF FF … (4095 Bytes),199.52766s,Suzuki SLP1,76 A7 (2 Bytes)
199.69441s,Suzuki SLP1,36 A8 FF FF FF FF FF FF FF FF FF FF FF FF FF FF FF FF FF FF FF FF FF FF FF FF FF FF FF FF … (4095 Bytes),199.69736s,Suzuki SLP1,76 A8 (2 Bytes)
199.86370s,Suzuki SLP1,36 A9 FF FF FF FF FF FF FF FF FF FF FF FF FF FF FF FF FF FF FF FF FF FF FF FF FF FF FF FF … (4095 Bytes),199.86659s,Suzuki SLP1,76 A9 (2 Bytes)
200.03116s,Suzuki SLP1,36 AA FF FF FF FF FF FF FF FF FF FF FF FF FF FF FF FF FF FF FF FF FF FF FF FF FF FF FF FF … (4095 Bytes),200.03637s,Suzuki SLP1,76 AA (2 Bytes)
200.20052s,Suzuki SLP1,36 AB FF FF FF FF FF FF FF FF FF FF FF FF FF FF FF FF FF FF FF FF FF FF FF FF FF FF FF FF … (4095 Bytes),200.20298s,Suzuki SLP1,76 AB (2 Bytes)
200.36985s,Suzuki SLP1,36 AC FF FF FF FF FF FF FF FF FF FF FF FF FF FF FF FF FF FF FF FF FF FF FF FF FF FF FF FF … (4095 Bytes),200.37258s,Suzuki SLP1,76 AC (2 Bytes)
200.53582s,Suzuki SLP1,36 AD FF FF FF FF FF FF FF FF FF FF FF FF FF FF FF FF FF FF FF FF FF FF FF FF FF FF FF FF … (4095 Bytes),200.54119s,Suzuki SLP1,76 AD (2 Bytes)
200.70488s,Suzuki SLP1,36 AE FF FF FF FF FF FF FF FF FF FF FF FF FF FF FF FF FF FF FF FF FF FF FF FF FF FF FF FF … (4095 Bytes),200.70781s,Suzuki SLP1,76 AE (2 Bytes)
200.87475s,Suzuki SLP1,36 AF FF FF FF FF FF FF FF FF FF FF FF FF FF FF FF FF FF FF FF FF FF FF FF FF FF FF FF FF … (4095 Bytes),200.87720s,Suzuki SLP1,76 AF (2 Bytes)
201.04117s,Suzuki SLP1,36 B0 FF FF FF FF FF FF FF FF FF FF FF FF FF FF FF FF FF FF FF FF FF FF FF FF FF FF FF FF … (4095 Bytes),201.04639s,Suzuki SLP1,76 B0 (2 Bytes)
201.21093s,Suzuki SLP1,36 B1 FF FF FF FF FF FF FF FF FF FF FF FF FF FF FF FF FF FF FF FF FF FF FF FF FF FF FF FF … (4095 Bytes),201.21339s,Suzuki SLP1,76 B1 (2 Bytes)
201.37872s,Suzuki SLP1,36 B2 FF FF FF FF FF FF FF FF FF FF FF FF FF FF FF FF FF FF FF FF FF FF FF FF FF FF FF FF … (4095 Bytes),201.38118s,Suzuki SLP1,76 B2 (2 Bytes)
201.54494s,Suzuki SLP1,36 B3 FF FF FF FF FF FF FF FF FF FF FF FF FF FF FF FF FF FF FF FF FF FF FF FF FF FF FF FF … (4095 Bytes),201.55031s,Suzuki SLP1,76 B3 (2 Bytes)
201.71457s,Suzuki SLP1,36 B4 FF FF FF FF FF FF FF FF FF FF FF FF FF FF FF FF FF FF FF FF FF FF FF FF FF FF FF FF … (4095 Bytes),201.71703s,Suzuki SLP1,76 B4 (2 Bytes)
201.88316s,Suzuki SLP1,36 B5 FF FF FF FF FF FF FF FF FF FF FF FF FF FF FF FF FF FF FF FF FF FF FF FF FF FF FF FF … (4095 Bytes),201.88644s,Suzuki SLP1,76 B5 (2 Bytes)
201.88589s,FuncGroup-0x700,3E 80 (2 Bytes),,,
202.05305s,Suzuki SLP1,36 B6 FF FF FF FF FF FF FF FF FF FF FF FF FF FF FF FF FF FF FF FF FF FF FF FF FF FF FF FF … (4095 Bytes),202.05550s,Suzuki SLP1,76 B6 (2 Bytes)
202.21976s,Suzuki SLP1,36 B7 FF FF FF FF FF FF FF FF FF FF FF FF FF FF FF FF FF FF FF FF FF FF FF FF FF FF FF FF … (4095 Bytes),202.22221s,Suzuki SLP1,76 B7 (2 Bytes)
202.38906s,Suzuki SLP1,36 B8 FF FF FF FF FF FF FF FF FF FF FF FF FF FF FF FF FF FF FF FF FF FF FF FF FF FF FF FF … (4095 Bytes),202.39259s,Suzuki SLP1,76 B8 (2 Bytes)
202.55826s,Suzuki SLP1,36 B9 FF FF FF FF FF FF FF FF FF FF FF FF FF FF FF FF FF FF FF FF FF FF FF FF FF FF FF FF … (4095 Bytes),202.56072s,Suzuki SLP1,76 B9 (2 Bytes)
202.72445s,Suzuki SLP1,36 BA FF FF FF FF FF FF FF FF FF FF FF FF FF FF FF FF FF FF FF FF FF FF FF FF FF FF FF FF … (4095 Bytes),202.72769s,Suzuki SLP1,76 BA (2 Bytes)
202.89457s,Suzuki SLP1,36 BB FF FF FF FF FF FF FF FF FF FF FF FF FF FF FF FF FF FF FF FF FF FF FF FF FF FF FF FF … (4095 Bytes),202.89752s,Suzuki SLP1,76 BB (2 Bytes)
203.06383s,Suzuki SLP1,36 BC FF FF FF FF FF FF FF FF FF FF FF FF FF FF FF FF FF FF FF FF FF FF FF FF FF FF FF FF … (4095 Bytes),203.06675s,Suzuki SLP1,76 BC (2 Bytes)
203.23158s,Suzuki SLP1,36 BD FF FF FF FF FF FF FF FF FF FF FF FF FF FF FF FF FF FF FF FF FF FF FF FF FF FF FF FF … (4095 Bytes),203.23679s,Suzuki SLP1,76 BD (2 Bytes)
203.40088s,Suzuki SLP1,36 BE FF FF FF FF FF FF FF FF FF FF FF FF FF FF FF FF FF FF FF FF FF FF FF FF FF FF FF FF … (4095 Bytes),203.40334s,Suzuki SLP1,76 BE (2 Bytes)
203.57023s,Suzuki SLP1,36 BF FF FF FF FF FF FF FF FF FF FF FF FF FF FF FF FF FF FF FF FF FF FF FF FF FF FF FF FF … (4095 Bytes),203.57267s,Suzuki SLP1,76 BF (2 Bytes)
203.73574s,Suzuki SLP1,36 C0 FF FF FF FF FF FF FF FF FF FF FF FF FF FF FF FF FF FF FF FF FF FF FF FF FF FF FF FF … (4095 Bytes),203.74112s,Suzuki SLP1,76 C0 (2 Bytes)
203.90477s,Suzuki SLP1,36 C1 FF FF FF FF FF FF FF FF FF FF FF FF FF FF FF FF FF FF FF FF FF FF FF FF FF FF FF FF … (4095 Bytes),203.90769s,Suzuki SLP1,76 C1 (2 Bytes)
204.07442s,Suzuki SLP1,36 C2 FF FF FF FF FF FF FF FF FF FF FF FF FF FF FF FF FF FF FF FF FF FF FF FF FF FF FF FF … (4095 Bytes),204.07687s,Suzuki SLP1,76 C2 (2 Bytes)
204.24094s,Suzuki SLP1,36 C3 FF FF FF FF FF FF FF FF FF FF FF FF FF FF FF FF FF FF FF FF FF FF FF FF FF FF FF FF … (4095 Bytes),204.24616s,Suzuki SLP1,76 C3 (2 Bytes)
204.41064s,Suzuki SLP1,36 C4 FF FF FF FF FF FF FF FF FF FF FF FF FF FF FF FF FF FF FF FF FF FF FF FF FF FF FF FF … (4095 Bytes),204.41309s,Suzuki SLP1,76 C4 (2 Bytes)
204.57871s,Suzuki SLP1,36 C5 FF FF FF FF FF FF FF FF FF FF FF FF FF FF FF FF FF FF FF FF FF FF FF FF FF FF FF FF … (4095 Bytes),204.58116s,Suzuki SLP1,76 C5 (2 Bytes)
204.74474s,Suzuki SLP1,36 C6 FF FF FF FF FF FF FF FF FF FF FF FF FF FF FF FF FF FF FF FF FF FF FF FF FF FF FF FF … (4095 Bytes),204.75011s,Suzuki SLP1,76 C6 (2 Bytes)
204.91449s,Suzuki SLP1,36 C7 FF FF FF FF FF FF FF FF FF FF FF FF FF FF FF FF FF FF FF FF FF FF FF FF FF FF FF FF … (4095 Bytes),204.91694s,Suzuki SLP1,76 C7 (2 Bytes)
205.08326s,Suzuki SLP1,36 C8 FF FF FF FF FF FF FF FF FF FF FF FF FF FF FF FF FF FF FF FF FF FF FF FF FF FF FF FF … (4095 Bytes),205.08621s,Suzuki SLP1,76 C8 (2 Bytes)
205.25326s,Suzuki SLP1,36 C9 FF FF FF FF FF FF FF FF FF FF FF FF FF FF FF FF FF FF FF FF FF FF FF FF FF FF FF FF … (4095 Bytes),205.25572s,Suzuki SLP1,76 C9 (2 Bytes)
205.41981s,Suzuki SLP1,36 CA FF FF FF FF FF FF FF FF FF FF FF FF FF FF FF FF FF FF FF FF FF FF FF FF FF FF FF FF … (4095 Bytes),205.42225s,Suzuki SLP1,76 CA (2 Bytes)
205.58898s,Suzuki SLP1,36 CB FF FF FF FF FF FF FF FF FF FF FF FF FF FF FF FF FF FF FF FF FF FF FF FF FF FF FF FF … (4095 Bytes),205.59248s,Suzuki SLP1,76 CB (2 Bytes)
205.75797s,Suzuki SLP1,36 CC FF FF FF FF FF FF FF FF FF FF FF FF FF FF FF FF FF FF FF FF FF FF FF FF FF FF FF FF … (4095 Bytes),205.76042s,Suzuki SLP1,76 CC (2 Bytes)
205.92407s,Suzuki SLP1,36 CD FF FF FF FF FF FF FF FF FF FF FF FF FF FF FF FF FF FF FF FF FF FF FF FF FF FF FF FF … (4095 Bytes),205.92696s,Suzuki SLP1,76 CD (2 Bytes)
205.92630s,FuncGroup-0x700,3E 80 (2 Bytes),,,
206.09387s,Suzuki SLP1,36 CE FF FF FF FF FF FF FF FF FF FF FF FF FF FF FF FF FF FF FF FF FF FF FF FF FF FF FF FF … (4095 Bytes),206.09683s,Suzuki SLP1,76 CE (2 Bytes)
206.26341s,Suzuki SLP1,36 CF FF FF FF FF FF FF FF FF FF FF FF FF FF FF FF FF FF FF FF FF FF FF FF FF FF FF FF FF … (4095 Bytes),206.26663s,Suzuki SLP1,76 CF (2 Bytes)
206.43123s,Suzuki SLP1,36 D0 FF FF FF FF FF FF FF FF FF FF FF FF FF FF FF FF FF FF FF FF FF FF FF FF FF FF FF FF … (4095 Bytes),206.43644s,Suzuki SLP1,76 D0 (2 Bytes)
206.60052s,Suzuki SLP1,36 D1 FF FF FF FF FF FF FF FF FF FF FF FF FF FF FF FF FF FF FF FF FF FF FF FF FF FF FF FF … (4095 Bytes),206.60298s,Suzuki SLP1,76 D1 (2 Bytes)
206.76826s,Suzuki SLP1,36 D2 FF FF FF FF FF FF FF FF FF FF FF FF FF FF FF FF FF FF FF FF FF FF FF FF FF FF FF FF … (4095 Bytes),206.77071s,Suzuki SLP1,76 D2 (2 Bytes)
206.93507s,Suzuki SLP1,36 D3 FF FF FF FF FF FF FF FF FF FF FF FF FF FF FF FF FF FF FF FF FF FF FF FF FF FF FF FF … (4095 Bytes),206.94044s,Suzuki SLP1,76 D3 (2 Bytes)
207.10417s,Suzuki SLP1,36 D4 FF FF FF FF FF FF FF FF FF FF FF FF FF FF FF FF FF FF FF FF FF FF FF FF FF FF FF FF … (4095 Bytes),207.10737s,Suzuki SLP1,76 D4 (2 Bytes)
207.27423s,Suzuki SLP1,36 D5 FF FF FF FF FF FF FF FF FF FF FF FF FF FF FF FF FF FF FF FF FF FF FF FF FF FF FF FF … (4095 Bytes),207.27669s,Suzuki SLP1,76 D5 (2 Bytes)
207.44086s,Suzuki SLP1,36 D6 FF FF FF FF FF FF FF FF FF FF FF FF FF FF FF FF FF FF FF FF FF FF FF FF FF FF FF FF … (4095 Bytes),207.44607s,Suzuki SLP1,76 D6 (2 Bytes)
207.61052s,Suzuki SLP1,36 D7 FF FF FF FF FF FF FF FF FF FF FF FF FF FF FF FF FF FF FF FF FF FF FF FF FF FF FF FF … (4095 Bytes),207.61297s,Suzuki SLP1,76 D7 (2 Bytes)
207.77836s,Suzuki SLP1,36 D8 FF FF FF FF FF FF FF FF FF FF FF FF FF FF FF FF FF FF FF FF FF FF FF FF FF FF FF FF … (4095 Bytes),207.78082s,Suzuki SLP1,76 D8 (2 Bytes)
207.94467s,Suzuki SLP1,36 D9 FF FF FF FF FF FF FF FF FF FF FF FF FF FF FF FF FF FF FF FF FF FF FF FF FF FF FF FF … (4095 Bytes),207.95005s,Suzuki SLP1,76 D9 (2 Bytes)
208.11441s,Suzuki SLP1,36 DA FF FF FF FF FF FF FF FF FF FF FF FF FF FF FF FF FF FF FF FF FF FF FF FF FF FF FF FF … (4095 Bytes),208.11687s,Suzuki SLP1,76 DA (2 Bytes)
208.28341s,Suzuki SLP1,36 DB FF FF FF FF FF FF FF FF FF FF FF FF FF FF FF FF FF FF FF FF FF FF FF FF FF FF FF FF … (4095 Bytes),208.28636s,Suzuki SLP1,76 DB (2 Bytes)
208.45311s,Suzuki SLP1,36 DC FF FF FF FF FF FF FF FF FF FF FF FF FF FF FF FF FF FF FF FF FF FF FF FF FF FF FF FF … (4095 Bytes),208.45556s,Suzuki SLP1,76 DC (2 Bytes)
208.61954s,Suzuki SLP1,36 DD FF FF FF FF FF FF FF FF FF FF FF FF FF FF FF FF FF FF FF FF FF FF FF FF FF FF FF FF … (4095 Bytes),208.62208s,Suzuki SLP1,76 DD (2 Bytes)
208.78894s,Suzuki SLP1,36 DE FF FF FF FF FF FF FF FF FF FF FF FF FF FF FF FF FF FF FF FF FF FF FF FF FF FF FF FF … (4095 Bytes),208.79258s,Suzuki SLP1,76 DE (2 Bytes)
208.95809s,Suzuki SLP1,36 DF FF FF FF FF FF FF FF FF FF FF FF FF FF FF FF FF FF FF FF FF FF FF FF FF FF FF FF FF … (4095 Bytes),208.96054s,Suzuki SLP1,76 DF (2 Bytes)
209.12418s,Suzuki SLP1,36 E0 FF FF FF FF FF FF FF FF FF FF FF FF FF FF FF FF FF FF FF FF FF FF FF FF FF FF FF FF … (4095 Bytes),209.12710s,Suzuki SLP1,76 E0 (2 Bytes)
209.29420s,Suzuki SLP1,36 E1 FF FF FF FF FF FF FF FF FF FF FF FF FF FF FF FF FF FF FF FF FF FF FF FF FF FF FF FF … (4095 Bytes),209.29716s,Suzuki SLP1,76 E1 (2 Bytes)
209.46349s,Suzuki SLP1,36 E2 FF FF FF FF FF FF FF FF FF FF FF FF FF FF FF FF FF FF FF FF FF FF FF FF FF FF FF FF … (4095 Bytes),209.46643s,Suzuki SLP1,76 E2 (2 Bytes)
209.63099s,Suzuki SLP1,36 E3 FF FF FF FF FF FF FF FF FF FF FF FF FF FF FF FF FF FF FF FF FF FF FF FF FF FF FF FF … (4095 Bytes),209.63620s,Suzuki SLP1,76 E3 (2 Bytes)
209.80006s,Suzuki SLP1,36 E4 FF FF FF FF FF FF FF FF FF FF FF FF FF FF FF FF FF FF FF FF FF FF FF FF FF FF FF FF … (4095 Bytes),209.80251s,Suzuki SLP1,76 E4 (2 Bytes)
209.96799s,Suzuki SLP1,36 E5 FF FF FF FF FF FF FF FF FF FF FF FF FF FF FF FF FF FF FF FF FF FF FF FF FF FF FF FF … (4095 Bytes),209.97069s,Suzuki SLP1,76 E5 (2 Bytes)
209.97022s,FuncGroup-0x700,3E 80 (2 Bytes),,,
210.13498s,Suzuki SLP1,36 E6 FF FF FF FF FF FF FF FF FF FF FF FF FF FF FF FF FF FF FF FF FF FF FF FF FF FF FF FF … (4095 Bytes),210.14060s,Suzuki SLP1,76 E6 (2 Bytes)
210.30443s,Suzuki SLP1,36 E7 FF FF FF FF FF FF FF FF FF FF FF FF FF FF FF FF FF FF FF FF FF FF FF FF FF FF FF FF … (4095 Bytes),210.30735s,Suzuki SLP1,76 E7 (2 Bytes)
210.47408s,Suzuki SLP1,36 E8 FF FF FF FF FF FF FF FF FF FF FF FF FF FF FF FF FF FF FF FF FF FF FF FF FF FF FF FF … (4095 Bytes),210.47654s,Suzuki SLP1,76 E8 (2 Bytes)
210.64060s,Suzuki SLP1,36 E9 FF FF FF FF FF FF FF FF FF FF FF FF FF FF FF FF FF FF FF FF FF FF FF FF FF FF FF FF … (4095 Bytes),210.64607s,Suzuki SLP1,76 E9 (2 Bytes)
210.81065s,Suzuki SLP1,36 EA FF FF FF FF FF FF FF FF FF FF FF FF FF FF FF FF FF FF FF FF FF FF FF FF FF FF FF FF … (4095 Bytes),210.81310s,Suzuki SLP1,76 EA (2 Bytes)
210.97873s,Suzuki SLP1,36 EB FF FF FF FF FF FF FF FF FF FF FF FF FF FF FF FF FF FF FF FF FF FF FF FF FF FF FF FF … (4095 Bytes),210.98119s,Suzuki SLP1,76 EB (2 Bytes)
211.14480s,Suzuki SLP1,36 EC FF FF FF FF FF FF FF FF FF FF FF FF FF FF FF FF FF FF FF FF FF FF FF FF FF FF FF FF … (4095 Bytes),211.15042s,Suzuki SLP1,76 EC (2 Bytes)
211.31455s,Suzuki SLP1,36 ED FF FF FF FF FF FF FF FF FF FF FF FF FF FF FF FF FF FF FF FF FF FF FF FF FF FF FF FF … (4095 Bytes),211.31700s,Suzuki SLP1,76 ED (2 Bytes)
211.48329s,Suzuki SLP1,36 EE FF FF FF FF FF FF FF FF FF FF FF FF FF FF FF FF FF FF FF FF FF FF FF FF FF FF FF FF … (4095 Bytes),211.48653s,Suzuki SLP1,76 EE (2 Bytes)
211.65340s,Suzuki SLP1,36 EF FF FF FF FF FF FF FF FF FF FF FF FF FF FF FF FF FF FF FF FF FF FF FF FF FF FF FF FF … (4095 Bytes),211.65585s,Suzuki SLP1,76 EF (2 Bytes)
211.81968s,Suzuki SLP1,36 F0 FF FF FF FF FF FF FF FF FF FF FF FF FF FF FF FF FF FF FF FF FF FF FF FF FF FF FF FF … (4095 Bytes),211.82212s,Suzuki SLP1,76 F0 (2 Bytes)
211.98885s,Suzuki SLP1,36 F1 FF FF FF FF FF FF FF FF FF FF FF FF FF FF FF FF FF FF FF FF FF FF FF FF FF FF FF FF … (4095 Bytes),211.99128s,Suzuki SLP1,76 F1 (2 Bytes)
212.15806s,Suzuki SLP1,36 F2 FF FF FF FF FF FF FF FF FF FF FF FF FF FF FF FF FF FF FF FF FF FF FF FF FF FF FF FF … (4095 Bytes),212.16052s,Suzuki SLP1,76 F2 (2 Bytes)
212.32414s,Suzuki SLP1,36 F3 FF FF FF FF FF FF FF FF FF FF FF FF FF FF FF FF FF FF FF FF FF FF FF FF FF FF FF FF … (4095 Bytes),212.32740s,Suzuki SLP1,76 F3 (2 Bytes)
212.49432s,Suzuki SLP1,36 F4 FF FF FF FF FF FF FF FF FF FF FF FF FF FF FF FF FF FF FF FF FF FF FF FF FF FF FF FF … (4095 Bytes),212.49727s,Suzuki SLP1,76 F4 (2 Bytes)
212.66361s,Suzuki SLP1,36 F5 FF FF FF FF FF FF FF FF FF FF FF FF FF FF FF FF FF FF FF FF FF FF FF FF FF FF FF FF … (4095 Bytes),212.66654s,Suzuki SLP1,76 F5 (2 Bytes)
212.83105s,Suzuki SLP1,36 F6 FF FF FF FF FF FF FF FF FF FF FF FF FF FF FF FF FF FF FF FF FF FF FF FF FF FF FF FF … (4095 Bytes),212.83627s,Suzuki SLP1,76 F6 (2 Bytes)
213.00037s,Suzuki SLP1,36 F7 FF FF FF FF FF FF FF FF FF FF FF FF FF FF FF FF FF FF FF FF FF FF FF FF FF FF FF FF … (4095 Bytes),213.00283s,Suzuki SLP1,76 F7 (2 Bytes)
213.16857s,Suzuki SLP1,36 F8 FF FF FF FF FF FF FF FF FF FF FF FF FF FF FF FF FF FF FF FF FF FF FF FF FF FF FF FF … (4095 Bytes),213.17103s,Suzuki SLP1,76 F8 (2 Bytes)
213.33534s,Suzuki SLP1,36 F9 FF FF FF FF FF FF FF FF FF FF FF FF FF FF FF FF FF FF FF FF FF FF FF FF FF FF FF FF … (4095 Bytes),213.34071s,Suzuki SLP1,76 F9 (2 Bytes)
213.50454s,Suzuki SLP1,36 FA FF FF FF FF FF FF FF FF FF FF FF FF FF FF FF FF FF FF FF FF FF FF FF FF FF FF FF FF … (4095 Bytes),213.50743s,Suzuki SLP1,76 FA (2 Bytes)
213.67423s,Suzuki SLP1,36 FB FF FF FF FF FF FF FF FF FF FF FF FF FF FF FF FF FF FF FF FF FF FF FF FF FF FF FF FF … (4095 Bytes),213.67668s,Suzuki SLP1,76 FB (2 Bytes)
213.84068s,Suzuki SLP1,36 FC FF FF FF FF FF FF FF FF FF FF FF FF FF FF FF FF FF FF FF FF FF FF FF FF FF FF FF FF … (4095 Bytes),213.84590s,Suzuki SLP1,76 FC (2 Bytes)
214.01036s,Suzuki SLP1,36 FD FF FF FF FF FF FF FF FF FF FF FF FF FF FF FF FF FF FF FF FF FF FF FF FF FF FF FF FF … (4095 Bytes),214.01306s,Suzuki SLP1,76 FD (2 Bytes)
214.01135s,FuncGroup-0x700,3E 80 (2 Bytes),,,
214.17966s,Suzuki SLP1,36 FE FF FF FF FF FF FF FF FF FF FF FF FF FF FF FF FF FF FF FF FF FF FF FF FF FF FF FF FF … (4095 Bytes),214.18261s,Suzuki SLP1,76 FE (2 Bytes)
214.34540s,Suzuki SLP1,36 FF FF FF FF FF FF FF FF FF FF FF FF FF FF FF FF FF FF FF FF FF FF FF FF FF FF FF FF FF … (4095 Bytes),214.35078s,Suzuki SLP1,76 FF (2 Bytes)
214.51503s,Suzuki SLP1,36 00 FF FF FF FF FF FF FF FF FF FF FF FF FF FF FF FF FF FF FF FF FF FF FF FF FF FF FF FF … (4095 Bytes),214.51750s,Suzuki SLP1,76 00 (2 Bytes)
214.68380s,Suzuki SLP1,36 01 FF FF FF FF FF FF FF FF FF FF FF FF FF FF FF FF FF FF FF FF FF FF FF FF FF FF FF FF … (4095 Bytes),214.68676s,Suzuki SLP1,76 01 (2 Bytes)
214.85351s,Suzuki SLP1,36 02 FF FF FF FF FF FF FF FF FF FF FF FF FF FF FF FF FF FF FF FF FF FF FF FF FF FF FF FF … (4095 Bytes),214.85597s,Suzuki SLP1,76 02 (2 Bytes)
215.01998s,Suzuki SLP1,36 03 FF FF FF FF FF FF FF FF FF FF FF FF FF FF FF FF FF FF FF FF FF FF FF FF FF FF FF FF … (4095 Bytes),215.02243s,Suzuki SLP1,76 03 (2 Bytes)
215.18944s,Suzuki SLP1,36 04 FF FF FF FF FF FF FF FF FF FF FF FF FF FF FF FF FF FF FF FF FF FF FF FF FF FF FF FF … (4095 Bytes),215.19264s,Suzuki SLP1,76 04 (2 Bytes)
215.35813s,Suzuki SLP1,36 05 FF FF FF FF FF FF FF FF FF FF FF FF FF FF FF FF FF FF FF FF FF FF FF FF FF FF FF FF … (4095 Bytes),215.36058s,Suzuki SLP1,76 05 (2 Bytes)
215.52433s,Suzuki SLP1,36 06 FF FF FF FF FF FF FF FF FF FF FF FF FF FF FF FF FF FF FF FF FF FF FF FF FF FF FF FF … (4095 Bytes),215.52726s,Suzuki SLP1,76 06 (2 Bytes)
215.69404s,Suzuki SLP1,36 07 FF FF FF FF FF FF FF FF FF FF FF FF FF FF FF FF FF FF FF FF FF FF FF FF FF FF FF FF … (4095 Bytes),215.69700s,Suzuki SLP1,76 07 (2 Bytes)
215.86333s,Suzuki SLP1,36 08 FF FF FF FF FF FF FF FF FF FF FF FF FF FF FF FF FF FF FF FF FF FF FF FF FF FF FF FF … (4095 Bytes),215.86661s,Suzuki SLP1,76 08 (2 Bytes)
216.03117s,Suzuki SLP1,36 09 FF FF FF FF FF FF FF FF FF FF FF FF FF FF FF FF FF FF FF FF FF FF FF FF FF FF FF FF … (4095 Bytes),216.03639s,Suzuki SLP1,76 09 (2 Bytes)
216.20078s,Suzuki SLP1,36 0A FF FF FF FF FF FF FF FF FF FF FF FF FF FF FF FF FF FF FF FF FF FF FF FF FF FF FF FF … (4095 Bytes),216.20324s,Suzuki SLP1,76 0A (2 Bytes)
216.37007s,Suzuki SLP1,36 0B FF FF FF FF FF FF FF FF FF FF FF FF FF FF FF FF FF FF FF FF FF FF FF FF FF FF FF FF … (4095 Bytes),216.37256s,Suzuki SLP1,76 0B (2 Bytes)
216.53566s,Suzuki SLP1,36 0C FF FF FF FF FF FF FF FF FF FF FF FF FF FF FF FF FF FF FF FF FF FF FF FF FF FF FF FF … (4095 Bytes),216.54103s,Suzuki SLP1,76 0C (2 Bytes)
216.70467s,Suzuki SLP1,36 0D FF FF FF FF FF FF FF FF FF FF FF FF FF FF FF FF FF FF FF FF FF FF FF FF FF FF FF FF … (4095 Bytes),216.70792s,Suzuki SLP1,76 0D (2 Bytes)
216.87471s,Suzuki SLP1,36 0E FF FF FF FF FF FF FF FF FF FF FF FF FF FF FF FF FF FF FF FF FF FF FF FF FF FF FF FF … (4095 Bytes),216.87717s,Suzuki SLP1,76 0E (2 Bytes)
217.04118s,Suzuki SLP1,36 0F FF FF FF FF FF FF FF FF FF FF FF FF FF FF FF FF FF FF FF FF FF FF FF FF FF FF FF FF … (4095 Bytes),217.04640s,Suzuki SLP1,76 0F (2 Bytes)
217.21116s,Suzuki SLP1,36 10 FF FF FF FF FF FF FF FF FF FF FF FF FF FF FF FF FF FF FF FF FF FF FF FF FF FF FF FF … (4095 Bytes),217.21362s,Suzuki SLP1,76 10 (2 Bytes)
217.37994s,Suzuki SLP1,36 11 FF FF FF FF FF FF FF FF FF FF FF FF FF FF FF FF FF FF FF FF FF FF FF FF FF FF FF FF … (4095 Bytes),217.38289s,Suzuki SLP1,76 11 (2 Bytes)
217.54546s,Suzuki SLP1,36 12 FF FF FF FF FF FF FF FF FF FF FF FF FF FF FF FF FF FF FF FF FF FF FF FF FF FF FF FF … (4095 Bytes),217.55083s,Suzuki SLP1,76 12 (2 Bytes)
217.71516s,Suzuki SLP1,36 13 FF FF FF FF FF FF FF FF FF FF FF FF FF FF FF FF FF FF FF FF FF FF FF FF FF FF FF FF … (4095 Bytes),217.71761s,Suzuki SLP1,76 13 (2 Bytes)
217.88394s,Suzuki SLP1,36 14 FF FF FF FF FF FF FF FF FF FF FF FF FF FF FF FF FF FF FF FF FF FF FF FF FF FF FF FF … (4095 Bytes),217.88690s,Suzuki SLP1,76 14 (2 Bytes)
218.05364s,Suzuki SLP1,36 15 FF FF FF FF FF FF FF FF FF FF FF FF FF FF FF FF FF FF FF FF FF FF FF FF FF FF FF FF … (4095 Bytes),218.05634s,Suzuki SLP1,76 15 (2 Bytes)
218.05587s,FuncGroup-0x700,3E 80 (2 Bytes),,,
218.22056s,Suzuki SLP1,36 16 FF FF FF FF FF FF FF FF FF FF FF FF FF FF FF FF FF FF FF FF FF FF FF FF FF FF FF FF … (4095 Bytes),218.22301s,Suzuki SLP1,76 16 (2 Bytes)
218.38989s,Suzuki SLP1,36 17 FF FF FF FF FF FF FF FF FF FF FF FF FF FF FF FF FF FF FF FF FF FF FF FF FF FF FF FF … (4095 Bytes),218.39285s,Suzuki SLP1,76 17 (2 Bytes)
218.55848s,Suzuki SLP1,36 18 FF FF FF FF FF FF FF FF FF FF FF FF FF FF FF FF FF FF FF FF FF FF FF FF FF FF FF FF … (4095 Bytes),218.56094s,Suzuki SLP1,76 18 (2 Bytes)
218.72488s,Suzuki SLP1,36 19 FF FF FF FF FF FF FF FF FF FF FF FF FF FF FF FF FF FF FF FF FF FF FF FF FF FF FF FF … (4095 Bytes),218.72782s,Suzuki SLP1,76 19 (2 Bytes)
218.89455s,Suzuki SLP1,36 1A FF FF FF FF FF FF FF FF FF FF FF FF FF FF FF FF FF FF FF FF FF FF FF FF FF FF FF FF … (4095 Bytes),218.89751s,Suzuki SLP1,76 1A (2 Bytes)
219.06385s,Suzuki SLP1,36 1B FF FF FF FF FF FF FF FF FF FF FF FF FF FF FF FF FF FF FF FF FF FF FF FF FF FF FF FF … (4095 Bytes),219.06680s,Suzuki SLP1,76 1B (2 Bytes)
219.23155s,Suzuki SLP1,36 1C FF FF FF FF FF FF FF FF FF FF FF FF FF FF FF FF FF FF FF FF FF FF FF FF FF FF FF FF … (4095 Bytes),219.23677s,Suzuki SLP1,76 1C (2 Bytes)
219.40083s,Suzuki SLP1,36 1D FF FF FF FF FF FF FF FF FF FF FF FF FF FF FF FF FF FF FF FF FF FF FF FF FF FF FF FF … (4095 Bytes),219.40328s,Suzuki SLP1,76 1D (2 Bytes)
219.56999s,Suzuki SLP1,36 1E FF FF FF FF FF FF FF FF FF FF FF FF FF FF FF FF FF FF FF FF FF FF FF FF FF FF FF FF … (4095 Bytes),219.57249s,Suzuki SLP1,76 1E (2 Bytes)
219.73558s,Suzuki SLP1,36 1F FF FF FF FF FF FF FF FF FF FF FF FF FF FF FF FF FF FF FF FF FF FF FF FF FF FF FF FF … (4095 Bytes),219.74096s,Suzuki SLP1,76 1F (2 Bytes)
219.90477s,Suzuki SLP1,36 20 FF FF FF FF FF FF FF FF FF FF FF FF FF FF FF FF FF FF FF FF FF FF FF FF FF FF FF FF … (4095 Bytes),219.90770s,Suzuki SLP1,76 20 (2 Bytes)
220.07448s,Suzuki SLP1,36 21 FF FF FF FF FF FF FF FF FF FF FF FF FF FF FF FF FF FF FF FF FF FF FF FF FF FF FF FF … (4095 Bytes),220.07693s,Suzuki SLP1,76 21 (2 Bytes)
220.24116s,Suzuki SLP1,36 22 FF FF FF FF FF FF FF FF FF FF FF FF FF FF FF FF FF FF FF FF FF FF FF FF FF FF FF FF … (4095 Bytes),220.24638s,Suzuki SLP1,76 22 (2 Bytes)
220.41087s,Suzuki SLP1,36 23 FF FF FF FF FF FF FF FF FF FF FF FF FF FF FF FF FF FF FF FF FF FF FF FF FF FF FF FF … (4095 Bytes),220.41333s,Suzuki SLP1,76 23 (2 Bytes)
220.57960s,Suzuki SLP1,36 24 FF FF FF FF FF FF FF FF FF FF FF FF FF FF FF FF FF FF FF FF FF FF FF FF FF FF FF FF … (4095 Bytes),220.58258s,Suzuki SLP1,76 24 (2 Bytes)
220.74517s,Suzuki SLP1,36 25 FF FF FF FF FF FF FF FF FF FF FF FF FF FF FF FF FF FF FF FF FF FF FF FF FF FF FF FF … (4095 Bytes),220.75054s,Suzuki SLP1,76 25 (2 Bytes)
220.91473s,Suzuki SLP1,36 26 FF FF FF FF FF FF FF FF FF FF FF FF FF FF FF FF FF FF FF FF FF FF FF FF FF FF FF FF … (4095 Bytes),220.91719s,Suzuki SLP1,76 26 (2 Bytes)
221.08349s,Suzuki SLP1,36 27 FF FF FF FF FF FF FF FF FF FF FF FF FF FF FF FF FF FF FF FF FF FF FF FF FF FF FF FF … (4095 Bytes),221.08671s,Suzuki SLP1,76 27 (2 Bytes)
221.25382s,Suzuki SLP1,36 28 FF FF FF FF FF FF FF FF FF FF FF FF FF FF FF FF FF FF FF FF FF FF FF FF FF FF FF FF … (4095 Bytes),221.25628s,Suzuki SLP1,76 28 (2 Bytes)
221.42030s,Suzuki SLP1,36 29 FF FF FF FF FF FF FF FF FF FF FF FF FF FF FF FF FF FF FF FF FF FF FF FF FF FF FF FF … (4095 Bytes),221.42276s,Suzuki SLP1,76 29 (2 Bytes)
221.58940s,Suzuki SLP1,36 2A FF FF FF FF FF FF FF FF FF FF FF FF FF FF FF FF FF FF FF FF FF FF FF FF FF FF FF FF … (4095 Bytes),221.59249s,Suzuki SLP1,76 2A (2 Bytes)
221.75779s,Suzuki SLP1,36 2B FF FF FF FF FF FF FF FF FF FF FF FF FF FF FF FF FF FF FF FF FF FF FF FF FF FF FF FF … (4095 Bytes),221.76024s,Suzuki SLP1,76 2B (2 Bytes)
221.92397s,Suzuki SLP1,36 2C FF FF FF FF FF FF FF FF FF FF FF FF FF FF FF FF FF FF FF FF FF FF FF FF FF FF FF FF … (4095 Bytes),221.92722s,Suzuki SLP1,76 2C (2 Bytes)
222.09409s,Suzuki SLP1,36 2D FF FF FF FF FF FF FF FF FF FF FF FF FF FF FF FF FF FF FF FF FF FF FF FF FF FF FF FF … (4095 Bytes),222.09729s,Suzuki SLP1,76 2D (2 Bytes)
222.09682s,FuncGroup-0x700,3E 80 (2 Bytes),,,
222.26366s,Suzuki SLP1,36 2E FF FF FF FF FF FF FF FF FF FF FF FF FF FF FF FF FF FF FF FF FF FF FF FF FF FF FF FF … (4095 Bytes),222.26659s,Suzuki SLP1,76 2E (2 Bytes)
222.43130s,Suzuki SLP1,36 2F FF FF FF FF FF FF FF FF FF FF FF FF FF FF FF FF FF FF FF FF FF FF FF FF FF FF FF FF … (4095 Bytes),222.43652s,Suzuki SLP1,76 2F (2 Bytes)
222.60059s,Suzuki SLP1,36 30 FF FF FF FF FF FF FF FF FF FF FF FF FF FF FF FF FF FF FF FF FF FF FF FF FF FF FF FF … (4095 Bytes),222.60305s,Suzuki SLP1,76 30 (2 Bytes)
222.76646s,Suzuki SLP1,36 31 FF FF FF FF FF FF FF FF FF FF FF FF FF FF FF FF FF FF FF FF FF FF FF FF FF FF FF FF … (4095 Bytes),222.76962s,Suzuki SLP1,76 31 (2 Bytes)
222.92494s,Suzuki SLP1,36 32 76 05 34 45 76 05 34 45 76 05 34 45 76 05 34 45 76 05 34 45 76 05 34 45 76 05 34 45 … (4095 Bytes),222.93118s,Suzuki SLP1,76 32 (2 Bytes)
223.08979s,Suzuki SLP1,36 33 04 B0 BD E8 F0 8F F0 B5 81 B0 05 46 10 68 0E 46 14 46 C8 BB 15 B9 05 20 10 60 35 E0 … (4095 Bytes),223.09551s,Suzuki SLP1,76 33 (2 Bytes)
223.25318s,Suzuki SLP1,36 34 B5 05 46 80 88 B0 F5 B8 6F 14 D8 4A F2 C0 36 C3 F2 05 46 33 46 2A 46 08 00 0E D1 0A … (4095 Bytes),223.25906s,Suzuki SLP1,76 34 (2 Bytes)
223.41405s,Suzuki SLP1,36 35 CC FF 4A F6 FF 41 C3 F2 04 41 22 46 18 20 0A F0 FA FB 0A 21 18 20 0A F0 FC FB 18 20 … (4095 Bytes),223.41987s,Suzuki SLP1,76 35 (2 Bytes)
223.57658s,Suzuki SLP1,36 36 68 C0 F8 50 41 53 98 47 F6 E9 72 68 44 02 EB 21 41 C0 F8 54 11 53 98 52 AE 08 30 53 … (4095 Bytes),223.58271s,Suzuki SLP1,76 36 (2 Bytes)
223.73615s,Suzuki SLP1,36 37 02 A8 8D ED 05 0A FD F7 03 FC 6E B1 40 F2 75 50 8D E8 41 00 23 46 2A 46 48 F2 A0 11 … (4095 Bytes),223.74225s,Suzuki SLP1,76 37 (2 Bytes)
223.89575s,Suzuki SLP1,36 38 E8 0B 10 4A F2 4C 20 C3 F2 05 40 02 68 52 6A 12 B9 FF F7 7D FF 20 E0 4B F6 D8 15 C3 … (4095 Bytes),223.90223s,Suzuki SLP1,76 38 (2 Bytes)
224.05871s,Suzuki SLP1,36 39 08 02 D2 E8 01 F0 C0 46 62 06 06 0F 27 34 41 4E 50 53 4C F2 68 21 C3 F2 05 41 5D 20 … (4095 Bytes),224.06456s,Suzuki SLP1,76 39 (2 Bytes)
224.22006s,Suzuki SLP1,36 3A 42 40 F2 00 01 C8 F2 00 01 1E 46 91 41 02 D2 92 F0 00 42 05 92 00 22 05 9B 04 9D 00 … (4095 Bytes),224.22637s,Suzuki SLP1,76 3A (2 Bytes)
224.38336s,Suzuki SLP1,36 3B 5F EA 40 5C 4F EA D0 20 40 EA 41 50 10 EB DC 70 46 EB D1 21 BC F1 00 4F 08 BF 20 F0 … (4095 Bytes),224.38997s,Suzuki SLP1,76 3B (2 Bytes)
224.54438s,Suzuki SLP1,36 3C E0 01 EB D3 55 B5 F9 18 50 C5 F3 0F 05 A5 42 06 D0 C3 F3 00 66 36 01 05 FA 06 FC 40 … (4095 Bytes),224.55065s,Suzuki SLP1,76 3C (2 Bytes)
224.70562s,Suzuki SLP1,36 3D 50 E0 D6 F8 04 06 01 28 4C D1 D6 F8 00 16 11 B9 69 46 C6 F8 00 D6 20 46 00 F0 7C FF … (4095 Bytes),224.71147s,Suzuki SLP1,76 3D (2 Bytes)
224.86966s,Suzuki SLP1,36 3E 20 02 E0 52 1C 02 2A F2 D3 10 BC 70 47 F0 B5 0D 46 16 46 1F 46 04 46 FF F7 E6 FF B8 … (4095 Bytes),224.87536s,Suzuki SLP1,76 3E (2 Bytes)
225.03064s,Suzuki SLP1,36 3F 01 31 B2 F1 01 0C 84 E8 02 10 18 BF 10 BD 94 F8 23 10 00 29 18 BF 10 BD 01 21 61 76 … (4095 Bytes),225.03651s,Suzuki SLP1,76 3F (2 Bytes)
225.19169s,Suzuki SLP1,36 40 46 16 D1 1B E0 29 46 30 46 00 22 FF F7 31 FD 79 68 05 46 BA 68 08 68 00 21 00 F0 3F … (4095 Bytes),225.19743s,Suzuki SLP1,76 40 (2 Bytes)
225.35481s,Suzuki SLP1,36 41 C3 F2 04 42 52 F8 24 00 40 1C 42 F8 24 00 30 BD 00 B5 00 F0 4E FC 40 F6 20 31 C3 F2 … (4095 Bytes),225.36060s,Suzuki SLP1,76 41 (2 Bytes)
225.51941s,Suzuki SLP1,36 42 00 00 00 00 00 00 00 25 73 3A 25 73 3A 25 64 3A 52 45 54 52 49 47 47 45 52 20 4E 4F … (4095 Bytes),225.52595s,Suzuki SLP1,76 42 (2 Bytes)
225.68730s,Suzuki SLP1,36 43 00 00 28 05 00 00 28 05 00 00 28 05 00 00 28 05 00 00 28 05 00 00 28 05 00 00 28 05 … (4095 Bytes),225.69311s,Suzuki SLP1,76 43 (2 Bytes)
225.85378s,Suzuki SLP1,36 44 4D 00 33 66 1A 4D 00 33 66 1A 4D 00 33 66 1A 4D 00 33 66 1A 4D 00 33 66 1A 4D 00 33 … (4095 Bytes),225.85938s,Suzuki SLP1,76 44 (2 Bytes)
226.02351s,Suzuki SLP1,36 45 FF FF FF FF FF FF FF FF FF FF FF FF FF FF FF FF FF FF FF FF FF FF FF FF FF FF FF FF … (4095 Bytes),226.02644s,Suzuki SLP1,76 45 (2 Bytes)
226.19352s,Suzuki SLP1,36 46 FF FF FF FF FF FF FF FF FF FF FF FF FF FF FF FF FF FF FF FF FF FF FF FF FF FF FF FF … (4095 Bytes),226.19672s,Suzuki SLP1,76 46 (2 Bytes)
226.19625s,FuncGroup-0x700,3E 80 (2 Bytes),,,
226.36300s,Suzuki SLP1,36 47 FF FF FF FF FF FF FF FF FF FF FF FF FF FF FF FF FF FF FF FF FF FF FF FF FF FF FF FF … (4095 Bytes),226.36625s,Suzuki SLP1,76 47 (2 Bytes)
226.53070s,Suzuki SLP1,36 48 FF FF FF FF FF FF FF FF FF FF FF FF FF FF FF FF FF FF FF FF FF FF FF FF FF FF FF FF … (4095 Bytes),226.53607s,Suzuki SLP1,76 48 (2 Bytes)
226.70002s,Suzuki SLP1,36 49 FF FF FF FF FF FF FF FF FF FF FF FF FF FF FF FF FF FF FF FF FF FF FF FF FF FF FF FF … (4095 Bytes),226.70248s,Suzuki SLP1,76 49 (2 Bytes)
226.86793s,Suzuki SLP1,36 4A FF FF FF FF FF FF FF FF FF FF FF FF FF FF FF FF FF FF FF FF FF FF FF FF FF FF FF FF … (4095 Bytes),226.87039s,Suzuki SLP1,76 4A (2 Bytes)
227.03493s,Suzuki SLP1,36 4B FF FF FF FF FF FF FF FF FF FF FF FF FF FF FF FF FF FF FF FF FF FF FF FF FF FF FF FF … (4095 Bytes),227.04014s,Suzuki SLP1,76 4B (2 Bytes)
227.20445s,Suzuki SLP1,36 4C FF FF FF FF FF FF FF FF FF FF FF FF FF FF FF FF FF FF FF FF FF FF FF FF FF FF FF FF … (4095 Bytes),227.20766s,Suzuki SLP1,76 4C (2 Bytes)
227.37438s,Suzuki SLP1,36 4D FF FF FF FF FF FF FF FF FF FF FF FF FF FF FF FF FF FF FF FF FF FF FF FF FF FF FF FF … (4095 Bytes),227.37684s,Suzuki SLP1,76 4D (2 Bytes)
227.54053s,Suzuki SLP1,36 4E FF FF FF FF FF FF FF FF FF FF FF FF FF FF FF FF FF FF FF FF FF FF FF FF FF FF FF FF … (4095 Bytes),227.54590s,Suzuki SLP1,76 4E (2 Bytes)
227.71028s,Suzuki SLP1,36 4F FF FF FF FF FF FF FF FF FF FF FF FF FF FF FF FF FF FF FF FF FF FF FF FF FF FF FF FF … (4095 Bytes),227.71272s,Suzuki SLP1,76 4F (2 Bytes)
227.87822s,Suzuki SLP1,36 50 FF FF FF FF FF FF FF FF FF FF FF FF FF FF FF FF FF FF FF FF FF FF FF FF FF FF FF FF … (4095 Bytes),227.88068s,Suzuki SLP1,76 50 (2 Bytes)
228.04456s,Suzuki SLP1,36 51 FF FF FF FF FF FF FF FF FF FF FF FF FF FF FF FF FF FF FF FF FF FF FF FF FF FF FF FF … (4095 Bytes),228.04977s,Suzuki SLP1,76 51 (2 Bytes)
228.21450s,Suzuki SLP1,36 52 FF FF FF FF FF FF FF FF FF FF FF FF FF FF FF FF FF FF FF FF FF FF FF FF FF FF FF FF … (4095 Bytes),228.21696s,Suzuki SLP1,76 52 (2 Bytes)
228.38320s,Suzuki SLP1,36 53 FF FF FF FF FF FF FF FF FF FF FF FF FF FF FF FF FF FF FF FF FF FF FF FF FF FF FF FF … (4095 Bytes),228.38615s,Suzuki SLP1,76 53 (2 Bytes)
228.55272s,Suzuki SLP1,36 54 FF FF FF FF FF FF FF FF FF FF FF FF FF FF FF FF FF FF FF FF FF FF FF FF FF FF FF FF … (4095 Bytes),228.55518s,Suzuki SLP1,76 54 (2 Bytes)
228.71912s,Suzuki SLP1,36 55 FF FF FF FF FF FF FF FF FF FF FF FF FF FF FF FF FF FF FF FF FF FF FF FF FF FF FF FF … (4095 Bytes),228.72150s,Suzuki SLP1,76 55 (2 Bytes)
228.88749s,Suzuki SLP1,36 56 FF FF FF FF FF FF FF FF FF FF FF FF FF FF FF FF FF FF FF FF FF FF FF FF FF FF FF FF … (4095 Bytes),228.89045s,Suzuki SLP1,76 56 (2 Bytes)
229.05716s,Suzuki SLP1,36 57 FF FF FF FF FF FF FF FF FF FF FF FF FF FF FF FF FF FF FF FF FF FF FF FF FF FF FF FF … (4095 Bytes),229.05961s,Suzuki SLP1,76 57 (2 Bytes)
229.22387s,Suzuki SLP1,36 58 FF FF FF FF FF FF FF FF FF FF FF FF FF FF FF FF FF FF FF FF FF FF FF FF FF FF FF FF … (4095 Bytes),229.22681s,Suzuki SLP1,76 58 (2 Bytes)
229.39361s,Suzuki SLP1,36 59 FF FF FF FF FF FF FF FF FF FF FF FF FF FF FF FF FF FF FF FF FF FF FF FF FF FF FF FF … (4095 Bytes),229.39657s,Suzuki SLP1,76 59 (2 Bytes)
229.56273s,Suzuki SLP1,36 5A FF FF FF FF FF FF FF FF FF FF FF FF FF FF FF FF FF FF FF FF FF FF FF FF FF FF FF FF … (4095 Bytes),229.56570s,Suzuki SLP1,76 5A (2 Bytes)
229.73001s,Suzuki SLP1,36 5B FF FF FF FF FF FF FF FF FF FF FF FF FF FF FF FF FF FF FF FF FF FF FF FF FF FF FF FF … (4095 Bytes),229.73563s,Suzuki SLP1,76 5B (2 Bytes)
229.89811s,Suzuki SLP1,36 5C FF FF FF FF FF FF FF FF FF FF FF FF FF FF FF FF FF FF FF FF FF FF FF FF FF FF FF FF … (4095 Bytes),229.90106s,Suzuki SLP1,76 5C (2 Bytes)
230.06730s,Suzuki SLP1,36 5D FF FF FF FF FF FF FF FF FF FF FF FF FF FF FF FF FF FF FF FF FF FF FF FF FF FF FF FF … (4095 Bytes),230.06976s,Suzuki SLP1,76 5D (2 Bytes)
230.23447s,Suzuki SLP1,36 5E FF FF FF FF FF FF FF FF FF FF FF FF FF FF FF FF FF FF FF FF FF FF FF FF FF FF FF FF … (4095 Bytes),230.23994s,Suzuki SLP1,76 5E (2 Bytes)
230.23946s,FuncGroup-0x700,3E 80 (2 Bytes),,,
230.40399s,Suzuki SLP1,36 5F FF FF FF FF FF FF FF FF FF FF FF FF FF FF FF FF FF FF FF FF FF FF FF FF FF FF FF FF … (4095 Bytes),230.40693s,Suzuki SLP1,76 5F (2 Bytes)
230.57370s,Suzuki SLP1,36 60 FF FF FF FF FF FF FF FF FF FF FF FF FF FF FF FF FF FF FF FF FF FF FF FF FF FF FF FF … (4095 Bytes),230.57615s,Suzuki SLP1,76 60 (2 Bytes)
230.73986s,Suzuki SLP1,36 61 FF FF FF FF FF FF FF FF FF FF FF FF FF FF FF FF FF FF FF FF FF FF FF FF FF FF FF FF … (4095 Bytes),230.74576s,Suzuki SLP1,76 61 (2 Bytes)
230.91021s,Suzuki SLP1,36 62 FF FF FF FF FF FF FF FF FF FF FF FF FF FF FF FF FF FF FF FF FF FF FF FF FF FF FF FF … (4095 Bytes),230.91272s,Suzuki SLP1,76 62 (2 Bytes)
231.07833s,Suzuki SLP1,36 63 FF FF FF FF FF FF FF FF FF FF FF FF FF FF FF FF FF FF FF FF FF FF FF FF FF FF FF FF … (4095 Bytes),231.08078s,Suzuki SLP1,76 63 (2 Bytes)
231.24480s,Suzuki SLP1,36 64 FF FF FF FF FF FF FF FF FF FF FF FF FF FF FF FF FF FF FF FF FF FF FF FF FF FF FF FF … (4095 Bytes),231.25002s,Suzuki SLP1,76 64 (2 Bytes)
231.41452s,Suzuki SLP1,36 65 FF FF FF FF FF FF FF FF FF FF FF FF FF FF FF FF FF FF FF FF FF FF FF FF FF FF FF FF … (4095 Bytes),231.41698s,Suzuki SLP1,76 65 (2 Bytes)
231.58315s,Suzuki SLP1,36 66 FF FF FF FF FF FF FF FF FF FF FF FF FF FF FF FF FF FF FF FF FF FF FF FF FF FF FF FF … (4095 Bytes),231.58641s,Suzuki SLP1,76 66 (2 Bytes)
231.75323s,Suzuki SLP1,36 67 FF FF FF FF FF FF FF FF FF FF FF FF FF FF FF FF FF FF FF FF FF FF FF FF FF FF FF FF … (4095 Bytes),231.75568s,Suzuki SLP1,76 67 (2 Bytes)
231.91956s,Suzuki SLP1,36 68 FF FF FF FF FF FF FF FF FF FF FF FF FF FF FF FF FF FF FF FF FF FF FF FF FF FF FF FF … (4095 Bytes),231.92226s,Suzuki SLP1,76 68 (2 Bytes)
232.08909s,Suzuki SLP1,36 69 FF FF FF FF FF FF FF FF FF FF FF FF FF FF FF FF FF FF FF FF FF FF FF FF FF FF FF FF … (4095 Bytes),232.09152s,Suzuki SLP1,76 69 (2 Bytes)
232.25846s,Suzuki SLP1,36 6A FF FF FF FF FF FF FF FF FF FF FF FF FF FF FF FF FF FF FF FF FF FF FF FF FF FF FF FF … (4095 Bytes),232.26092s,Suzuki SLP1,76 6A (2 Bytes)
232.42481s,Suzuki SLP1,36 6B FF FF FF FF FF FF FF FF FF FF FF FF FF FF FF FF FF FF FF FF FF FF FF FF FF FF FF FF … (4095 Bytes),232.42792s,Suzuki SLP1,76 6B (2 Bytes)
232.59473s,Suzuki SLP1,36 6C FF FF FF FF FF FF FF FF FF FF FF FF FF FF FF FF FF FF FF FF FF FF FF FF FF FF FF FF … (4095 Bytes),232.59768s,Suzuki SLP1,76 6C (2 Bytes)
232.76404s,Suzuki SLP1,36 6D FF FF FF FF FF FF FF FF FF FF FF FF FF FF FF FF FF FF FF FF FF FF FF FF FF FF FF FF … (4095 Bytes),232.76696s,Suzuki SLP1,76 6D (2 Bytes)
232.93137s,Suzuki SLP1,36 6E FF FF FF FF FF FF FF FF FF FF FF FF FF FF FF FF FF FF FF FF FF FF FF FF FF FF FF FF … (4095 Bytes),232.93674s,Suzuki SLP1,76 6E (2 Bytes)
233.10066s,Suzuki SLP1,36 6F FF FF FF FF FF FF FF FF FF FF FF FF FF FF FF FF FF FF FF FF FF FF FF FF FF FF FF FF … (4095 Bytes),233.10311s,Suzuki SLP1,76 6F (2 Bytes)
233.27023s,Suzuki SLP1,36 70 FF FF FF FF FF FF FF FF FF FF FF FF FF FF FF FF FF FF FF FF FF FF FF FF FF FF FF FF … (4095 Bytes),233.27269s,Suzuki SLP1,76 70 (2 Bytes)
233.43424s,Suzuki SLP1,36 71 FF FF FF FF FF FF FF FF FF FF FF FF FF FF FF FF FF FF FF FF FF FF FF FF FF FF FF FF … (4095 Bytes),233.43946s,Suzuki SLP1,76 71 (2 Bytes)
233.59684s,Suzuki SLP1,36 72 D2 04 34 67 D2 04 34 67 D2 04 34 67 D2 04 34 67 D2 04 34 67 D2 04 34 67 D2 04 34 67 … (4095 Bytes),233.60268s,Suzuki SLP1,76 72 (2 Bytes)
233.75910s,Suzuki SLP1,36 73 01 3C F7 D0 41 EA 06 01 95 F0 00 0F 18 BF 70 47 03 F0 00 46 52 00 43 EB 03 03 13 F4 … (4095 Bytes),233.76543s,Suzuki SLP1,76 73 (2 Bytes)
233.91994s,Suzuki SLP1,36 74 80 32 46 04 F1 8C 01 00 20 8D F8 08 60 8D F8 0A 60 2E 72 03 F0 0F FC D4 F8 8C 20 00 … (4095 Bytes),233.92650s,Suzuki SLP1,76 74 (2 Bytes)
234.08353s,Suzuki SLP1,36 75 02 A9 01 A8 FF F7 94 FE 03 9A 02 A9 01 A8 FF F7 9F FE 72 68 D9 F8 00 30 D2 07 01 D4 … (4095 Bytes),234.08980s,Suzuki SLP1,76 75 (2 Bytes)
234.24454s,Suzuki SLP1,36 76 EB C3 03 31 46 5B 68 98 47 10 4B 18 60 02 23 C9 F8 00 30 02 B0 BD E8 F0 87 53 46 ED … (4095 Bytes),234.25061s,Suzuki SLP1,76 76 (2 Bytes)
234.24953s,FuncGroup-0x700,3E 80 (2 Bytes),,,
234.40557s,Suzuki SLP1,36 77 FF 22 08 21 E5 E7 28 FC 04 34 60 42 05 34 3A 4B 2D E9 F0 43 53 F8 20 70 99 B0 38 4B … (4095 Bytes),234.41131s,Suzuki SLP1,76 77 (2 Bytes)
234.56962s,Suzuki SLP1,36 78 F4 C0 00 03 F0 60 43 63 60 63 68 1A 43 62 60 0A 68 0F 2A 54 D0 2B 04 1C 2A 03 F4 70 … (4095 Bytes),234.57533s,Suzuki SLP1,76 78 (2 Bytes)
234.72959s,Suzuki SLP1,36 79 29 F4 00 29 C3 F8 8C 90 D3 F8 8C 90 29 F4 80 59 49 EA 0B 09 0C BF 83 46 4F F4 00 7B … (4095 Bytes),234.73573s,Suzuki SLP1,76 79 (2 Bytes)
234.88989s,Suzuki SLP1,36 7A 12 02 A9 FF F7 AC FF D5 F8 00 02 10 F0 01 00 07 D0 03 9A 02 A9 01 A8 FF F7 B2 FF 00 … (4095 Bytes),234.89572s,Suzuki SLP1,76 7A (2 Bytes)
235.05297s,Suzuki SLP1,36 7B F8 D1 02 23 85 F8 22 40 85 F8 1A 80 30 46 6B 61 01 23 C5 E9 00 9A 2B 73 BB 78 03 F0 … (4095 Bytes),235.05881s,Suzuki SLP1,76 7B (2 Bytes)
235.21402s,Suzuki SLP1,36 7C 4B 1B 78 6B B1 09 4B 1B 68 53 B1 58 68 F6 F7 B2 FE 07 4B D3 E9 00 23 F6 F7 27 FF F7 … (4095 Bytes),235.21976s,Suzuki SLP1,76 7C (2 Bytes)
235.37731s,Suzuki SLP1,36 7D 04 0C F6 1A 01 F1 80 03 4A 1C 44 46 5A F8 23 30 04 2E 01 46 01 93 33 46 28 BF 04 23 … (4095 Bytes),235.38313s,Suzuki SLP1,76 7D (2 Bytes)
235.53676s,Suzuki SLP1,36 7E B2 34 80 BD E8 F8 40 FF F7 A0 BC 02 46 00 38 10 B5 18 BF 01 20 0C 46 FF F7 9E FF 0F … (4095 Bytes),235.54288s,Suzuki SLP1,76 7E (2 Bytes)
235.69575s,Suzuki SLP1,36 7F 00 00 16 4B F0 B5 1D 68 00 24 AC 42 07 D1 14 4B 00 25 00 20 00 21 1E 68 B5 42 12 D1 … (4095 Bytes),235.70226s,Suzuki SLP1,76 7F (2 Bytes)
235.86603s,Suzuki SLP1,36 80 00 F9 8A 04 34 00 00 00 00 00 00 00 00 00 00 00 00 00 00 00 00 3F CC 03 00 FB FF FF … (4095 Bytes),235.87275s,Suzuki SLP1,76 80 (2 Bytes)
236.03274s,Suzuki SLP1,36 81 00 00 00 00 00 00 00 00 00 00 00 00 00 00 00 00 00 00 00 00 00 00 00 00 00 00 00 00 … (4095 Bytes),236.03851s,Suzuki SLP1,76 81 (2 Bytes)
236.20082s,Suzuki SLP1,36 82 39 E0 06 BB 73 56 EC 0D 99 E2 93 B9 E6 54 79 0F 0C D5 33 8E 46 63 D9 38 AC 69 18 32 … (4095 Bytes),236.20473s,Suzuki SLP1,76 82 (2 Bytes)
236.37169s,Suzuki SLP1,36 83 FF FF FF FF FF FF FF FF FF FF FF FF FF FF FF FF FF FF FF FF FF FF FF FF FF FF FF FF … (4095 Bytes),236.37415s,Suzuki SLP1,76 83 (2 Bytes)
236.53725s,Suzuki SLP1,36 84 FF FF FF FF FF FF FF FF FF FF FF FF FF FF FF FF FF FF FF FF FF FF FF FF FF FF FF FF … (4095 Bytes),236.54336s,Suzuki SLP1,76 84 (2 Bytes)
236.70648s,Suzuki SLP1,36 85 FF FF FF FF FF FF FF FF FF FF FF FF FF FF FF FF FF FF FF FF FF FF FF FF FF FF FF FF … (4095 Bytes),236.70893s,Suzuki SLP1,76 85 (2 Bytes)
236.87575s,Suzuki SLP1,36 86 FF FF FF FF FF FF FF FF FF FF FF FF FF FF FF FF FF FF FF FF FF FF FF FF FF FF FF FF … (4095 Bytes),236.87820s,Suzuki SLP1,76 86 (2 Bytes)
237.04220s,Suzuki SLP1,36 87 FF FF FF FF FF FF FF FF FF FF FF FF FF FF FF FF FF FF FF FF FF FF FF FF FF FF FF FF … (4095 Bytes),237.04742s,Suzuki SLP1,76 87 (2 Bytes)
237.21219s,Suzuki SLP1,36 88 FF FF FF FF FF FF FF FF FF FF FF FF FF FF FF FF FF FF FF FF FF FF FF FF FF FF FF FF … (4095 Bytes),237.21465s,Suzuki SLP1,76 88 (2 Bytes)
237.38098s,Suzuki SLP1,36 89 FF FF FF FF FF FF FF FF FF FF FF FF FF FF FF FF FF FF FF FF FF FF FF FF FF FF FF FF … (4095 Bytes),237.38393s,Suzuki SLP1,76 89 (2 Bytes)
237.54646s,Suzuki SLP1,36 8A FF FF FF FF FF FF FF FF FF FF FF FF FF FF FF FF FF FF FF FF FF FF FF FF FF FF FF FF … (4095 Bytes),237.55307s,Suzuki SLP1,76 8A (2 Bytes)
237.71617s,Suzuki SLP1,36 8B FF FF FF FF FF FF FF FF FF FF FF FF FF FF FF FF FF FF FF FF FF FF FF FF FF FF FF FF … (4095 Bytes),237.71862s,Suzuki SLP1,76 8B (2 Bytes)
237.88496s,Suzuki SLP1,36 8C FF FF FF FF FF FF FF FF FF FF FF FF FF FF FF FF FF FF FF FF FF FF FF FF FF FF FF FF … (4095 Bytes),237.88791s,Suzuki SLP1,76 8C (2 Bytes)
238.05471s,Suzuki SLP1,36 8D FF FF FF FF FF FF FF FF FF FF FF FF FF FF FF FF FF FF FF FF FF FF FF FF FF FF FF FF … (4095 Bytes),238.05717s,Suzuki SLP1,76 8D (2 Bytes)
238.22142s,Suzuki SLP1,36 8E FF FF FF FF FF FF FF FF FF FF FF FF FF FF FF FF FF FF FF FF FF FF FF FF FF FF FF FF … (4095 Bytes),238.22388s,Suzuki SLP1,76 8E (2 Bytes)
238.39078s,Suzuki SLP1,36 8F FF FF FF FF FF FF FF FF FF FF FF FF FF FF FF FF FF FF FF FF FF FF FF FF FF FF FF FF … (4095 Bytes),238.39398s,Suzuki SLP1,76 8F (2 Bytes)
238.39227s,FuncGroup-0x700,3E 80 (2 Bytes),,,
238.55928s,Suzuki SLP1,36 90 FF FF FF FF FF FF FF FF FF FF FF FF FF FF FF FF FF FF FF FF FF FF FF FF FF FF FF FF … (4095 Bytes),238.56249s,Suzuki SLP1,76 90 (2 Bytes)
238.72573s,Suzuki SLP1,36 91 FF FF FF FF FF FF FF FF FF FF FF FF FF FF FF FF FF FF FF FF FF FF FF FF FF FF FF FF … (4095 Bytes),238.72818s,Suzuki SLP1,76 91 (2 Bytes)
238.89499s,Suzuki SLP1,36 92 FF FF FF FF FF FF FF FF FF FF FF FF FF FF FF FF FF FF FF FF FF FF FF FF FF FF FF FF … (4095 Bytes),238.89795s,Suzuki SLP1,76 92 (2 Bytes)
239.06427s,Suzuki SLP1,36 93 FF FF FF FF FF FF FF FF FF FF FF FF FF FF FF FF FF FF FF FF FF FF FF FF FF FF FF FF … (4095 Bytes),239.06720s,Suzuki SLP1,76 93 (2 Bytes)
239.23196s,Suzuki SLP1,36 94 FF FF FF FF FF FF FF FF FF FF FF FF FF FF FF FF FF FF FF FF FF FF FF FF FF FF FF FF … (4095 Bytes),239.23718s,Suzuki SLP1,76 94 (2 Bytes)
239.40125s,Suzuki SLP1,36 95 FF FF FF FF FF FF FF FF FF FF FF FF FF FF FF FF FF FF FF FF FF FF FF FF FF FF FF FF … (4095 Bytes),239.40371s,Suzuki SLP1,76 95 (2 Bytes)
239.57043s,Suzuki SLP1,36 96 FF FF FF FF FF FF FF FF FF FF FF FF FF FF FF FF FF FF FF FF FF FF FF FF FF FF FF FF … (4095 Bytes),239.57288s,Suzuki SLP1,76 96 (2 Bytes)
239.73598s,Suzuki SLP1,36 97 FF FF FF FF FF FF FF FF FF FF FF FF FF FF FF FF FF FF FF FF FF FF FF FF FF FF FF FF … (4095 Bytes),239.74208s,Suzuki SLP1,76 97 (2 Bytes)
239.90520s,Suzuki SLP1,36 98 FF FF FF FF FF FF FF FF FF FF FF FF FF FF FF FF FF FF FF FF FF FF FF FF FF FF FF FF … (4095 Bytes),239.90766s,Suzuki SLP1,76 98 (2 Bytes)
240.07325s,Suzuki SLP1,36 99 FF FF FF FF FF FF FF FF FF FF FF FF FF FF FF FF FF FF FF FF FF FF FF FF FF FF FF FF … (4095 Bytes),240.07614s,Suzuki SLP1,76 99 (2 Bytes)
240.23097s,Suzuki SLP1,36 9A 64 08 34 6D 64 08 34 6D 64 08 34 6D 64 08 34 6D 64 08 34 6D 64 08 34 6D 64 08 34 6D … (4095 Bytes),240.23684s,Suzuki SLP1,76 9A (2 Bytes)
240.39106s,Suzuki SLP1,36 9B 43 68 F3 B1 01 3B 91 6A 1B 04 21 F4 7F 01 03 F4 7F 03 0B 43 43 F0 00 43 93 62 70 47 … (4095 Bytes),240.39693s,Suzuki SLP1,76 9B (2 Bytes)
240.55401s,Suzuki SLP1,36 9C 63 8A 68 12 04 02 F4 E0 22 13 43 4A 68 D2 04 02 F4 60 12 13 43 0A 69 92 05 02 F4 40 … (4095 Bytes),240.55989s,Suzuki SLP1,76 9C (2 Bytes)
240.71477s,Suzuki SLP1,36 9D 03 60 23 68 02 68 1B 06 03 F0 70 63 13 43 03 60 38 BD 00 BF 00 00 FC 1F 08 B5 FF F7 … (4095 Bytes),240.72066s,Suzuki SLP1,76 9D (2 Bytes)
240.87886s,Suzuki SLP1,36 9E 30 03 F0 F7 03 89 F8 02 30 FF F7 8B FD 08 99 30 46 FF F7 2D FF 2C 7D E4 B2 DF E7 40 … (4095 Bytes),240.88466s,Suzuki SLP1,76 9E (2 Bytes)
241.03948s,Suzuki SLP1,36 9F 00 28 F3 D0 01 2C 28 BF 01 24 E0 B2 09 B0 BD E8 F0 8F 01 21 1E 48 4F F0 00 0B 4F F0 … (4095 Bytes),241.04574s,Suzuki SLP1,76 9F (2 Bytes)
241.20464s,Suzuki SLP1,36 A0 33 23 60 38 BD 74 07 00 20 38 07 00 20 06 4B 1A 68 01 3A 1A 60 05 4A 12 68 D2 07 03 … (4095 Bytes),241.21091s,Suzuki SLP1,76 A0 (2 Bytes)
241.37654s,Suzuki SLP1,36 A1 01 01 01 00 04 00 00 00 05 00 00 00 01 00 00 00 B4 71 08 34 01 00 00 00 CC 71 08 34 … (4095 Bytes),241.38273s,Suzuki SLP1,76 A1 (2 Bytes)
241.54560s,Suzuki SLP1,36 A2 00 00 00 00 00 00 00 00 00 00 00 00 00 00 00 00 00 00 00 00 00 00 00 00 00 00 00 00 … (4095 Bytes),241.55140s,Suzuki SLP1,76 A2 (2 Bytes)
241.71540s,Suzuki SLP1,36 A3 00 00 00 00 00 00 00 00 00 00 00 00 00 00 00 00 00 00 00 00 00 00 00 00 00 00 00 00 … (4095 Bytes),241.72071s,Suzuki SLP1,76 A3 (2 Bytes)
241.88670s,Suzuki SLP1,36 A4 FF FF FF FF FF FF FF FF FF FF FF FF FF FF FF FF FF FF FF FF FF FF FF FF FF FF FF FF … (4095 Bytes),241.88965s,Suzuki SLP1,76 A4 (2 Bytes)
242.05632s,Suzuki SLP1,36 A5 FF FF FF FF FF FF FF FF FF FF FF FF FF FF FF FF FF FF FF FF FF FF FF FF FF FF FF FF … (4095 Bytes),242.05878s,Suzuki SLP1,76 A5 (2 Bytes)
242.22304s,Suzuki SLP1,36 A6 FF FF FF FF FF FF FF FF FF FF FF FF FF FF FF FF FF FF FF FF FF FF FF FF FF FF FF FF … (4095 Bytes),242.22595s,Suzuki SLP1,76 A6 (2 Bytes)
242.39273s,Suzuki SLP1,36 A7 FF FF FF FF FF FF FF FF FF FF FF FF FF FF FF FF FF FF FF FF FF FF FF FF FF FF FF FF … (4095 Bytes),242.39593s,Suzuki SLP1,76 A7 (2 Bytes)
242.39545s,FuncGroup-0x700,3E 80 (2 Bytes),,,
242.56224s,Suzuki SLP1,36 A8 FF FF FF FF FF FF FF FF FF FF FF FF FF FF FF FF FF FF FF FF FF FF FF FF FF FF FF FF … (4095 Bytes),242.56469s,Suzuki SLP1,76 A8 (2 Bytes)
242.72912s,Suzuki SLP1,36 A9 FF FF FF FF FF FF FF FF FF FF FF FF FF FF FF FF FF FF FF FF FF FF FF FF FF FF FF FF … (4095 Bytes),242.73152s,Suzuki SLP1,76 A9 (2 Bytes)
242.89806s,Suzuki SLP1,36 AA FF FF FF FF FF FF FF FF FF FF FF FF FF FF FF FF FF FF FF FF FF FF FF FF FF FF FF FF … (4095 Bytes),242.90101s,Suzuki SLP1,76 AA (2 Bytes)
243.06722s,Suzuki SLP1,36 AB FF FF FF FF FF FF FF FF FF FF FF FF FF FF FF FF FF FF FF FF FF FF FF FF FF FF FF FF … (4095 Bytes),243.06967s,Suzuki SLP1,76 AB (2 Bytes)
243.23444s,Suzuki SLP1,36 AC FF FF FF FF FF FF FF FF FF FF FF FF FF FF FF FF FF FF FF FF FF FF FF FF FF FF FF FF … (4095 Bytes),243.23966s,Suzuki SLP1,76 AC (2 Bytes)
243.40366s,Suzuki SLP1,36 AD FF FF FF FF FF FF FF FF FF FF FF FF FF FF FF FF FF FF FF FF FF FF FF FF FF FF FF FF … (4095 Bytes),243.40691s,Suzuki SLP1,76 AD (2 Bytes)
243.57365s,Suzuki SLP1,36 AE FF FF FF FF FF FF FF FF FF FF FF FF FF FF FF FF FF FF FF FF FF FF FF FF FF FF FF FF … (4095 Bytes),243.57610s,Suzuki SLP1,76 AE (2 Bytes)
243.73994s,Suzuki SLP1,36 AF FF FF FF FF FF FF FF FF FF FF FF FF FF FF FF FF FF FF FF FF FF FF FF FF FF FF FF FF … (4095 Bytes),243.74531s,Suzuki SLP1,76 AF (2 Bytes)
243.90969s,Suzuki SLP1,36 B0 FF FF FF FF FF FF FF FF FF FF FF FF FF FF FF FF FF FF FF FF FF FF FF FF FF FF FF FF … (4095 Bytes),243.91272s,Suzuki SLP1,76 B0 (2 Bytes)
244.07830s,Suzuki SLP1,36 B1 FF FF FF FF FF FF FF FF FF FF FF FF FF FF FF FF FF FF FF FF FF FF FF FF FF FF FF FF … (4095 Bytes),244.08076s,Suzuki SLP1,76 B1 (2 Bytes)
244.24470s,Suzuki SLP1,36 B2 FF FF FF FF FF FF FF FF FF FF FF FF FF FF FF FF FF FF FF FF FF FF FF FF FF FF FF FF … (4095 Bytes),244.24992s,Suzuki SLP1,76 B2 (2 Bytes)
244.41445s,Suzuki SLP1,36 B3 FF FF FF FF FF FF FF FF FF FF FF FF FF FF FF FF FF FF FF FF FF FF FF FF FF FF FF FF … (4095 Bytes),244.41690s,Suzuki SLP1,76 B3 (2 Bytes)
244.58328s,Suzuki SLP1,36 B4 FF FF FF FF FF FF FF FF FF FF FF FF FF FF FF FF FF FF FF FF FF FF FF FF FF FF FF FF … (4095 Bytes),244.58624s,Suzuki SLP1,76 B4 (2 Bytes)
244.75298s,Suzuki SLP1,36 B5 FF FF FF FF FF FF FF FF FF FF FF FF FF FF FF FF FF FF FF FF FF FF FF FF FF FF FF FF … (4095 Bytes),244.75544s,Suzuki SLP1,76 B5 (2 Bytes)
244.91925s,Suzuki SLP1,36 B6 FF FF FF FF FF FF FF FF FF FF FF FF FF FF FF FF FF FF FF FF FF FF FF FF FF FF FF FF … (4095 Bytes),244.92215s,Suzuki SLP1,76 B6 (2 Bytes)
245.08898s,Suzuki SLP1,36 B7 FF FF FF FF FF FF FF FF FF FF FF FF FF FF FF FF FF FF FF FF FF FF FF FF FF FF FF FF … (4095 Bytes),245.09141s,Suzuki SLP1,76 B7 (2 Bytes)
245.25821s,Suzuki SLP1,36 B8 FF FF FF FF FF FF FF FF FF FF FF FF FF FF FF FF FF FF FF FF FF FF FF FF FF FF FF FF … (4095 Bytes),245.26067s,Suzuki SLP1,76 B8 (2 Bytes)
245.42440s,Suzuki SLP1,36 B9 FF FF FF FF FF FF FF FF FF FF FF FF FF FF FF FF FF FF FF FF FF FF FF FF FF FF FF FF … (4095 Bytes),245.42733s,Suzuki SLP1,76 B9 (2 Bytes)
245.59403s,Suzuki SLP1,36 BA FF FF FF FF FF FF FF FF FF FF FF FF FF FF FF FF FF FF FF FF FF FF FF FF FF FF FF FF … (4095 Bytes),245.59699s,Suzuki SLP1,76 BA (2 Bytes)
245.76348s,Suzuki SLP1,36 BB FF FF FF FF FF FF FF FF FF FF FF FF FF FF FF FF FF FF FF FF FF FF FF FF FF FF FF FF … (4095 Bytes),245.76640s,Suzuki SLP1,76 BB (2 Bytes)
245.93085s,Suzuki SLP1,36 BC FF FF FF FF FF FF FF FF FF FF FF FF FF FF FF FF FF FF FF FF FF FF FF FF FF FF FF FF … (4095 Bytes),245.93622s,Suzuki SLP1,76 BC (2 Bytes)
246.10017s,Suzuki SLP1,36 BD FF FF FF FF FF FF FF FF FF FF FF FF FF FF FF FF FF FF FF FF FF FF FF FF FF FF FF FF … (4095 Bytes),246.10263s,Suzuki SLP1,76 BD (2 Bytes)
246.26975s,Suzuki SLP1,36 BE FF FF FF FF FF FF FF FF FF FF FF FF FF FF FF FF FF FF FF FF FF FF FF FF FF FF FF FF … (4095 Bytes),246.27277s,Suzuki SLP1,76 BE (2 Bytes)
246.43603s,Suzuki SLP1,36 BF FF FF FF FF FF FF FF FF FF FF FF FF FF FF FF FF FF FF FF FF FF FF FF FF FF FF FF FF … (4095 Bytes),246.44223s,Suzuki SLP1,76 BF (2 Bytes)
246.44102s,FuncGroup-0x700,3E 80 (2 Bytes),,,
246.60548s,Suzuki SLP1,36 C0 FF FF FF FF FF FF FF FF FF FF FF FF FF FF FF FF FF FF FF FF FF FF FF FF FF FF FF FF … (4095 Bytes),246.60793s,Suzuki SLP1,76 C0 (2 Bytes)
246.77474s,Suzuki SLP1,36 C1 FF FF FF FF FF FF FF FF FF FF FF FF FF FF FF FF FF FF FF FF FF FF FF FF FF FF FF FF … (4095 Bytes),246.77720s,Suzuki SLP1,76 C1 (2 Bytes)
246.94109s,Suzuki SLP1,36 C2 FF FF FF FF FF FF FF FF FF FF FF FF FF FF FF FF FF FF FF FF FF FF FF FF FF FF FF FF … (4095 Bytes),246.94646s,Suzuki SLP1,76 C2 (2 Bytes)
247.11075s,Suzuki SLP1,36 C3 FF FF FF FF FF FF FF FF FF FF FF FF FF FF FF FF FF FF FF FF FF FF FF FF FF FF FF FF … (4095 Bytes),247.11321s,Suzuki SLP1,76 C3 (2 Bytes)
247.27978s,Suzuki SLP1,36 C4 FF FF FF FF FF FF FF FF FF FF FF FF FF FF FF FF FF FF FF FF FF FF FF FF FF FF FF FF … (4095 Bytes),247.28272s,Suzuki SLP1,76 C4 (2 Bytes)
247.44544s,Suzuki SLP1,36 C5 FF FF FF FF FF FF FF FF FF FF FF FF FF FF FF FF FF FF FF FF FF FF FF FF FF FF FF FF … (4095 Bytes),247.45065s,Suzuki SLP1,76 C5 (2 Bytes)
247.61491s,Suzuki SLP1,36 C6 FF FF FF FF FF FF FF FF FF FF FF FF FF FF FF FF FF FF FF FF FF FF FF FF FF FF FF FF … (4095 Bytes),247.61737s,Suzuki SLP1,76 C6 (2 Bytes)
247.78378s,Suzuki SLP1,36 C7 FF FF FF FF FF FF FF FF FF FF FF FF FF FF FF FF FF FF FF FF FF FF FF FF FF FF FF FF … (4095 Bytes),247.78701s,Suzuki SLP1,76 C7 (2 Bytes)
247.95389s,Suzuki SLP1,36 C8 FF FF FF FF FF FF FF FF FF FF FF FF FF FF FF FF FF FF FF FF FF FF FF FF FF FF FF FF … (4095 Bytes),247.95635s,Suzuki SLP1,76 C8 (2 Bytes)
248.12021s,Suzuki SLP1,36 C9 FF FF FF FF FF FF FF FF FF FF FF FF FF FF FF FF FF FF FF FF FF FF FF FF FF FF FF FF … (4095 Bytes),248.12266s,Suzuki SLP1,76 C9 (2 Bytes)
248.28975s,Suzuki SLP1,36 CA FF FF FF FF FF FF FF FF FF FF FF FF FF FF FF FF FF FF FF FF FF FF FF FF FF FF FF FF … (4095 Bytes),248.29269s,Suzuki SLP1,76 CA (2 Bytes)
248.45829s,Suzuki SLP1,36 CB FF FF FF FF FF FF FF FF FF FF FF FF FF FF FF FF FF FF FF FF FF FF FF FF FF FF FF FF … (4095 Bytes),248.46074s,Suzuki SLP1,76 CB (2 Bytes)
248.62458s,Suzuki SLP1,36 CC FF FF FF FF FF FF FF FF FF FF FF FF FF FF FF FF FF FF FF FF FF FF FF FF FF FF FF FF … (4095 Bytes),248.62764s,Suzuki SLP1,76 CC (2 Bytes)
248.79435s,Suzuki SLP1,36 CD FF FF FF FF FF FF FF FF FF FF FF FF FF FF FF FF FF FF FF FF FF FF FF FF FF FF FF FF … (4095 Bytes),248.79730s,Suzuki SLP1,76 CD (2 Bytes)
248.96368s,Suzuki SLP1,36 CE FF FF FF FF FF FF FF FF FF FF FF FF FF FF FF FF FF FF FF FF FF FF FF FF FF FF FF FF … (4095 Bytes),248.96657s,Suzuki SLP1,76 CE (2 Bytes)
249.13097s,Suzuki SLP1,36 CF FF FF FF FF FF FF FF FF FF FF FF FF FF FF FF FF FF FF FF FF FF FF FF FF FF FF FF FF … (4095 Bytes),249.13659s,Suzuki SLP1,76 CF (2 Bytes)
249.30057s,Suzuki SLP1,36 D0 FF FF FF FF FF FF FF FF FF FF FF FF FF FF FF FF FF FF FF FF FF FF FF FF FF FF FF FF … (4095 Bytes),249.30303s,Suzuki SLP1,76 D0 (2 Bytes)
249.46962s,Suzuki SLP1,36 D1 FF FF FF FF FF FF FF FF FF FF FF FF FF FF FF FF FF FF FF FF FF FF FF FF FF FF FF FF … (4095 Bytes),249.47270s,Suzuki SLP1,76 D1 (2 Bytes)
249.63594s,Suzuki SLP1,36 D2 FF FF FF FF FF FF FF FF FF FF FF FF FF FF FF FF FF FF FF FF FF FF FF FF FF FF FF FF … (4095 Bytes),249.64116s,Suzuki SLP1,76 D2 (2 Bytes)
249.80497s,Suzuki SLP1,36 D3 FF FF FF FF FF FF FF FF FF FF FF FF FF FF FF FF FF FF FF FF FF FF FF FF FF FF FF FF … (4095 Bytes),249.80743s,Suzuki SLP1,76 D3 (2 Bytes)
249.97429s,Suzuki SLP1,36 D4 FF FF FF FF FF FF FF FF FF FF FF FF FF FF FF FF FF FF FF FF FF FF FF FF FF FF FF FF … (4095 Bytes),249.97674s,Suzuki SLP1,76 D4 (2 Bytes)
250.14058s,Suzuki SLP1,36 D5 FF FF FF FF FF FF FF FF FF FF FF FF FF FF FF FF FF FF FF FF FF FF FF FF FF FF FF FF … (4095 Bytes),250.14621s,Suzuki SLP1,76 D5 (2 Bytes)
250.31054s,Suzuki SLP1,36 D6 FF FF FF FF FF FF FF FF FF FF FF FF FF FF FF FF FF FF FF FF FF FF FF FF FF FF FF FF … (4095 Bytes),250.31298s,Suzuki SLP1,76 D6 (2 Bytes)
250.47851s,Suzuki SLP1,36 D7 FF FF FF FF FF FF FF FF FF FF FF FF FF FF FF FF FF FF FF FF FF FF FF FF FF FF FF FF … (4095 Bytes),250.48121s,Suzuki SLP1,76 D7 (2 Bytes)
250.48074s,FuncGroup-0x700,3E 80 (2 Bytes),,,
250.64493s,Suzuki SLP1,36 D8 FF FF FF FF FF FF FF FF FF FF FF FF FF FF FF FF FF FF FF FF FF FF FF FF FF FF FF FF … (4095 Bytes),250.65015s,Suzuki SLP1,76 D8 (2 Bytes)
250.81392s,Suzuki SLP1,36 D9 FF FF FF FF FF FF FF FF FF FF FF FF FF FF FF FF FF FF FF FF FF FF FF FF FF FF FF FF … (4095 Bytes),250.81669s,Suzuki SLP1,76 D9 (2 Bytes)
250.97477s,Suzuki SLP1,36 DA 7D 05 34 53 7D 05 34 53 7D 05 34 53 7D 05 34 53 7D 05 34 53 7D 05 34 53 7D 05 34 53 … (4095 Bytes),250.98060s,Suzuki SLP1,76 DA (2 Bytes)
251.13466s,Suzuki SLP1,36 DB 02 2A 03 D1 93 F8 70 20 01 2A 0B D0 93 F8 F0 20 03 2A 17 D1 93 F8 B0 20 01 2A 03 D0 … (4095 Bytes),251.14053s,Suzuki SLP1,76 DB (2 Bytes)
251.29454s,Suzuki SLP1,36 DC EA 03 05 00 2A 7F F4 5A AF 02 9F 63 E7 58 89 05 34 7C CA 05 34 7C BA 05 34 00 F0 FF … (4095 Bytes),251.30036s,Suzuki SLP1,76 DC (2 Bytes)
251.45741s,Suzuki SLP1,36 DD 2B 78 4B B9 6B 69 00 2B 40 F0 85 80 01 23 20 22 4C 49 4D 48 FF F7 17 F8 07 9B 1C 35 … (4095 Bytes),251.46331s,Suzuki SLP1,76 DD (2 Bytes)
251.61721s,Suzuki SLP1,36 DE 9B 06 46 23 B9 40 F0 10 06 30 46 04 B0 70 BD 02 A9 20 46 FF F7 97 FC 02 9B 05 F0 1F … (4095 Bytes),251.62304s,Suzuki SLP1,76 DE (2 Bytes)
251.77986s,Suzuki SLP1,36 DF 17 46 BD F8 48 B0 02 93 11 9B BD F8 4C A0 03 93 14 9B 01 91 04 93 15 9B 05 93 FF F7 … (4095 Bytes),251.78614s,Suzuki SLP1,76 DF (2 Bytes)
251.94097s,Suzuki SLP1,36 E0 F0 DD F8 FF 21 6C 20 00 F0 F5 F8 09 49 6C 20 00 F0 04 F9 08 4A 4F F0 FF 31 00 20 BD … (4095 Bytes),251.94718s,Suzuki SLP1,76 E0 (2 Bytes)
252.10103s,Suzuki SLP1,36 E1 8B 42 08 D9 00 2D 00 F0 AF 80 00 21 C5 E9 00 06 08 46 BD E8 F0 87 B3 FA 83 F1 00 29 … (4095 Bytes),252.10743s,Suzuki SLP1,76 E1 (2 Bytes)
252.26497s,Suzuki SLP1,36 E2 F7 0A FA 05 46 00 28 F2 D0 31 46 22 46 FF F7 D3 F8 31 46 38 46 FF F7 8D FF E9 E7 35 … (4095 Bytes),252.27077s,Suzuki SLP1,76 E2 (2 Bytes)
252.42545s,Suzuki SLP1,36 E3 80 32 C8 F8 00 20 94 F8 20 20 C3 F8 C8 20 94 F8 21 20 00 2A 00 F0 81 80 D3 F8 D4 23 … (4095 Bytes),252.43125s,Suzuki SLP1,76 E3 (2 Bytes)
252.58979s,Suzuki SLP1,36 E4 F8 16 50 01 F0 DB FE 10 9B 42 46 02 A9 00 96 02 F0 42 FA 30 46 07 B0 BD E8 F0 8F 04 … (4095 Bytes),252.59563s,Suzuki SLP1,76 E4 (2 Bytes)
252.75285s,Suzuki SLP1,36 E5 5F 29 23 D8 D6 F8 00 80 B8 F1 00 0F 15 DA 30 46 00 F0 40 FF 04 46 33 68 DB 01 10 D4 … (4095 Bytes),252.75865s,Suzuki SLP1,76 E5 (2 Bytes)
252.91340s,Suzuki SLP1,36 E6 46 28 46 43 F0 00 73 23 60 02 F0 BA FF 01 90 22 68 12 F0 00 72 0C D1 23 68 20 46 43 … (4095 Bytes),252.91921s,Suzuki SLP1,76 E6 (2 Bytes)
253.07588s,Suzuki SLP1,36 E7 13 68 43 F0 03 03 13 60 F0 BD 55 F8 04 6B 01 32 71 68 41 F0 01 01 71 60 E9 E7 53 F8 … (4095 Bytes),253.08273s,Suzuki SLP1,76 E7 (2 Bytes)
253.23823s,Suzuki SLP1,36 E8 6E 42 EA C1 41 05 48 20 40 18 66 18 6E 01 43 00 20 19 66 10 BD 04 20 FC E7 28 8B 05 … (4095 Bytes),253.24397s,Suzuki SLP1,76 E8 (2 Bytes)
253.39941s,Suzuki SLP1,36 E9 0E D1 01 21 01 FA 03 F3 05 99 01 3B 93 40 01 FA 02 F2 82 EA 04 01 0B 40 63 40 B5 42 … (4095 Bytes),253.40556s,Suzuki SLP1,76 E9 (2 Bytes)
253.56304s,Suzuki SLP1,36 EA 21 7A 01 94 F8 32 10 02 F4 7F 42 01 F0 1F 01 0A 43 21 8F 1A 61 4A 01 94 F8 33 00 02 … (4095 Bytes),253.56931s,Suzuki SLP1,76 EA (2 Bytes)
253.72435s,Suzuki SLP1,36 EB 6B 87 AB 87 FF F7 6A FB 06 46 44 F2 06 71 20 46 FF F7 FD FA 46 F4 8E 41 20 46 00 26 … (4095 Bytes),253.73092s,Suzuki SLP1,76 EB (2 Bytes)
253.89020s,Suzuki SLP1,36 EC 20 3A B9 EF F3 10 82 D1 07 00 D4 72 B6 05 49 41 F8 20 20 53 F8 20 20 01 32 43 F8 20 … (4095 Bytes),253.89602s,Suzuki SLP1,76 EC (2 Bytes)
254.05414s,Suzuki SLP1,36 ED 29 F9 09 4B 53 F8 20 20 3A B9 EF F3 10 82 D1 07 00 D4 72 B6 05 49 41 F8 20 20 53 F8 … (4095 Bytes),254.06000s,Suzuki SLP1,76 ED (2 Bytes)
254.21619s,Suzuki SLP1,36 EE 19 07 34 08 B5 F2 F7 27 F9 09 4B 53 F8 20 20 3A B9 EF F3 10 82 D1 07 00 D4 72 B6 05 … (4095 Bytes),254.22230s,Suzuki SLP1,76 EE (2 Bytes)
254.38032s,Suzuki SLP1,36 EF 00 BF 20 23 07 34 84 25 07 34 08 B5 F1 F7 25 F9 09 4B 53 F8 20 20 3A B9 EF F3 10 82 … (4095 Bytes),254.38688s,Suzuki SLP1,76 EF (2 Bytes)
254.54189s,Suzuki SLP1,36 F0 30 03 B9 62 B6 08 BD 00 BF 68 26 07 34 8C 26 07 34 08 B5 F0 F7 23 F9 09 4B 53 F8 20 … (4095 Bytes),254.54804s,Suzuki SLP1,76 F0 (2 Bytes)
254.54704s,FuncGroup-0x700,3E 80 (2 Bytes),,,
254.70596s,Suzuki SLP1,36 F1 D2 07 03 D4 53 F8 20 30 03 B9 62 B6 08 BD 00 BF 2C 29 07 34 30 28 07 34 00 23 30 B5 … (4095 Bytes),254.71265s,Suzuki SLP1,76 F1 (2 Bytes)
254.87691s,Suzuki SLP1,36 F2 00 00 00 00 00 00 00 00 00 00 00 00 00 00 00 00 00 00 00 00 00 00 00 00 00 00 00 F4 … (4095 Bytes),254.88272s,Suzuki SLP1,76 F2 (2 Bytes)
255.04566s,Suzuki SLP1,36 F3 00 00 00 00 00 00 00 00 00 00 00 00 00 00 00 00 00 00 00 00 00 00 00 00 00 00 00 00 … (4095 Bytes),255.05266s,Suzuki SLP1,76 F3 (2 Bytes)
255.21628s,Suzuki SLP1,36 F4 00 00 00 00 00 00 00 00 00 00 00 00 00 00 00 00 00 00 00 00 00 00 00 00 00 00 00 00 … (4095 Bytes),255.22218s,Suzuki SLP1,76 F4 (2 Bytes)
255.38909s,Suzuki SLP1,36 F5 00 00 00 00 00 00 00 00 00 00 00 00 00 00 00 00 00 00 00 00 00 00 00 00 00 00 00 00 … (4095 Bytes),255.39485s,Suzuki SLP1,76 F5 (2 Bytes)
255.56049s,Suzuki SLP1,36 F6 00 00 00 00 00 00 00 00 00 00 00 00 00 00 00 00 00 00 00 00 00 00 00 00 00 00 00 00 … (4095 Bytes),255.56666s,Suzuki SLP1,76 F6 (2 Bytes)
255.73131s,Suzuki SLP1,36 F7 00 00 00 00 00 00 00 00 00 00 00 00 00 00 00 00 00 00 00 00 00 00 00 00 00 00 00 00 … (4095 Bytes),255.73714s,Suzuki SLP1,76 F7 (2 Bytes)
255.90105s,Suzuki SLP1,36 F8 00 00 00 00 00 00 00 00 00 00 00 00 00 00 00 00 00 00 00 00 00 00 00 00 00 00 00 00 … (4095 Bytes),255.90732s,Suzuki SLP1,76 F8 (2 Bytes)
256.07415s,Suzuki SLP1,36 F9 00 00 00 00 00 00 00 00 00 00 00 00 00 00 00 00 00 00 00 00 00 00 00 00 00 00 00 00 … (4095 Bytes),256.07994s,Suzuki SLP1,76 F9 (2 Bytes)
256.24425s,Suzuki SLP1,36 FA 00 00 00 00 00 00 00 00 00 00 00 00 00 00 00 00 00 00 00 00 00 00 00 00 00 00 00 00 … (4095 Bytes),256.25086s,Suzuki SLP1,76 FA (2 Bytes)
256.41548s,Suzuki SLP1,36 FB 00 00 00 00 00 00 00 00 00 00 00 00 00 00 00 00 00 00 00 00 00 00 00 00 00 00 00 00 … (4095 Bytes),256.42124s,Suzuki SLP1,76 FB (2 Bytes)
256.58738s,Suzuki SLP1,36 FC 00 00 00 00 00 00 00 00 00 00 00 00 00 00 00 00 00 00 00 00 00 00 00 00 00 00 00 00 … (4095 Bytes),256.59312s,Suzuki SLP1,76 FC (2 Bytes)
256.75879s,Suzuki SLP1,36 FD 00 00 00 00 00 00 00 00 00 00 00 00 00 00 00 00 00 00 00 00 00 00 00 00 00 00 00 00 … (4095 Bytes),256.76450s,Suzuki SLP1,76 FD (2 Bytes)
256.92903s,Suzuki SLP1,36 FE 00 00 00 00 00 00 00 00 00 00 00 00 00 00 00 00 00 00 00 00 00 00 00 00 00 00 00 00 … (4095 Bytes),256.93556s,Suzuki SLP1,76 FE (2 Bytes)
257.09956s,Suzuki SLP1,36 FF 00 00 00 00 00 00 00 00 00 00 00 00 00 00 00 00 00 00 00 00 00 00 00 00 00 00 00 00 … (4095 Bytes),257.10575s,Suzuki SLP1,76 FF (2 Bytes)
257.27286s,Suzuki SLP1,36 00 00 00 00 00 00 00 00 00 00 00 00 00 00 00 00 00 00 00 00 00 00 00 00 00 00 00 00 00 … (4095 Bytes),257.27561s,Suzuki SLP1,76 00 (2 Bytes)
257.43969s,Suzuki SLP1,36 01 FF FF FF FF FF FF FF FF FF FF FF FF FF FF FF FF FF FF FF FF FF FF FF FF FF FF FF FF … (4095 Bytes),257.44536s,Suzuki SLP1,76 01 (2 Bytes)
257.60998s,Suzuki SLP1,36 02 FF FF FF FF FF FF FF FF FF FF FF FF FF FF FF FF FF FF FF FF FF FF FF FF FF FF FF FF … (4095 Bytes),257.61251s,Suzuki SLP1,76 02 (2 Bytes)
257.77802s,Suzuki SLP1,36 03 FF FF FF FF FF FF FF FF FF FF FF FF FF FF FF FF FF FF FF FF FF FF FF FF FF FF FF FF … (4095 Bytes),257.78047s,Suzuki SLP1,76 03 (2 Bytes)
257.94410s,Suzuki SLP1,36 04 FF FF FF FF FF FF FF FF FF FF FF FF FF FF FF FF FF FF FF FF FF FF FF FF FF FF FF FF … (4095 Bytes),257.94947s,Suzuki SLP1,76 04 (2 Bytes)
258.11387s,Suzuki SLP1,36 05 FF FF FF FF FF FF FF FF FF FF FF FF FF FF FF FF FF FF FF FF FF FF FF FF FF FF FF FF … (4095 Bytes),258.11632s,Suzuki SLP1,76 05 (2 Bytes)
258.28287s,Suzuki SLP1,36 06 FF FF FF FF FF FF FF FF FF FF FF FF FF FF FF FF FF FF FF FF FF FF FF FF FF FF FF FF … (4095 Bytes),258.28614s,Suzuki SLP1,76 06 (2 Bytes)
258.45296s,Suzuki SLP1,36 07 FF FF FF FF FF FF FF FF FF FF FF FF FF FF FF FF FF FF FF FF FF FF FF FF FF FF FF FF … (4095 Bytes),258.45542s,Suzuki SLP1,76 07 (2 Bytes)
258.61943s,Suzuki SLP1,36 08 FF FF FF FF FF FF FF FF FF FF FF FF FF FF FF FF FF FF FF FF FF FF FF FF FF FF FF FF … (4095 Bytes),258.62218s,Suzuki SLP1,76 08 (2 Bytes)
258.62091s,FuncGroup-0x700,3E 80 (2 Bytes),,,
258.78850s,Suzuki SLP1,36 09 FF FF FF FF FF FF FF FF FF FF FF FF FF FF FF FF FF FF FF FF FF FF FF FF FF FF FF FF … (4095 Bytes),258.79112s,Suzuki SLP1,76 09 (2 Bytes)
258.94444s,Suzuki SLP1,36 0A 1B 0C 44 84 14 24 84 1C 0C E0 08 00 32 22 89 40 33 20 32 62 89 1D F0 38 02 58 31 49 … (4095 Bytes),258.95090s,Suzuki SLP1,76 0A (2 Bytes)
259.10512s,Suzuki SLP1,36 0B 40 48 42 23 81 16 E4 0C 1D F0 00 C0 20 00 32 62 81 C0 20 00 32 62 82 C0 20 00 32 62 … (4095 Bytes),259.11087s,Suzuki SLP1,76 0B (2 Bytes)
259.26842s,Suzuki SLP1,36 0C C1 18 84 14 24 84 7C BC E0 08 00 9C 7A 0C 4A 0C BB 0C 4C 0C 0D E2 A3 39 84 15 24 84 … (4095 Bytes),259.27421s,Suzuki SLP1,76 0C (2 Bytes)
259.42813s,Suzuki SLP1,36 0D 08 00 2D 0A 5A A6 84 14 24 84 C4 F4 E0 08 00 EF 64 45 64 AD 71 30 06 28 FA 36 AD 03 … (4095 Bytes),259.43549s,Suzuki SLP1,76 0D (2 Bytes)
259.58898s,Suzuki SLP1,36 0E F2 A0 FF 0C FA 0C 1B 5C 6C 2E FF 12 EF 0C 12 40 5A 70 40 69 6D 0C 0D E2 A3 7B 46 06 … (4095 Bytes),259.59486s,Suzuki SLP1,76 0E (2 Bytes)
259.74613s,Suzuki SLP1,36 0F 67 10 22 67 11 22 67 12 22 67 13 22 47 50 84 17 24 84 F4 61 E0 08 00 32 D7 02 68 97 … (4095 Bytes),259.75279s,Suzuki SLP1,76 0F (2 Bytes)
259.90568s,Suzuki SLP1,36 10 D1 01 20 2A 20 10 26 3B 70 06 D6 0C 1A 70 1C F6 B2 A0 62 1B 44 84 16 24 84 00 E3 E0 … (4095 Bytes),259.91276s,Suzuki SLP1,76 10 (2 Bytes)
260.07279s,Suzuki SLP1,36 11 00 42 11 0E 3D 0A 3C 0F E2 A9 93 0C 6A 0C 1B 8F 54 10 3F 5A 68 5A 57 40 48 41 4F 70 … (4095 Bytes),260.07717s,Suzuki SLP1,76 11 (2 Bytes)
260.24110s,Suzuki SLP1,36 12 FF FF FF FF FF FF FF FF FF FF FF FF FF FF FF FF FF FF FF FF FF FF FF FF FF FF FF FF … (4095 Bytes),260.24632s,Suzuki SLP1,76 12 (2 Bytes)
260.40509s,Suzuki SLP1,36 13 AA 20 06 F8 FF 00 16 E4 04 48 04 40 62 13 86 11 00 24 44 44 24 11 44 34 14 24 34 04 … (4095 Bytes),260.41082s,Suzuki SLP1,76 13 (2 Bytes)
260.56640s,Suzuki SLP1,36 14 81 99 E6 C0 19 5D 0A 00 20 67 6D AF 11 5D A0 60 76 1E 51 FB EE CC 2B 81 24 2D 60 39 … (4095 Bytes),260.57261s,Suzuki SLP1,76 14 (2 Bytes)
260.72456s,Suzuki SLP1,36 15 00 A3 A1 B9 AE 21 04 A4 38 00 C4 04 03 A3 A1 B9 8E 21 05 A4 00 04 C8 04 04 A3 A1 B9 … (4095 Bytes),260.73055s,Suzuki SLP1,76 15 (2 Bytes)
260.88604s,Suzuki SLP1,36 16 F8 F2 31 5E 35 AD 89 42 2E 81 2C 04 F8 F2 31 EE 07 C9 CD 43 09 C0 A4 0C 53 A1 B9 0E … (4095 Bytes),260.89271s,Suzuki SLP1,76 16 (2 Bytes)
261.04456s,Suzuki SLP1,36 17 52 EF C2 91 8F 3D 52 2F D2 91 0F 35 52 EF E2 91 2E 37 52 2F F2 91 8E 3B 52 EF 32 15 … (4095 Bytes),261.05093s,Suzuki SLP1,76 17 (2 Bytes)
261.20522s,Suzuki SLP1,36 18 32 70 20 69 69 3E 20 9E C4 10 04 41 82 70 28 69 6D 2F 20 C1 04 60 28 8F 82 04 A0 59 … (4095 Bytes),261.21103s,Suzuki SLP1,76 18 (2 Bytes)
261.36828s,Suzuki SLP1,36 19 1A 82 7B 91 FA B8 4E 15 90 86 12 0E 7D 5A 30 E8 69 6D 2F 11 DF 2C 28 4B 00 98 F8 50 … (4095 Bytes),261.37411s,Suzuki SLP1,76 19 (2 Bytes)
261.52652s,Suzuki SLP1,36 1A D0 58 73 32 CF FD EF 02 05 24 E1 75 EF D2 0D 2E E1 75 EE 02 05 11 49 AE 08 80 FA 56 … (4095 Bytes),261.53567s,Suzuki SLP1,76 1A (2 Bytes)
261.68896s,Suzuki SLP1,36 1B AD 07 1E 02 95 83 42 61 02 62 04 72 B4 31 7E E1 13 4F 04 02 5D 5A 40 20 67 6D 1E C1 … (4095 Bytes),261.69483s,Suzuki SLP1,76 1B (2 Bytes)
261.85127s,Suzuki SLP1,36 1C E9 4B 0F DF A4 99 F0 4A 4F E0 B4 99 DE 4B AF 81 5F 27 28 53 0F 06 92 27 B0 51 3E 15 … (4095 Bytes),261.85707s,Suzuki SLP1,76 1C (2 Bytes)
262.01086s,Suzuki SLP1,36 1D 3E 15 13 6F 0D 10 67 5A 40 E0 69 6D 3E 15 13 6F 0C 10 6B 5A 40 E0 69 6D 5E 81 52 E7 … (4095 Bytes),262.01674s,Suzuki SLP1,76 1D (2 Bytes)
262.17311s,Suzuki SLP1,36 1E 2C 01 20 04 F8 74 31 5E 35 29 81 C2 22 01 24 04 F8 74 31 5E 35 39 CC 02 20 01 28 04 … (4095 Bytes),262.17895s,Suzuki SLP1,76 1E (2 Bytes)
262.33199s,Suzuki SLP1,36 1F 5F 6D 2E 31 11 81 6D 0E 4D 4E 50 60 60 6F 4E 21 11 03 6E 02 55 12 50 60 60 6F 8E 11 … (4095 Bytes),262.33779s,Suzuki SLP1,76 1F (2 Bytes)
262.49109s,Suzuki SLP1,36 20 4F 15 CA FA E5 7B 3D F0 3D F0 76 8D BF 8E F4 A2 D2 42 2C 80 83 04 74 E8 31 8E EA 6E … (4095 Bytes),262.49688s,Suzuki SLP1,76 20 (2 Bytes)
262.65347s,Suzuki SLP1,36 21 01 69 06 40 68 67 6D C0 F0 14 94 00 01 76 9F 5F 10 83 66 8F 53 80 C3 5C 30 5E 35 6B … (4095 Bytes),262.65921s,Suzuki SLP1,76 21 (2 Bytes)
262.65570s,FuncGroup-0x700,3E 80 (2 Bytes),,,
262.81519s,Suzuki SLP1,36 22 11 0B 72 00 41 12 40 68 68 6F 34 30 D5 52 03 10 8C 45 47 22 05 1D F0 00 67 A2 F9 30 … (4095 Bytes),262.82100s,Suzuki SLP1,76 22 (2 Bytes)
262.98746s,Suzuki SLP1,36 23 00 00 00 00 00 00 00 00 00 00 00 00 00 00 00 00 00 00 00 00 00 00 00 00 00 00 00 00 … (4095 Bytes),262.99329s,Suzuki SLP1,76 23 (2 Bytes)
263.15911s,Suzuki SLP1,36 24 00 00 00 00 00 00 00 00 00 00 00 00 00 00 00 00 00 00 00 00 00 00 00 00 00 00 00 00 … (4095 Bytes),263.16533s,Suzuki SLP1,76 24 (2 Bytes)
263.32988s,Suzuki SLP1,36 25 00 00 00 00 00 00 00 00 00 00 00 00 00 00 00 00 00 00 00 00 00 00 00 00 00 00 00 00 … (4095 Bytes),263.33569s,Suzuki SLP1,76 25 (2 Bytes)
263.49969s,Suzuki SLP1,36 26 00 00 00 00 00 00 00 00 00 00 00 00 00 00 00 00 00 00 00 00 00 00 00 00 00 00 00 00 … (4095 Bytes),263.50615s,Suzuki SLP1,76 26 (2 Bytes)
263.67295s,Suzuki SLP1,36 27 00 00 00 00 00 00 00 00 00 00 00 00 00 00 00 00 00 00 00 00 00 00 00 00 00 00 00 00 … (4095 Bytes),263.67876s,Suzuki SLP1,76 27 (2 Bytes)
263.84283s,Suzuki SLP1,36 28 00 00 00 00 00 00 00 00 00 00 00 00 00 00 00 00 00 00 00 00 00 00 00 00 00 00 00 00 … (4095 Bytes),263.84913s,Suzuki SLP1,76 28 (2 Bytes)
264.01378s,Suzuki SLP1,36 29 00 00 00 00 00 00 00 00 00 00 00 00 00 00 00 00 00 00 00 00 00 00 00 00 00 00 00 00 … (4095 Bytes),264.01960s,Suzuki SLP1,76 29 (2 Bytes)
264.18614s,Suzuki SLP1,36 2A 00 00 00 00 00 00 00 00 00 00 00 00 00 00 00 00 00 00 00 00 00 00 00 00 00 00 00 00 … (4095 Bytes),264.19278s,Suzuki SLP1,76 2A (2 Bytes)
264.35853s,Suzuki SLP1,36 2B 00 00 00 00 00 00 00 00 00 00 00 00 00 00 00 00 00 00 00 00 00 00 00 00 00 00 00 00 … (4095 Bytes),264.36427s,Suzuki SLP1,76 2B (2 Bytes)
264.52755s,Suzuki SLP1,36 2C 00 00 00 00 00 00 00 00 00 00 00 00 00 00 00 00 00 00 00 00 00 00 00 00 00 00 00 00 … (4095 Bytes),264.53553s,Suzuki SLP1,76 2C (2 Bytes)
264.69976s,Suzuki SLP1,36 2D 00 00 00 00 00 00 00 00 00 00 00 00 00 00 00 00 00 00 00 00 00 00 00 00 00 00 00 00 … (4095 Bytes),264.70628s,Suzuki SLP1,76 2D (2 Bytes)
264.87335s,Suzuki SLP1,36 2E 00 00 00 00 00 00 00 00 00 00 00 00 00 00 00 00 00 00 00 00 00 00 00 00 00 00 00 00 … (4095 Bytes),264.87921s,Suzuki SLP1,76 2E (2 Bytes)
265.04333s,Suzuki SLP1,36 2F 00 00 00 00 00 00 00 00 00 00 00 00 00 00 00 00 00 00 00 00 00 00 00 00 00 00 00 00 … (4095 Bytes),265.04947s,Suzuki SLP1,76 2F (2 Bytes)
265.21435s,Suzuki SLP1,36 30 00 00 00 00 00 00 00 00 00 00 00 00 00 00 00 00 00 00 00 00 00 00 00 00 00 00 00 00 … (4095 Bytes),265.22014s,Suzuki SLP1,76 30 (2 Bytes)
265.38664s,Suzuki SLP1,36 31 00 00 00 00 00 00 00 00 00 00 00 00 00 00 00 00 00 00 00 00 00 00 00 00 00 00 00 00 … (4095 Bytes),265.39272s,Suzuki SLP1,76 31 (2 Bytes)
265.55831s,Suzuki SLP1,36 32 00 00 00 00 00 00 00 00 00 00 00 00 00 00 00 00 00 00 00 00 00 00 00 00 00 00 00 00 … (4095 Bytes),265.56415s,Suzuki SLP1,76 32 (2 Bytes)
265.72728s,Suzuki SLP1,36 33 00 00 00 00 00 00 00 00 00 00 00 00 00 00 00 00 00 00 00 00 00 00 00 00 00 00 00 00 … (4095 Bytes),265.73565s,Suzuki SLP1,76 33 (2 Bytes)
265.89973s,Suzuki SLP1,36 34 00 00 00 00 00 00 00 00 00 00 00 00 00 00 00 00 00 00 00 00 00 00 00 00 00 00 00 00 … (4095 Bytes),265.90625s,Suzuki SLP1,76 34 (2 Bytes)
266.07320s,Suzuki SLP1,36 35 00 00 00 00 00 00 00 00 00 00 00 00 00 00 00 00 00 00 00 00 00 00 00 00 00 00 00 00 … (4095 Bytes),266.07906s,Suzuki SLP1,76 35 (2 Bytes)
266.24358s,Suzuki SLP1,36 36 00 00 00 00 00 00 00 00 00 00 00 00 00 00 00 00 00 00 00 00 00 00 00 00 00 00 00 00 … (4095 Bytes),266.24979s,Suzuki SLP1,76 36 (2 Bytes)
266.41439s,Suzuki SLP1,36 37 00 00 00 00 00 00 00 00 00 00 00 00 00 00 00 00 00 00 00 00 00 00 00 00 00 00 00 00 … (4095 Bytes),266.42015s,Suzuki SLP1,76 37 (2 Bytes)
266.58654s,Suzuki SLP1,36 38 00 00 00 00 00 00 00 00 00 00 00 00 00 00 00 00 00 00 00 00 00 00 00 00 00 00 00 00 … (4095 Bytes),266.59264s,Suzuki SLP1,76 38 (2 Bytes)
266.75821s,Suzuki SLP1,36 39 00 00 00 00 00 00 00 00 00 00 00 00 00 00 00 00 00 00 00 00 00 00 00 00 00 00 00 00 … (4095 Bytes),266.76397s,Suzuki SLP1,76 39 (2 Bytes)
266.76044s,FuncGroup-0x700,3E 80 (2 Bytes),,,
266.92748s,Suzuki SLP1,36 3A 00 00 00 00 00 00 00 00 00 00 00 00 00 00 00 00 00 00 00 00 00 00 00 00 00 00 00 00 … (4095 Bytes),266.93558s,Suzuki SLP1,76 3A (2 Bytes)
267.09964s,Suzuki SLP1,36 3B 00 00 00 00 00 00 00 00 00 00 00 00 00 00 00 00 00 00 00 00 00 00 00 00 00 00 00 00 … (4095 Bytes),267.10616s,Suzuki SLP1,76 3B (2 Bytes)
267.27338s,Suzuki SLP1,36 3C 00 00 00 00 00 00 00 00 00 00 00 00 00 00 00 00 00 00 00 00 00 00 00 00 00 00 00 00 … (4095 Bytes),267.27925s,Suzuki SLP1,76 3C (2 Bytes)
267.44336s,Suzuki SLP1,36 3D 00 00 00 00 00 00 00 00 00 00 00 00 00 00 00 00 00 00 00 00 00 00 00 00 00 00 00 00 … (4095 Bytes),267.44960s,Suzuki SLP1,76 3D (2 Bytes)
267.61426s,Suzuki SLP1,36 3E 00 00 00 00 00 00 00 00 00 00 00 00 00 00 00 00 00 00 00 00 00 00 00 00 00 00 00 00 … (4095 Bytes),267.62006s,Suzuki SLP1,76 3E (2 Bytes)
267.78646s,Suzuki SLP1,36 3F 00 00 00 00 00 00 00 00 00 00 00 00 00 00 00 00 00 00 00 00 00 00 00 00 00 00 00 00 … (4095 Bytes),267.79278s,Suzuki SLP1,76 3F (2 Bytes)
267.95833s,Suzuki SLP1,36 40 00 00 00 00 00 00 00 00 00 00 00 00 00 00 00 00 00 00 00 00 00 00 00 00 00 00 00 00 … (4095 Bytes),267.96409s,Suzuki SLP1,76 40 (2 Bytes)
268.12733s,Suzuki SLP1,36 41 00 00 00 00 00 00 00 00 00 00 00 00 00 00 00 00 00 00 00 00 00 00 00 00 00 00 00 00 … (4095 Bytes),268.13600s,Suzuki SLP1,76 41 (2 Bytes)
268.29988s,Suzuki SLP1,36 42 00 00 00 00 00 00 00 00 00 00 00 00 00 00 00 00 00 00 00 00 00 00 00 00 00 00 00 00 … (4095 Bytes),268.30647s,Suzuki SLP1,76 42 (2 Bytes)
268.47342s,Suzuki SLP1,36 43 00 00 00 00 00 00 00 00 00 00 00 00 00 00 00 00 00 00 00 00 00 00 00 00 00 00 00 00 … (4095 Bytes),268.47919s,Suzuki SLP1,76 43 (2 Bytes)
268.64328s,Suzuki SLP1,36 44 00 00 00 00 00 00 00 00 00 00 00 00 00 00 00 00 00 00 00 00 00 00 00 00 00 00 00 00 … (4095 Bytes),268.64956s,Suzuki SLP1,76 44 (2 Bytes)
268.81422s,Suzuki SLP1,36 45 00 00 00 00 00 00 00 00 00 00 00 00 00 00 00 00 00 00 00 00 00 00 00 00 00 00 00 00 … (4095 Bytes),268.82002s,Suzuki SLP1,76 45 (2 Bytes)
268.98638s,Suzuki SLP1,36 46 00 00 00 00 00 00 00 00 00 00 00 00 00 00 00 00 00 00 00 00 00 00 00 00 00 00 00 00 … (4095 Bytes),268.99266s,Suzuki SLP1,76 46 (2 Bytes)
269.15850s,Suzuki SLP1,36 47 00 00 00 00 00 00 00 00 00 00 00 00 00 00 00 00 00 00 00 00 00 00 00 00 00 00 00 00 … (4095 Bytes),269.16486s,Suzuki SLP1,76 47 (2 Bytes)
269.32932s,Suzuki SLP1,36 48 00 00 00 00 00 00 00 00 00 00 00 00 00 00 00 00 00 00 00 00 00 00 00 00 00 00 00 00 … (4095 Bytes),269.33562s,Suzuki SLP1,76 48 (2 Bytes)
269.49961s,Suzuki SLP1,36 49 00 00 00 00 00 00 00 00 00 00 00 00 00 00 00 00 00 00 00 00 00 00 00 00 00 00 00 00 … (4095 Bytes),269.50614s,Suzuki SLP1,76 49 (2 Bytes)
269.67292s,Suzuki SLP1,36 4A 00 00 00 00 00 00 00 00 00 00 00 00 00 00 00 00 00 00 00 00 00 00 00 00 00 00 00 00 … (4095 Bytes),269.67879s,Suzuki SLP1,76 4A (2 Bytes)
269.84299s,Suzuki SLP1,36 4B 00 00 00 00 00 00 00 00 00 00 00 00 00 00 00 00 00 00 00 00 00 00 00 00 00 00 00 00 … (4095 Bytes),269.84911s,Suzuki SLP1,76 4B (2 Bytes)
270.01369s,Suzuki SLP1,36 4C 00 00 00 00 00 00 00 00 00 00 00 00 00 00 00 00 00 00 00 00 00 00 00 00 00 00 00 00 … (4095 Bytes),270.01940s,Suzuki SLP1,76 4C (2 Bytes)
270.18597s,Suzuki SLP1,36 4D 00 00 00 00 00 00 00 00 00 00 00 00 00 00 00 00 00 00 00 00 00 00 00 00 00 00 00 00 … (4095 Bytes),270.19282s,Suzuki SLP1,76 4D (2 Bytes)
270.35840s,Suzuki SLP1,36 4E 00 00 00 00 00 00 00 00 00 00 00 00 00 00 00 00 00 00 00 00 00 00 00 00 00 00 00 00 … (4095 Bytes),270.36420s,Suzuki SLP1,76 4E (2 Bytes)
270.52738s,Suzuki SLP1,36 4F 00 00 00 00 00 00 00 00 00 00 00 00 00 00 00 00 00 00 00 00 00 00 00 00 00 00 00 00 … (4095 Bytes),270.53557s,Suzuki SLP1,76 4F (2 Bytes)
270.69957s,Suzuki SLP1,36 50 00 00 00 00 00 00 00 00 00 00 00 00 00 00 00 00 00 00 00 00 00 00 00 00 00 00 00 00 … (4095 Bytes),270.70618s,Suzuki SLP1,76 50 (2 Bytes)
270.87308s,Suzuki SLP1,36 51 00 00 00 00 00 00 00 00 00 00 00 00 00 00 00 00 00 00 00 00 00 00 00 00 00 00 00 00 … (4095 Bytes),270.87886s,Suzuki SLP1,76 51 (2 Bytes)
270.87531s,FuncGroup-0x700,3E 80 (2 Bytes),,,
271.04270s,Suzuki SLP1,36 52 00 00 00 00 00 00 00 00 00 00 00 00 00 00 00 00 00 00 00 00 00 00 00 00 00 00 00 00 … (4095 Bytes),271.04896s,Suzuki SLP1,76 52 (2 Bytes)
271.20700s,Suzuki SLP1,36 53 A2 FA 9C F9 90 F8 7C F7 5E F6 35 F5 FF F3 B8 F2 5D F1 E9 EF 57 EE 57 EE E9 EF 5D F1 … (4095 Bytes),271.21272s,Suzuki SLP1,76 53 (2 Bytes)
271.37829s,Suzuki SLP1,36 54 00 00 00 00 00 00 00 00 00 00 00 00 00 00 00 00 00 00 00 00 00 00 00 00 00 00 00 00 … (4095 Bytes),271.38406s,Suzuki SLP1,76 54 (2 Bytes)
271.54677s,Suzuki SLP1,36 55 00 00 00 00 00 00 00 00 00 00 00 00 00 00 00 00 00 00 00 00 00 00 00 00 00 00 00 00 … (4095 Bytes),271.55338s,Suzuki SLP1,76 55 (2 Bytes)
271.71672s,Suzuki SLP1,36 56 00 00 00 00 00 00 00 00 00 00 00 00 00 00 00 00 00 00 00 00 00 00 00 00 00 00 00 00 … (4095 Bytes),271.72248s,Suzuki SLP1,76 56 (2 Bytes)
271.88936s,Suzuki SLP1,36 57 00 00 00 00 00 00 00 00 00 00 00 00 00 00 00 00 00 00 00 00 00 00 00 00 00 00 00 00 … (4095 Bytes),271.89523s,Suzuki SLP1,76 57 (2 Bytes)
272.06172s,Suzuki SLP1,36 58 00 00 00 00 00 00 00 00 00 00 00 00 00 00 00 00 00 00 00 00 00 00 00 00 00 00 00 00 … (4095 Bytes),272.06811s,Suzuki SLP1,76 58 (2 Bytes)
272.23284s,Suzuki SLP1,36 59 00 00 00 00 00 00 00 00 00 00 00 00 00 00 00 00 00 00 00 00 00 00 00 00 00 00 00 00 … (4095 Bytes),272.23861s,Suzuki SLP1,76 59 (2 Bytes)
272.40269s,Suzuki SLP1,36 5A 00 00 00 00 00 00 00 00 00 00 00 00 00 00 00 00 00 00 00 00 00 00 00 00 00 00 00 00 … (4095 Bytes),272.40892s,Suzuki SLP1,76 5A (2 Bytes)
272.57582s,Suzuki SLP1,36 5B 00 00 00 00 00 00 00 00 00 00 00 00 00 00 00 00 00 00 00 00 00 00 00 00 00 00 00 00 … (4095 Bytes),272.58265s,Suzuki SLP1,76 5B (2 Bytes)
272.74530s,Suzuki SLP1,36 5C 00 00 00 00 00 00 00 00 00 00 00 00 00 00 00 00 00 00 00 00 00 00 00 00 00 00 00 00 … (4095 Bytes),272.75107s,Suzuki SLP1,76 5C (2 Bytes)
272.91540s,Suzuki SLP1,36 5D 00 00 00 00 00 00 00 00 00 00 00 00 00 00 00 00 00 00 00 00 00 00 00 00 00 00 00 00 … (4095 Bytes),272.92124s,Suzuki SLP1,76 5D (2 Bytes)
273.08724s,Suzuki SLP1,36 5E 00 00 00 00 00 00 00 00 00 00 00 00 00 00 00 00 00 00 00 00 00 00 00 00 00 00 00 00 … (4095 Bytes),273.09306s,Suzuki SLP1,76 5E (2 Bytes)
273.25891s,Suzuki SLP1,36 5F 00 00 00 00 00 00 00 00 00 00 00 00 00 00 00 00 00 00 00 00 00 00 00 00 00 00 00 00 … (4095 Bytes),273.26516s,Suzuki SLP1,76 5F (2 Bytes)
273.42984s,Suzuki SLP1,36 60 00 00 00 00 00 00 00 00 00 00 00 00 00 00 00 00 00 00 00 00 00 00 00 00 00 00 00 00 … (4095 Bytes),273.43567s,Suzuki SLP1,76 60 (2 Bytes)
273.59981s,Suzuki SLP1,36 61 00 00 00 00 00 00 00 00 00 00 00 00 00 00 00 00 00 00 00 00 00 00 00 00 00 00 00 00 … (4095 Bytes),273.60611s,Suzuki SLP1,76 61 (2 Bytes)
273.77297s,Suzuki SLP1,36 62 00 00 00 00 00 00 00 00 00 00 00 00 00 00 00 00 00 00 00 00 00 00 00 00 00 00 00 00 … (4095 Bytes),273.77881s,Suzuki SLP1,76 62 (2 Bytes)
273.94286s,Suzuki SLP1,36 63 00 00 00 00 00 00 00 00 00 00 00 00 00 00 00 00 00 00 00 00 00 00 00 00 00 00 00 00 … (4095 Bytes),273.94948s,Suzuki SLP1,76 63 (2 Bytes)
274.11398s,Suzuki SLP1,36 64 00 00 00 00 00 00 00 00 00 00 00 00 00 00 00 00 00 00 00 00 00 00 00 00 00 00 00 00 … (4095 Bytes),274.11978s,Suzuki SLP1,76 64 (2 Bytes)
274.28636s,Suzuki SLP1,36 65 00 00 00 00 00 00 00 00 00 00 00 00 00 00 00 00 00 00 00 00 00 00 00 00 00 00 00 00 … (4095 Bytes),274.29263s,Suzuki SLP1,76 65 (2 Bytes)
274.45820s,Suzuki SLP1,36 66 00 00 00 00 00 00 00 00 00 00 00 00 00 00 00 00 00 00 00 00 00 00 00 00 00 00 00 00 … (4095 Bytes),274.46405s,Suzuki SLP1,76 66 (2 Bytes)
274.62737s,Suzuki SLP1,36 67 00 00 00 00 00 00 00 00 00 00 00 00 00 00 00 00 00 00 00 00 00 00 00 00 00 00 00 00 … (4095 Bytes),274.63545s,Suzuki SLP1,76 67 (2 Bytes)
274.79962s,Suzuki SLP1,36 68 00 00 00 00 00 00 00 00 00 00 00 00 00 00 00 00 00 00 00 00 00 00 00 00 00 00 00 00 … (4095 Bytes),274.80594s,Suzuki SLP1,76 68 (2 Bytes)
274.97291s,Suzuki SLP1,36 69 00 00 00 00 00 00 00 00 00 00 00 00 00 00 00 00 00 00 00 00 00 00 00 00 00 00 00 00 … (4095 Bytes),274.97869s,Suzuki SLP1,76 69 (2 Bytes)
274.97514s,FuncGroup-0x700,3E 80 (2 Bytes),,,
275.14261s,Suzuki SLP1,36 6A 00 00 00 00 00 00 00 00 00 00 00 00 00 00 00 00 00 00 00 00 00 00 00 00 00 00 00 00 … (4095 Bytes),275.14911s,Suzuki SLP1,76 6A (2 Bytes)
275.31353s,Suzuki SLP1,36 6B 00 00 00 00 00 00 00 00 00 00 00 00 00 00 00 00 00 00 00 00 00 00 00 00 00 00 00 00 … (4095 Bytes),275.31929s,Suzuki SLP1,76 6B (2 Bytes)
275.48564s,Suzuki SLP1,36 6C 00 00 00 00 00 00 00 00 00 00 00 00 00 00 00 00 00 00 00 00 00 00 00 00 00 00 00 00 … (4095 Bytes),275.49147s,Suzuki SLP1,76 6C (2 Bytes)
275.65813s,Suzuki SLP1,36 6D 00 00 00 00 00 00 00 00 00 00 00 00 00 00 00 00 00 00 00 00 00 00 00 00 00 00 00 00 … (4095 Bytes),275.66399s,Suzuki SLP1,76 6D (2 Bytes)
275.82728s,Suzuki SLP1,36 6E 00 00 00 00 00 00 00 00 00 00 00 00 00 00 00 00 00 00 00 00 00 00 00 00 00 00 00 00 … (4095 Bytes),275.83554s,Suzuki SLP1,76 6E (2 Bytes)
275.99968s,Suzuki SLP1,36 6F 00 00 00 00 00 00 00 00 00 00 00 00 00 00 00 00 00 00 00 00 00 00 00 00 00 00 00 00 … (4095 Bytes),276.00589s,Suzuki SLP1,76 6F (2 Bytes)
276.17316s,Suzuki SLP1,36 70 00 00 00 00 00 00 00 00 00 00 00 00 00 00 00 00 00 00 00 00 00 00 00 00 00 00 00 00 … (4095 Bytes),276.17901s,Suzuki SLP1,76 70 (2 Bytes)
276.34290s,Suzuki SLP1,36 71 00 00 00 00 00 00 00 00 00 00 00 00 00 00 00 00 00 00 00 00 00 00 00 00 00 00 00 00 … (4095 Bytes),276.34947s,Suzuki SLP1,76 71 (2 Bytes)
276.51408s,Suzuki SLP1,36 72 00 00 00 00 00 00 00 00 00 00 00 00 00 00 00 00 00 00 00 00 00 00 00 00 00 00 00 00 … (4095 Bytes),276.52002s,Suzuki SLP1,76 72 (2 Bytes)
276.68639s,Suzuki SLP1,36 73 00 00 00 00 00 00 00 00 00 00 00 00 00 00 00 00 00 00 00 00 00 00 00 00 00 00 00 00 … (4095 Bytes),276.69265s,Suzuki SLP1,76 73 (2 Bytes)
276.85830s,Suzuki SLP1,36 74 00 00 00 00 00 00 00 00 00 00 00 00 00 00 00 00 00 00 00 00 00 00 00 00 00 00 00 00 … (4095 Bytes),276.86416s,Suzuki SLP1,76 74 (2 Bytes)
277.02761s,Suzuki SLP1,36 75 00 00 00 00 00 00 00 00 00 00 00 00 00 00 00 00 00 00 00 00 00 00 00 00 00 00 00 00 … (4095 Bytes),277.03544s,Suzuki SLP1,76 75 (2 Bytes)
277.20035s,Suzuki SLP1,36 76 00 00 00 00 00 00 00 00 00 00 00 00 00 00 00 00 00 00 00 00 00 00 00 00 00 00 00 00 … (4095 Bytes),277.20668s,Suzuki SLP1,76 76 (2 Bytes)
277.37350s,Suzuki SLP1,36 77 00 00 00 00 00 00 00 00 00 00 00 00 00 00 00 00 00 00 00 00 00 00 00 00 00 00 00 00 … (4095 Bytes),277.37935s,Suzuki SLP1,76 77 (2 Bytes)
277.54327s,Suzuki SLP1,36 78 00 00 00 00 00 00 00 00 00 00 00 00 00 00 00 00 00 00 00 00 00 00 00 00 00 00 00 00 … (4095 Bytes),277.54987s,Suzuki SLP1,76 78 (2 Bytes)
277.71433s,Suzuki SLP1,36 79 00 00 00 00 00 00 00 00 00 00 00 00 00 00 00 00 00 00 00 00 00 00 00 00 00 00 00 00 … (4095 Bytes),277.72011s,Suzuki SLP1,76 79 (2 Bytes)
277.88647s,Suzuki SLP1,36 7A 00 00 00 00 00 00 00 00 00 00 00 00 00 00 00 00 00 00 00 00 00 00 00 00 00 00 00 00 … (4095 Bytes),277.89279s,Suzuki SLP1,76 7A (2 Bytes)
278.05835s,Suzuki SLP1,36 7B 00 00 00 00 00 00 00 00 00 00 00 00 00 00 00 00 00 00 00 00 00 00 00 00 00 00 00 00 … (4095 Bytes),278.06420s,Suzuki SLP1,76 7B (2 Bytes)
278.22901s,Suzuki SLP1,36 7C 00 00 00 00 00 00 00 00 00 00 00 00 00 00 00 00 00 00 00 00 00 00 00 00 00 00 00 00 … (4095 Bytes),278.23538s,Suzuki SLP1,76 7C (2 Bytes)
278.39945s,Suzuki SLP1,36 7D 00 00 00 00 00 00 00 00 00 00 00 00 00 00 00 00 00 00 00 00 00 00 00 00 00 00 00 00 … (4095 Bytes),278.40562s,Suzuki SLP1,76 7D (2 Bytes)
278.57251s,Suzuki SLP1,36 7E 00 00 00 00 00 00 00 00 00 00 00 00 00 00 00 00 00 00 00 00 00 00 00 00 00 00 00 00 … (4095 Bytes),278.57832s,Suzuki SLP1,76 7E (2 Bytes)
278.74238s,Suzuki SLP1,36 7F 00 00 00 00 00 00 00 00 00 00 00 00 00 00 00 00 00 00 00 00 00 00 00 00 00 00 00 00 … (4095 Bytes),278.74904s,Suzuki SLP1,76 7F (2 Bytes)
278.91348s,Suzuki SLP1,36 80 00 00 00 00 00 00 00 00 00 00 00 00 00 00 00 00 00 00 00 00 00 00 00 00 00 00 00 00 … (4095 Bytes),278.91929s,Suzuki SLP1,76 80 (2 Bytes)
279.08562s,Suzuki SLP1,36 81 00 00 00 00 00 00 00 00 00 00 00 00 00 00 00 00 00 00 00 00 00 00 00 00 00 00 00 00 … (4095 Bytes),279.09140s,Suzuki SLP1,76 81 (2 Bytes)
279.08835s,FuncGroup-0x700,3E 80 (2 Bytes),,,
279.25816s,Suzuki SLP1,36 82 00 00 00 00 00 00 00 00 00 00 00 00 00 00 00 00 00 00 00 00 00 00 00 00 00 00 00 00 … (4095 Bytes),279.26404s,Suzuki SLP1,76 82 (2 Bytes)
279.42744s,Suzuki SLP1,36 83 00 00 00 00 00 00 00 00 00 00 00 00 00 00 00 00 00 00 00 00 00 00 00 00 00 00 00 00 … (4095 Bytes),279.43551s,Suzuki SLP1,76 83 (2 Bytes)
279.59967s,Suzuki SLP1,36 84 00 00 00 00 00 00 00 00 00 00 00 00 00 00 00 00 00 00 00 00 00 00 00 00 00 00 00 00 … (4095 Bytes),279.60591s,Suzuki SLP1,76 84 (2 Bytes)
279.77282s,Suzuki SLP1,36 85 00 00 00 00 00 00 00 00 00 00 00 00 00 00 00 00 00 00 00 00 00 00 00 00 00 00 00 00 … (4095 Bytes),279.77867s,Suzuki SLP1,76 85 (2 Bytes)
279.94277s,Suzuki SLP1,36 86 00 00 00 00 00 00 00 00 00 00 00 00 00 00 00 00 00 00 00 00 00 00 00 00 00 00 00 00 … (4095 Bytes),279.94923s,Suzuki SLP1,76 86 (2 Bytes)
280.11383s,Suzuki SLP1,36 87 00 00 00 00 00 00 00 00 00 00 00 00 00 00 00 00 00 00 00 00 00 00 00 00 00 00 00 00 … (4095 Bytes),280.11965s,Suzuki SLP1,76 87 (2 Bytes)
280.28642s,Suzuki SLP1,36 88 00 00 00 00 00 00 00 00 00 00 00 00 00 00 00 00 00 00 00 00 00 00 00 00 00 00 00 00 … (4095 Bytes),280.29260s,Suzuki SLP1,76 88 (2 Bytes)
280.45819s,Suzuki SLP1,36 89 00 00 00 00 00 00 00 00 00 00 00 00 00 00 00 00 00 00 00 00 00 00 00 00 00 00 00 00 … (4095 Bytes),280.46409s,Suzuki SLP1,76 89 (2 Bytes)
280.62755s,Suzuki SLP1,36 8A 00 00 00 00 00 00 00 00 00 00 00 00 00 00 00 00 00 00 00 00 00 00 00 00 00 00 00 00 … (4095 Bytes),280.63542s,Suzuki SLP1,76 8A (2 Bytes)
280.79952s,Suzuki SLP1,36 8B 00 00 00 00 00 00 00 00 00 00 00 00 00 00 00 00 00 00 00 00 00 00 00 00 00 00 00 00 … (4095 Bytes),280.80569s,Suzuki SLP1,76 8B (2 Bytes)
280.97249s,Suzuki SLP1,36 8C 00 00 00 00 00 00 00 00 00 00 00 00 00 00 00 00 00 00 00 00 00 00 00 00 00 00 00 00 … (4095 Bytes),280.97834s,Suzuki SLP1,76 8C (2 Bytes)
281.14240s,Suzuki SLP1,36 8D 00 00 00 00 00 00 00 00 00 00 00 00 00 00 00 00 00 00 00 00 00 00 00 00 00 00 00 00 … (4095 Bytes),281.14896s,Suzuki SLP1,76 8D (2 Bytes)
281.31354s,Suzuki SLP1,36 8E 00 00 00 00 00 00 00 00 00 00 00 00 00 00 00 00 00 00 00 00 00 00 00 00 00 00 00 00 … (4095 Bytes),281.31933s,Suzuki SLP1,76 8E (2 Bytes)
281.48568s,Suzuki SLP1,36 8F 00 00 00 00 00 00 00 00 00 00 00 00 00 00 00 00 00 00 00 00 00 00 00 00 00 00 00 00 … (4095 Bytes),281.49273s,Suzuki SLP1,76 8F (2 Bytes)
281.65831s,Suzuki SLP1,36 90 00 00 00 00 00 00 00 00 00 00 00 00 00 00 00 00 00 00 00 00 00 00 00 00 00 00 00 00 … (4095 Bytes),281.66468s,Suzuki SLP1,76 90 (2 Bytes)
281.82935s,Suzuki SLP1,36 91 00 00 00 00 00 00 00 00 00 00 00 00 00 00 00 00 00 00 00 00 00 00 00 00 00 00 00 00 … (4095 Bytes),281.83555s,Suzuki SLP1,76 91 (2 Bytes)
281.99962s,Suzuki SLP1,36 92 00 00 00 00 00 00 00 00 00 00 00 00 00 00 00 00 00 00 00 00 00 00 00 00 00 00 00 00 … (4095 Bytes),282.00583s,Suzuki SLP1,76 92 (2 Bytes)
282.17300s,Suzuki SLP1,36 93 00 00 00 00 00 00 00 00 00 00 00 00 00 00 00 00 00 00 00 00 00 00 00 00 00 00 00 00 … (4095 Bytes),282.17558s,Suzuki SLP1,76 93 (2 Bytes)
282.33947s,Suzuki SLP1,36 94 FF FF FF FF FF FF FF FF FF FF FF FF FF FF FF FF FF FF FF FF FF FF FF FF FF FF FF FF … (4095 Bytes),282.34497s,Suzuki SLP1,76 94 (2 Bytes)
282.50810s,Suzuki SLP1,36 95 FF FF FF FF FF FF FF FF FF FF FF FF FF FF FF FF FF FF FF FF FF FF FF FF FF FF FF FF … (4095 Bytes),282.51056s,Suzuki SLP1,76 95 (2 Bytes)
282.67713s,Suzuki SLP1,36 96 FF FF FF FF FF FF FF FF FF FF FF FF FF FF FF FF FF FF FF FF FF FF FF FF FF FF FF FF … (4095 Bytes),282.67959s,Suzuki SLP1,76 96 (2 Bytes)
282.84363s,Suzuki SLP1,36 97 FF FF FF FF FF FF FF FF FF FF FF FF FF FF FF FF FF FF FF FF FF FF FF FF FF FF FF FF … (4095 Bytes),282.84884s,Suzuki SLP1,76 97 (2 Bytes)
283.01339s,Suzuki SLP1,36 98 FF FF FF FF FF FF FF FF FF FF FF FF FF FF FF FF FF FF FF FF FF FF FF FF FF FF FF FF … (4095 Bytes),283.01585s,Suzuki SLP1,76 98 (2 Bytes)
283.18238s,Suzuki SLP1,36 99 FF FF FF FF FF FF FF FF FF FF FF FF FF FF FF FF FF FF FF FF FF FF FF FF FF FF FF FF … (4095 Bytes),283.18562s,Suzuki SLP1,76 99 (2 Bytes)
283.18511s,FuncGroup-0x700,3E 80 (2 Bytes),,,
283.35245s,Suzuki SLP1,36 9A FF FF FF FF FF FF FF FF FF FF FF FF FF FF FF FF FF FF FF FF FF FF FF FF FF FF FF FF … (4095 Bytes),283.35490s,Suzuki SLP1,76 9A (2 Bytes)
283.51804s,Suzuki SLP1,36 9B FF FF FF FF FF FF FF FF FF FF FF FF FF FF FF FF FF FF FF FF FF FF FF FF FF FF FF FF … (4095 Bytes),283.52050s,Suzuki SLP1,76 9B (2 Bytes)
283.68670s,Suzuki SLP1,36 9C FF FF FF FF FF FF FF FF FF FF FF FF FF FF FF FF FF FF FF FF FF FF FF FF FF FF FF FF … (4095 Bytes),283.68966s,Suzuki SLP1,76 9C (2 Bytes)
283.85653s,Suzuki SLP1,36 9D FF FF FF FF FF FF FF FF FF FF FF FF FF FF FF FF FF FF FF FF FF FF FF FF FF FF FF FF … (4095 Bytes),283.85899s,Suzuki SLP1,76 9D (2 Bytes)
284.02298s,Suzuki SLP1,36 9E FF FF FF FF FF FF FF FF FF FF FF FF FF FF FF FF FF FF FF FF FF FF FF FF FF FF FF FF … (4095 Bytes),284.02624s,Suzuki SLP1,76 9E (2 Bytes)
284.19339s,Suzuki SLP1,36 9F FF FF FF FF FF FF FF FF FF FF FF FF FF FF FF FF FF FF FF FF FF FF FF FF FF FF FF FF … (4095 Bytes),284.19635s,Suzuki SLP1,76 9F (2 Bytes)
284.36265s,Suzuki SLP1,36 A0 FF FF FF FF FF FF FF FF FF FF FF FF FF FF FF FF FF FF FF FF FF FF FF FF FF FF FF FF … (4095 Bytes),284.36558s,Suzuki SLP1,76 A0 (2 Bytes)
284.52996s,Suzuki SLP1,36 A1 FF FF FF FF FF FF FF FF FF FF FF FF FF FF FF FF FF FF FF FF FF FF FF FF FF FF FF FF … (4095 Bytes),284.53556s,Suzuki SLP1,76 A1 (2 Bytes)
284.69951s,Suzuki SLP1,36 A2 FF FF FF FF FF FF FF FF FF FF FF FF FF FF FF FF FF FF FF FF FF FF FF FF FF FF FF FF … (4095 Bytes),284.70216s,Suzuki SLP1,76 A2 (2 Bytes)
284.86776s,Suzuki SLP1,36 A3 FF FF FF FF FF FF FF FF FF FF FF FF FF FF FF FF FF FF FF FF FF FF FF FF FF FF FF FF … (4095 Bytes),284.87022s,Suzuki SLP1,76 A3 (2 Bytes)
285.03481s,Suzuki SLP1,36 A4 FF FF FF FF FF FF FF FF FF FF FF FF FF FF FF FF FF FF FF FF FF FF FF FF FF FF FF FF … (4095 Bytes),285.04002s,Suzuki SLP1,76 A4 (2 Bytes)
285.20433s,Suzuki SLP1,36 A5 FF FF FF FF FF FF FF FF FF FF FF FF FF FF FF FF FF FF FF FF FF FF FF FF FF FF FF FF … (4095 Bytes),285.20679s,Suzuki SLP1,76 A5 (2 Bytes)
285.37365s,Suzuki SLP1,36 A6 FF FF FF FF FF FF FF FF FF FF FF FF FF FF FF FF FF FF FF FF FF FF FF FF FF FF FF FF … (4095 Bytes),285.37611s,Suzuki SLP1,76 A6 (2 Bytes)
285.53996s,Suzuki SLP1,36 A7 FF FF FF FF FF FF FF FF FF FF FF FF FF FF FF FF FF FF FF FF FF FF FF FF FF FF FF FF … (4095 Bytes),285.54532s,Suzuki SLP1,76 A7 (2 Bytes)
285.70978s,Suzuki SLP1,36 A8 FF FF FF FF FF FF FF FF FF FF FF FF FF FF FF FF FF FF FF FF FF FF FF FF FF FF FF FF … (4095 Bytes),285.71276s,Suzuki SLP1,76 A8 (2 Bytes)
285.87826s,Suzuki SLP1,36 A9 FF FF FF FF FF FF FF FF FF FF FF FF FF FF FF FF FF FF FF FF FF FF FF FF FF FF FF FF … (4095 Bytes),285.88072s,Suzuki SLP1,76 A9 (2 Bytes)
286.04472s,Suzuki SLP1,36 AA FF FF FF FF FF FF FF FF FF FF FF FF FF FF FF FF FF FF FF FF FF FF FF FF FF FF FF FF … (4095 Bytes),286.04994s,Suzuki SLP1,76 AA (2 Bytes)
286.21473s,Suzuki SLP1,36 AB FF FF FF FF FF FF FF FF FF FF FF FF FF FF FF FF FF FF FF FF FF FF FF FF FF FF FF FF … (4095 Bytes),286.21718s,Suzuki SLP1,76 AB (2 Bytes)
286.38349s,Suzuki SLP1,36 AC FF FF FF FF FF FF FF FF FF FF FF FF FF FF FF FF FF FF FF FF FF FF FF FF FF FF FF FF … (4095 Bytes),286.38645s,Suzuki SLP1,76 AC (2 Bytes)
286.55319s,Suzuki SLP1,36 AD FF FF FF FF FF FF FF FF FF FF FF FF FF FF FF FF FF FF FF FF FF FF FF FF FF FF FF FF … (4095 Bytes),286.55564s,Suzuki SLP1,76 AD (2 Bytes)
286.71928s,Suzuki SLP1,36 AE FF FF FF FF FF FF FF FF FF FF FF FF FF FF FF FF FF FF FF FF FF FF FF FF FF FF FF FF … (4095 Bytes),286.72218s,Suzuki SLP1,76 AE (2 Bytes)
286.88900s,Suzuki SLP1,36 AF FF FF FF FF FF FF FF FF FF FF FF FF FF FF FF FF FF FF FF FF FF FF FF FF FF FF FF FF … (4095 Bytes),286.89143s,Suzuki SLP1,76 AF (2 Bytes)
287.05799s,Suzuki SLP1,36 B0 FF FF FF FF FF FF FF FF FF FF FF FF FF FF FF FF FF FF FF FF FF FF FF FF FF FF FF FF … (4095 Bytes),287.06045s,Suzuki SLP1,76 B0 (2 Bytes)
287.22465s,Suzuki SLP1,36 B1 FF FF FF FF FF FF FF FF FF FF FF FF FF FF FF FF FF FF FF FF FF FF FF FF FF FF FF FF … (4095 Bytes),287.22735s,Suzuki SLP1,76 B1 (2 Bytes)
287.22688s,FuncGroup-0x700,3E 80 (2 Bytes),,,
287.39406s,Suzuki SLP1,36 B2 FF FF FF FF FF FF FF FF FF FF FF FF FF FF FF FF FF FF FF FF FF FF FF FF FF FF FF FF … (4095 Bytes),287.39701s,Suzuki SLP1,76 B2 (2 Bytes)
287.56347s,Suzuki SLP1,36 B3 FF FF FF FF FF FF FF FF FF FF FF FF FF FF FF FF FF FF FF FF FF FF FF FF FF FF FF FF … (4095 Bytes),287.56672s,Suzuki SLP1,76 B3 (2 Bytes)
287.73109s,Suzuki SLP1,36 B4 FF FF FF FF FF FF FF FF FF FF FF FF FF FF FF FF FF FF FF FF FF FF FF FF FF FF FF FF … (4095 Bytes),287.73646s,Suzuki SLP1,76 B4 (2 Bytes)
287.90045s,Suzuki SLP1,36 B5 FF FF FF FF FF FF FF FF FF FF FF FF FF FF FF FF FF FF FF FF FF FF FF FF FF FF FF FF … (4095 Bytes),287.90290s,Suzuki SLP1,76 B5 (2 Bytes)
288.06975s,Suzuki SLP1,36 B6 FF FF FF FF FF FF FF FF FF FF FF FF FF FF FF FF FF FF FF FF FF FF FF FF FF FF FF FF … (4095 Bytes),288.07260s,Suzuki SLP1,76 B6 (2 Bytes)
288.23609s,Suzuki SLP1,36 B7 FF FF FF FF FF FF FF FF FF FF FF FF FF FF FF FF FF FF FF FF FF FF FF FF FF FF FF FF … (4095 Bytes),288.24131s,Suzuki SLP1,76 B7 (2 Bytes)
288.40507s,Suzuki SLP1,36 B8 FF FF FF FF FF FF FF FF FF FF FF FF FF FF FF FF FF FF FF FF FF FF FF FF FF FF FF FF … (4095 Bytes),288.40753s,Suzuki SLP1,76 B8 (2 Bytes)
288.57441s,Suzuki SLP1,36 B9 FF FF FF FF FF FF FF FF FF FF FF FF FF FF FF FF FF FF FF FF FF FF FF FF FF FF FF FF … (4095 Bytes),288.57686s,Suzuki SLP1,76 B9 (2 Bytes)
288.74072s,Suzuki SLP1,36 BA FF FF FF FF FF FF FF FF FF FF FF FF FF FF FF FF FF FF FF FF FF FF FF FF FF FF FF FF … (4095 Bytes),288.74610s,Suzuki SLP1,76 BA (2 Bytes)
288.91047s,Suzuki SLP1,36 BB FF FF FF FF FF FF FF FF FF FF FF FF FF FF FF FF FF FF FF FF FF FF FF FF FF FF FF FF … (4095 Bytes),288.91292s,Suzuki SLP1,76 BB (2 Bytes)
289.07838s,Suzuki SLP1,36 BC FF FF FF FF FF FF FF FF FF FF FF FF FF FF FF FF FF FF FF FF FF FF FF FF FF FF FF FF … (4095 Bytes),289.08084s,Suzuki SLP1,76 BC (2 Bytes)
289.24510s,Suzuki SLP1,36 BD FF FF FF FF FF FF FF FF FF FF FF FF FF FF FF FF FF FF FF FF FF FF FF FF FF FF FF FF … (4095 Bytes),289.25032s,Suzuki SLP1,76 BD (2 Bytes)
289.41482s,Suzuki SLP1,36 BE FF FF FF FF FF FF FF FF FF FF FF FF FF FF FF FF FF FF FF FF FF FF FF FF FF FF FF FF … (4095 Bytes),289.41727s,Suzuki SLP1,76 BE (2 Bytes)
289.58361s,Suzuki SLP1,36 BF FF FF FF FF FF FF FF FF FF FF FF FF FF FF FF FF FF FF FF FF FF FF FF FF FF FF FF FF … (4095 Bytes),289.58656s,Suzuki SLP1,76 BF (2 Bytes)
289.75310s,Suzuki SLP1,36 C0 FF FF FF FF FF FF FF FF FF FF FF FF FF FF FF FF FF FF FF FF FF FF FF FF FF FF FF FF … (4095 Bytes),289.75555s,Suzuki SLP1,76 C0 (2 Bytes)
289.91942s,Suzuki SLP1,36 C1 FF FF FF FF FF FF FF FF FF FF FF FF FF FF FF FF FF FF FF FF FF FF FF FF FF FF FF FF … (4095 Bytes),289.92208s,Suzuki SLP1,76 C1 (2 Bytes)
290.08892s,Suzuki SLP1,36 C2 FF FF FF FF FF FF FF FF FF FF FF FF FF FF FF FF FF FF FF FF FF FF FF FF FF FF FF FF … (4095 Bytes),290.09135s,Suzuki SLP1,76 C2 (2 Bytes)
290.25821s,Suzuki SLP1,36 C3 FF FF FF FF FF FF FF FF FF FF FF FF FF FF FF FF FF FF FF FF FF FF FF FF FF FF FF FF … (4095 Bytes),290.26066s,Suzuki SLP1,76 C3 (2 Bytes)
290.42435s,Suzuki SLP1,36 C4 FF FF FF FF FF FF FF FF FF FF FF FF FF FF FF FF FF FF FF FF FF FF FF FF FF FF FF FF … (4095 Bytes),290.42680s,Suzuki SLP1,76 C4 (2 Bytes)
290.59360s,Suzuki SLP1,36 C5 FF FF FF FF FF FF FF FF FF FF FF FF FF FF FF FF FF FF FF FF FF FF FF FF FF FF FF FF … (4095 Bytes),290.59655s,Suzuki SLP1,76 C5 (2 Bytes)
290.76274s,Suzuki SLP1,36 C6 FF FF FF FF FF FF FF FF FF FF FF FF FF FF FF FF FF FF FF FF FF FF FF FF FF FF FF FF … (4095 Bytes),290.76567s,Suzuki SLP1,76 C6 (2 Bytes)
290.93002s,Suzuki SLP1,36 C7 FF FF FF FF FF FF FF FF FF FF FF FF FF FF FF FF FF FF FF FF FF FF FF FF FF FF FF FF … (4095 Bytes),290.93560s,Suzuki SLP1,76 C7 (2 Bytes)
291.09952s,Suzuki SLP1,36 C8 FF FF FF FF FF FF FF FF FF FF FF FF FF FF FF FF FF FF FF FF FF FF FF FF FF FF FF FF … (4095 Bytes),291.10222s,Suzuki SLP1,76 C8 (2 Bytes)
291.26806s,Suzuki SLP1,36 C9 FF FF FF FF FF FF FF FF FF FF FF FF FF FF FF FF FF FF FF FF FF FF FF FF FF FF FF FF … (4095 Bytes),291.27077s,Suzuki SLP1,76 C9 (2 Bytes)
291.27029s,FuncGroup-0x700,3E 80 (2 Bytes),,,
291.43501s,Suzuki SLP1,36 CA FF FF FF FF FF FF FF FF FF FF FF FF FF FF FF FF FF FF FF FF FF FF FF FF FF FF FF FF … (4095 Bytes),291.44023s,Suzuki SLP1,76 CA (2 Bytes)
291.60440s,Suzuki SLP1,36 CB FF FF FF FF FF FF FF FF FF FF FF FF FF FF FF FF FF FF FF FF FF FF FF FF FF FF FF FF … (4095 Bytes),291.60686s,Suzuki SLP1,76 CB (2 Bytes)
291.77370s,Suzuki SLP1,36 CC FF FF FF FF FF FF FF FF FF FF FF FF FF FF FF FF FF FF FF FF FF FF FF FF FF FF FF FF … (4095 Bytes),291.77616s,Suzuki SLP1,76 CC (2 Bytes)
291.94005s,Suzuki SLP1,36 CD FF FF FF FF FF FF FF FF FF FF FF FF FF FF FF FF FF FF FF FF FF FF FF FF FF FF FF FF … (4095 Bytes),291.94542s,Suzuki SLP1,76 CD (2 Bytes)
292.10955s,Suzuki SLP1,36 CE FF FF FF FF FF FF FF FF FF FF FF FF FF FF FF FF FF FF FF FF FF FF FF FF FF FF FF FF … (4095 Bytes),292.11261s,Suzuki SLP1,76 CE (2 Bytes)
292.27836s,Suzuki SLP1,36 CF FF FF FF FF FF FF FF FF FF FF FF FF FF FF FF FF FF FF FF FF FF FF FF FF FF FF FF FF … (4095 Bytes),292.28082s,Suzuki SLP1,76 CF (2 Bytes)
292.44477s,Suzuki SLP1,36 D0 FF FF FF FF FF FF FF FF FF FF FF FF FF FF FF FF FF FF FF FF FF FF FF FF FF FF FF FF … (4095 Bytes),292.44999s,Suzuki SLP1,76 D0 (2 Bytes)
292.61460s,Suzuki SLP1,36 D1 FF FF FF FF FF FF FF FF FF FF FF FF FF FF FF FF FF FF FF FF FF FF FF FF FF FF FF FF … (4095 Bytes),292.61705s,Suzuki SLP1,76 D1 (2 Bytes)
292.78330s,Suzuki SLP1,36 D2 FF FF FF FF FF FF FF FF FF FF FF FF FF FF FF FF FF FF FF FF FF FF FF FF FF FF FF FF … (4095 Bytes),292.78651s,Suzuki SLP1,76 D2 (2 Bytes)
292.95321s,Suzuki SLP1,36 D3 FF FF FF FF FF FF FF FF FF FF FF FF FF FF FF FF FF FF FF FF FF FF FF FF FF FF FF FF … (4095 Bytes),292.95567s,Suzuki SLP1,76 D3 (2 Bytes)
293.11955s,Suzuki SLP1,36 D4 FF FF FF FF FF FF FF FF FF FF FF FF FF FF FF FF FF FF FF FF FF FF FF FF FF FF FF FF … (4095 Bytes),293.12224s,Suzuki SLP1,76 D4 (2 Bytes)
293.28930s,Suzuki SLP1,36 D5 FF FF FF FF FF FF FF FF FF FF FF FF FF FF FF FF FF FF FF FF FF FF FF FF FF FF FF FF … (4095 Bytes),293.29278s,Suzuki SLP1,76 D5 (2 Bytes)
293.45849s,Suzuki SLP1,36 D6 FF FF FF FF FF FF FF FF FF FF FF FF FF FF FF FF FF FF FF FF FF FF FF FF FF FF FF FF … (4095 Bytes),293.46094s,Suzuki SLP1,76 D6 (2 Bytes)
293.62504s,Suzuki SLP1,36 D7 FF FF FF FF FF FF FF FF FF FF FF FF FF FF FF FF FF FF FF FF FF FF FF FF FF FF FF FF … (4095 Bytes),293.62749s,Suzuki SLP1,76 D7 (2 Bytes)
293.79430s,Suzuki SLP1,36 D8 FF FF FF FF FF FF FF FF FF FF FF FF FF FF FF FF FF FF FF FF FF FF FF FF FF FF FF FF … (4095 Bytes),293.79726s,Suzuki SLP1,76 D8 (2 Bytes)
293.96348s,Suzuki SLP1,36 D9 FF FF FF FF FF FF FF FF FF FF FF FF FF FF FF FF FF FF FF FF FF FF FF FF FF FF FF FF … (4095 Bytes),293.96641s,Suzuki SLP1,76 D9 (2 Bytes)
294.13072s,Suzuki SLP1,36 DA FF FF FF FF FF FF FF FF FF FF FF FF FF FF FF FF FF FF FF FF FF FF FF FF FF FF FF FF … (4095 Bytes),294.13634s,Suzuki SLP1,76 DA (2 Bytes)
294.30005s,Suzuki SLP1,36 DB FF FF FF FF FF FF FF FF FF FF FF FF FF FF FF FF FF FF FF FF FF FF FF FF FF FF FF FF … (4095 Bytes),294.30251s,Suzuki SLP1,76 DB (2 Bytes)
294.46794s,Suzuki SLP1,36 DC FF FF FF FF FF FF FF FF FF FF FF FF FF FF FF FF FF FF FF FF FF FF FF FF FF FF FF FF … (4095 Bytes),294.47039s,Suzuki SLP1,76 DC (2 Bytes)
294.63474s,Suzuki SLP1,36 DD FF FF FF FF FF FF FF FF FF FF FF FF FF FF FF FF FF FF FF FF FF FF FF FF FF FF FF FF … (4095 Bytes),294.63996s,Suzuki SLP1,76 DD (2 Bytes)
294.80407s,Suzuki SLP1,36 DE FF FF FF FF FF FF FF FF FF FF FF FF FF FF FF FF FF FF FF FF FF FF FF FF FF FF FF FF … (4095 Bytes),294.80668s,Suzuki SLP1,76 DE (2 Bytes)
294.97342s,Suzuki SLP1,36 DF FF FF FF FF FF FF FF FF FF FF FF FF FF FF FF FF FF FF FF FF FF FF FF FF FF FF FF FF … (4095 Bytes),294.97588s,Suzuki SLP1,76 DF (2 Bytes)
295.13973s,Suzuki SLP1,36 E0 FF FF FF FF FF FF FF FF FF FF FF FF FF FF FF FF FF FF FF FF FF FF FF FF FF FF FF FF … (4095 Bytes),295.14535s,Suzuki SLP1,76 E0 (2 Bytes)
295.30967s,Suzuki SLP1,36 E1 FF FF FF FF FF FF FF FF FF FF FF FF FF FF FF FF FF FF FF FF FF FF FF FF FF FF FF FF … (4095 Bytes),295.31253s,Suzuki SLP1,76 E1 (2 Bytes)
295.31066s,FuncGroup-0x700,3E 80 (2 Bytes),,,
295.47784s,Suzuki SLP1,36 E2 FF FF FF FF FF FF FF FF FF FF FF FF FF FF FF FF FF FF FF FF FF FF FF FF FF FF FF FF … (4095 Bytes),295.48029s,Suzuki SLP1,76 E2 (2 Bytes)
295.64414s,Suzuki SLP1,36 E3 FF FF FF FF FF FF FF FF FF FF FF FF FF FF FF FF FF FF FF FF FF FF FF FF FF FF FF FF … (4095 Bytes),295.64935s,Suzuki SLP1,76 E3 (2 Bytes)
295.81384s,Suzuki SLP1,36 E4 FF FF FF FF FF FF FF FF FF FF FF FF FF FF FF FF FF FF FF FF FF FF FF FF FF FF FF FF … (4095 Bytes),295.81629s,Suzuki SLP1,76 E4 (2 Bytes)
295.98254s,Suzuki SLP1,36 E5 FF FF FF FF FF FF FF FF FF FF FF FF FF FF FF FF FF FF FF FF FF FF FF FF FF FF FF FF … (4095 Bytes),295.98549s,Suzuki SLP1,76 E5 (2 Bytes)
296.15259s,Suzuki SLP1,36 E6 FF FF FF FF FF FF FF FF FF FF FF FF FF FF FF FF FF FF FF FF FF FF FF FF FF FF FF FF … (4095 Bytes),296.15505s,Suzuki SLP1,76 E6 (2 Bytes)
296.31810s,Suzuki SLP1,36 E7 FF FF FF FF FF FF FF FF FF FF FF FF FF FF FF FF FF FF FF FF FF FF FF FF FF FF FF FF … (4095 Bytes),296.32055s,Suzuki SLP1,76 E7 (2 Bytes)
296.48663s,Suzuki SLP1,36 E8 FF FF FF FF FF FF FF FF FF FF FF FF FF FF FF FF FF FF FF FF FF FF FF FF FF FF FF FF … (4095 Bytes),296.48959s,Suzuki SLP1,76 E8 (2 Bytes)
296.65620s,Suzuki SLP1,36 E9 FF FF FF FF FF FF FF FF FF FF FF FF FF FF FF FF FF FF FF FF FF FF FF FF FF FF FF FF … (4095 Bytes),296.65865s,Suzuki SLP1,76 E9 (2 Bytes)
296.82248s,Suzuki SLP1,36 EA FF FF FF FF FF FF FF FF FF FF FF FF FF FF FF FF FF FF FF FF FF FF FF FF FF FF FF FF … (4095 Bytes),296.82541s,Suzuki SLP1,76 EA (2 Bytes)
296.99224s,Suzuki SLP1,36 EB FF FF FF FF FF FF FF FF FF FF FF FF FF FF FF FF FF FF FF FF FF FF FF FF FF FF FF FF … (4095 Bytes),296.99520s,Suzuki SLP1,76 EB (2 Bytes)
297.16095s,Suzuki SLP1,36 EC FF FF FF FF FF FF FF FF FF FF FF FF FF FF FF FF FF FF FF FF FF FF FF FF FF FF FF FF … (4095 Bytes),297.16474s,Suzuki SLP1,76 EC (2 Bytes)
297.32761s,Suzuki SLP1,36 ED FF FF FF FF FF FF FF FF FF FF FF FF FF FF FF FF FF FF FF FF FF FF FF FF FF FF FF FF … (4095 Bytes),297.33006s,Suzuki SLP1,76 ED (2 Bytes)
297.49691s,Suzuki SLP1,36 EE FF FF FF FF FF FF FF FF FF FF FF FF FF FF FF FF FF FF FF FF FF FF FF FF FF FF FF FF … (4095 Bytes),297.49986s,Suzuki SLP1,76 EE (2 Bytes)
297.66603s,Suzuki SLP1,36 EF FF FF FF FF FF FF FF FF FF FF FF FF FF FF FF FF FF FF FF FF FF FF FF FF FF FF FF FF … (4095 Bytes),297.66848s,Suzuki SLP1,76 EF (2 Bytes)
297.83285s,Suzuki SLP1,36 F0 FF FF FF FF FF FF FF FF FF FF FF FF FF FF FF FF FF FF FF FF FF FF FF FF FF FF FF FF … (4095 Bytes),297.83807s,Suzuki SLP1,76 F0 (2 Bytes)
298.00217s,Suzuki SLP1,36 F1 FF FF FF FF FF FF FF FF FF FF FF FF FF FF FF FF FF FF FF FF FF FF FF FF FF FF FF FF … (4095 Bytes),298.00542s,Suzuki SLP1,76 F1 (2 Bytes)
298.17239s,Suzuki SLP1,36 F2 FF FF FF FF FF FF FF FF FF FF FF FF FF FF FF FF FF FF FF FF FF FF FF FF FF FF FF FF … (4095 Bytes),298.17484s,Suzuki SLP1,76 F2 (2 Bytes)
298.33791s,Suzuki SLP1,36 F3 FF FF FF FF FF FF FF FF FF FF FF FF FF FF FF FF FF FF FF FF FF FF FF FF FF FF FF FF … (4095 Bytes),298.34442s,Suzuki SLP1,76 F3 (2 Bytes)
298.50517s,Suzuki SLP1,36 F4 FF FF FF FF FF FF FF FF FF FF FF FF FF FF FF FF FF FF FF FF FF FF FF FF FF FF FF FF … (4095 Bytes),298.51061s,Suzuki SLP1,76 F4 (2 Bytes)
298.67721s,Suzuki SLP1,36 F5 00 00 00 00 00 00 00 00 00 00 00 00 00 00 00 00 00 00 00 00 00 00 00 00 00 00 00 00 … (4095 Bytes),298.68309s,Suzuki SLP1,76 F5 (2 Bytes)
298.84598s,Suzuki SLP1,36 F6 00 00 00 00 00 00 00 00 00 00 00 00 00 00 00 00 00 00 00 00 00 00 00 00 00 00 00 00 … (4095 Bytes),298.85269s,Suzuki SLP1,76 F6 (2 Bytes)
299.01603s,Suzuki SLP1,36 F7 00 00 00 00 00 00 00 00 00 00 00 00 00 00 00 00 00 00 00 00 00 00 00 00 00 00 00 00 … (4095 Bytes),299.02221s,Suzuki SLP1,76 F7 (2 Bytes)
299.18940s,Suzuki SLP1,36 F8 00 00 00 00 00 00 00 00 00 00 00 00 00 00 00 00 00 00 00 00 00 00 00 00 00 00 00 00 … (4095 Bytes),299.19525s,Suzuki SLP1,76 F8 (2 Bytes)
299.36089s,Suzuki SLP1,36 F9 00 00 00 00 00 00 00 00 00 00 00 00 00 00 00 00 00 00 00 00 00 00 00 00 00 00 00 00 … (4095 Bytes),299.36718s,Suzuki SLP1,76 F9 (2 Bytes)
299.36386s,FuncGroup-0x700,3E 80 (2 Bytes),,,
299.53153s,Suzuki SLP1,36 FA 00 00 00 00 00 00 00 00 00 00 00 00 00 00 00 00 00 00 00 00 00 00 00 00 00 00 00 00 … (4095 Bytes),299.53738s,Suzuki SLP1,76 FA (2 Bytes)
299.70128s,Suzuki SLP1,36 FB 00 00 00 00 00 00 00 00 00 00 00 00 00 00 00 00 00 00 00 00 00 00 00 00 00 00 00 00 … (4095 Bytes),299.70753s,Suzuki SLP1,76 FB (2 Bytes)
299.87444s,Suzuki SLP1,36 FC 00 00 00 00 00 00 00 00 00 00 00 00 00 00 00 00 00 00 00 00 00 00 00 00 00 00 00 00 … (4095 Bytes),299.88024s,Suzuki SLP1,76 FC (2 Bytes)
300.04425s,Suzuki SLP1,36 FD 00 00 00 00 00 00 00 00 00 00 00 00 00 00 00 00 00 00 00 00 00 00 00 00 00 00 00 00 … (4095 Bytes),300.05030s,Suzuki SLP1,76 FD (2 Bytes)
300.21503s,Suzuki SLP1,36 FE 00 00 00 00 00 00 00 00 00 00 00 00 00 00 00 00 00 00 00 00 00 00 00 00 00 00 00 00 … (4095 Bytes),300.22084s,Suzuki SLP1,76 FE (2 Bytes)
300.38705s,Suzuki SLP1,36 FF 00 00 00 00 00 00 00 00 00 00 00 00 00 00 00 00 00 00 00 00 00 00 00 00 00 00 00 00 … (4095 Bytes),300.39289s,Suzuki SLP1,76 FF (2 Bytes)
300.55853s,Suzuki SLP1,36 00 00 00 00 00 00 00 00 00 00 00 00 00 00 00 00 00 00 00 00 00 00 00 00 00 00 00 00 00 … (4095 Bytes),300.56477s,Suzuki SLP1,76 00 (2 Bytes)
300.72942s,Suzuki SLP1,36 01 00 00 00 00 00 00 00 00 00 00 00 00 00 00 00 00 00 00 00 00 00 00 00 00 00 00 00 00 … (4095 Bytes),300.73559s,Suzuki SLP1,76 01 (2 Bytes)
300.89962s,Suzuki SLP1,36 02 00 00 00 00 00 00 00 00 00 00 00 00 00 00 00 00 00 00 00 00 00 00 00 00 00 00 00 00 … (4095 Bytes),300.90596s,Suzuki SLP1,76 02 (2 Bytes)
301.07293s,Suzuki SLP1,36 03 00 00 00 00 00 00 00 00 00 00 00 00 00 00 00 00 00 00 00 00 00 00 00 00 00 00 00 00 … (4095 Bytes),301.07870s,Suzuki SLP1,76 03 (2 Bytes)
301.24306s,Suzuki SLP1,36 04 00 00 00 00 00 00 00 00 00 00 00 00 00 00 00 00 00 00 00 00 00 00 00 00 00 00 00 00 … (4095 Bytes),301.24966s,Suzuki SLP1,76 04 (2 Bytes)
301.41432s,Suzuki SLP1,36 05 00 00 00 00 00 00 00 00 00 00 00 00 00 00 00 00 00 00 00 00 00 00 00 00 00 00 00 00 … (4095 Bytes),301.42022s,Suzuki SLP1,76 05 (2 Bytes)
301.58649s,Suzuki SLP1,36 06 00 00 00 00 00 00 00 00 00 00 00 00 00 00 00 00 00 00 00 00 00 00 00 00 00 00 00 00 … (4095 Bytes),301.59258s,Suzuki SLP1,76 06 (2 Bytes)
301.75826s,Suzuki SLP1,36 07 00 00 00 00 00 00 00 00 00 00 00 00 00 00 00 00 00 00 00 00 00 00 00 00 00 00 00 00 … (4095 Bytes),301.76454s,Suzuki SLP1,76 07 (2 Bytes)
301.77991s,Suzuki SLP1,36 08 00 00 00 00 00 00 00 00 00 00 00 00 00 00 00 00 00 00 00 00 00 00 00 00 00 00 00 00 … (407 Bytes),301.78285s,Suzuki SLP1,76 08 (2 Bytes)
301.78422s,Suzuki SLP1,37 (1 Bytes),301.78705s,Suzuki SLP1,77 (1 Bytes)
301.79066s,Suzuki SLP1,31 01 FF 01 00 (5 Bytes),301.79600s,Suzuki SLP1,71 01 FF 01 (4 Bytes)
301.79949s,Suzuki SLP1,11 01 (2 Bytes),301.79975s,Suzuki SLP1,51 01 (2 Bytes)
302.80614s,FuncGroup-0x700,10 01 (2 Bytes),302.81270s,Suzuki_SLP1,50 01 00 32 01 F4 (6 Bytes)
